category,material,material_cost,labour_cost,size,weight,market_min,market_avg,market_max,demand_score,price
Cane Furniture,Bamboo,910,1180,47.88,3.02,1811.6,2319,2468.62,0.89,4726.32
Embroidered Cloth,Cotton,819,393,50.78,1.14,1294.62,1365,1643.97,0.69,2824.54
Terracotta,Jute,524,1132,26.99,0.33,2385.02,2897,3372.16,0.83,4203.18
Terracotta,Wood,696,70,29.78,0.16,707.34,750,939.07,0.44,1522.86
Handloom Saree,Clay,1413,141,29.21,0.7,2480.43,2706,2958.58,0.51,3785.38
Embroidered Cloth,Silk,1179,752,51.33,2.3,326.07,351,421.02,0.94,3207.39
Metal Craft,Cane,1325,1066,57.86,4.24,3192.95,3970,4991.02,0.49,5842.67
Terracotta,Jute,570,697,5.3,4.1,2489.43,2790,3480.65,0.68,3410.8
Handmade Jewellery,Cane,1067,90,55.32,4.27,758.23,929,990.21,0.45,2527.63
Metal Craft,Silk,1010,662,58.44,4.26,1015.74,1178,1463.95,0.6,3284.12
Terracotta,Beads,941,913,40.0,1.64,217.83,245,265.78,0.68,2881.79
Cane Furniture,Wood,1159,627,39.34,1.55,2966.98,3210,4015.45,0.35,4408.13
Handmade Jewellery,Cane,1421,239,11.05,1.22,2585.5,2830,3580.47,0.21,3591.24
Handloom Saree,Jute,1307,733,18.43,0.92,3323.68,3893,4771.86,0.49,5072.84
Jute Bag,Beads,613,1186,13.14,4.99,739.38,848,996.97,0.24,3180.93
Wooden Craft,Clay,1126,779,59.21,1.29,754.68,985,1125.28,0.39,3406.24
Embroidered Cloth,Brass,933,247,26.94,4.1,2146.84,2341,2645.79,0.35,3122.59
Bamboo Basket,Wood,1419,196,24.18,0.57,566.66,638,731.58,0.95,2754.58
Jute Bag,Terracotta,522,200,34.78,3.51,363.38,412,516.77,0.64,1450.6
Handloom Saree,Cotton,1233,1064,23.65,1.81,2769.95,3013,3808.68,0.52,4999.72
Jute Bag,Brass,677,636,56.46,3.95,220.44,253,266.23,0.28,2298.68
Embroidered Cloth,Wood,1006,210,5.99,2.52,867.82,965,1169.97,0.88,2335.69
Jute Bag,Jute,737,509,32.98,3.22,954.56,1195,1545.44,0.51,2679.97
Pottery,Cotton,847,333,41.79,4.33,2877.58,3217,3603.66,0.22,3701.83
Jute Bag,Jute,1245,207,57.47,4.58,2065.35,2296,2957.86,0.46,3762.18
Jute Bag,Bamboo,240,302,26.18,4.27,2945.21,3477,3974.81,0.52,3125.08
Embroidered Cloth,Beads,1396,735,10.34,3.11,2507.1,3051,3397.41,0.44,4772.76
Terracotta,Silk,1249,1112,21.15,4.07,1634.53,2040,2453.87,0.27,4469.93
Cane Furniture,Terracotta,85,734,15.69,0.45,417.32,549,698.14,0.22,1451.51
Embroidered Cloth,Wood,624,1198,51.14,4.32,1895.19,2502,3141.64,0.49,4452.24
Handloom Saree,Jute,313,1126,19.93,4.83,978.78,1276,1356.29,0.63,3228.97
Bamboo Basket,Clay,685,1179,22.76,4.0,819.97,980,1211.29,0.4,3407.73
Handmade Jewellery,Cotton,840,1062,8.2,4.58,3177.79,3972,4715.98,0.77,4999.45
Cane Furniture,Cotton,839,910,28.08,1.31,1429.78,1829,1975.4,0.47,3689.34
Handloom Saree,Jute,143,1007,43.7,2.42,2179.96,2415,3022.92,0.48,3464.35
Handmade Jewellery,Beads,1173,851,19.35,0.17,3300.43,3880,4904.8,0.73,5051.64
Bamboo Basket,Brass,385,307,6.46,2.97,3364.06,3696,4506.5,0.66,3259.71
Handloom Saree,Wood,1490,1116,15.77,0.44,1469.3,1780,1886.34,0.69,4664.67
Cane Furniture,Jute,139,825,26.2,3.44,2938.6,3219,3606.77,0.29,3454.51
Metal Craft,Bamboo,778,1070,20.51,0.97,2292.27,2654,3168.83,0.79,4388.28
Bamboo Basket,Clay,1058,145,23.74,4.66,148.38,186,226.91,0.79,2026.72
Jute Bag,Bamboo,778,446,54.25,2.01,513.23,545,687.67,0.48,2201.66
Bamboo Basket,Wood,1440,193,29.66,1.54,2793.96,3246,3580.93,0.96,4272.26
Handloom Saree,Beads,1259,984,59.78,0.37,3138.8,3384,3850.07,0.29,5169.04
Terracotta,Beads,1003,541,52.68,4.21,1199.09,1347,1438.85,0.86,3287.49
Handloom Saree,Silk,388,549,18.02,4.55,1327.6,1474,1686.35,0.27,2348.67
Embroidered Cloth,Cane,140,763,54.85,0.64,2940.3,3672,4227.58,0.66,3763.63
Terracotta,Cane,1074,436,37.09,4.81,1153.32,1364,1460.47,0.62,3220.08
Handloom Saree,Silk,107,734,58.34,0.31,1002.98,1322,1693.69,0.94,2477.68
Terracotta,Clay,96,705,45.54,4.58,1412.94,1503,1912.67,0.56,2314.48
Handloom Saree,Brass,1195,725,30.5,1.83,2730.03,3399,3875.15,0.41,4628.8
Terracotta,Jute,510,781,19.9,0.75,3445.86,3768,4851.11,0.78,4131.94
Terracotta,Clay,59,873,53.22,2.8,889.71,1178,1347.77,0.85,2344.27
Embroidered Cloth,Jute,154,1172,12.36,0.17,2787.29,3020,3784.74,1.0,3956.16
Embroidered Cloth,Wood,1096,1046,44.94,3.81,185.48,232,269.73,0.3,3337.61
Jute Bag,Jute,537,83,24.7,0.66,1997.49,2351,2748.44,0.87,2496.39
Pottery,Jute,1127,285,35.85,4.4,1734.25,1998,2337.68,0.54,3368.37
Wooden Craft,Cane,1495,813,58.93,3.08,2578.58,2995,3212.89,0.78,5298.25
Terracotta,Silk,1033,1069,21.39,2.67,2141.1,2278,2475.66,0.94,4339.05
Metal Craft,Cotton,595,102,24.11,1.12,153.22,192,205.24,0.3,1203.19
Cane Furniture,Silk,949,409,43.31,2.12,1720.84,2037,2478.8,0.34,3164.29
Embroidered Cloth,Cotton,887,694,30.34,1.11,2127.88,2743,3106.52,0.46,3811.9
Handmade Jewellery,Terracotta,96,1194,42.83,2.61,239.15,256,272.71,0.42,2344.47
Bamboo Basket,Brass,775,575,39.0,1.91,3073.03,3437,3662.42,0.32,4023.87
Wooden Craft,Cane,1076,968,33.14,2.71,2933.99,3495,4135.12,0.39,4880.39
Handmade Jewellery,Cane,1346,135,23.01,0.69,1917.13,2342,2736.61,0.48,3300.27
Terracotta,Clay,160,277,34.54,2.98,3466.63,3997,4760.89,0.5,3206.52
Pottery,Brass,364,926,23.17,4.68,1240.27,1610,1752.03,0.4,2942.33
Bamboo Basket,Brass,872,808,7.84,0.19,357.77,378,407.49,0.52,2574.54
Metal Craft,Silk,996,623,56.12,2.83,1322.93,1565,1971.35,0.36,3442.77
Handmade Jewellery,Silk,885,773,32.92,1.29,631.14,708,879.3,0.27,2883.81
Wooden Craft,Jute,951,739,29.98,2.79,1728.19,1823,2061.06,0.85,3670.88
Jute Bag,Cotton,378,834,11.42,2.42,3138.86,3771,4288.45,0.94,4133.06
Terracotta,Clay,637,562,45.76,2.91,1817.14,2005,2520.26,0.8,3133.52
Wooden Craft,Cotton,1238,54,17.96,3.21,2277.11,2771,3517.23,0.51,3433.31
Wooden Craft,Silk,1096,624,32.65,1.24,1157.96,1398,1653.78,0.25,3354.12
Metal Craft,Wood,1112,247,56.69,3.18,2139.88,2751,3434.64,0.7,3841.1
Bamboo Basket,Silk,1170,1070,18.67,3.75,1128.63,1427,1753.09,0.6,4098.77
Handmade Jewellery,Jute,1191,855,34.51,1.96,1589.77,2050,2356.11,0.84,4217.34
Pottery,Wood,804,843,18.85,1.79,150.69,160,181.7,0.38,2463.8
Cane Furniture,Beads,351,412,13.43,2.97,2429.85,3155,3514.68,0.78,3043.07
Bamboo Basket,Cotton,937,176,13.39,2.92,2748.86,3599,3848.52,0.28,3625.14
Terracotta,Silk,828,863,17.97,0.91,2028.0,2617,3350.31,0.9,4249.1
Handloom Saree,Terracotta,1382,251,49.16,0.12,839.32,1086,1252.84,0.89,3185.06
Embroidered Cloth,Clay,1283,524,45.56,2.32,823.15,1088,1390.67,0.4,3199.93
Handloom Saree,Brass,1234,226,47.93,1.46,2154.75,2863,3481.08,0.34,3786.67
Bamboo Basket,Terracotta,738,197,27.8,0.52,1474.64,1874,2108.06,0.45,2378.54
Metal Craft,Wood,1391,81,30.75,3.16,1393.28,1650,1965.5,0.25,2884.59
Wooden Craft,Clay,243,551,29.24,2.06,1671.58,1851,1991.2,0.47,2410.79
Handmade Jewellery,Beads,211,136,58.84,4.21,3185.01,3612,3817.07,0.38,2880.05
Metal Craft,Cane,492,377,10.73,4.02,2574.72,2776,3301.16,0.78,3145.97
Bamboo Basket,Bamboo,214,231,16.27,1.54,838.75,1093,1320.68,0.79,1565.8
Handloom Saree,Wood,1454,964,37.07,2.16,618.0,663,799.7,0.47,3838.07
Cane Furniture,Bamboo,310,854,27.52,2.81,3178.87,3447,3808.51,0.98,4040.12
Metal Craft,Jute,763,681,59.2,2.41,739.01,885,934.22,0.41,2987.79
Cane Furniture,Terracotta,1351,543,59.14,2.68,2957.85,3330,4065.25,0.86,4895.12
Handloom Saree,Beads,1429,90,20.07,2.82,2866.19,3374,4150.19,0.29,3970.27
Embroidered Cloth,Brass,659,317,39.82,2.52,2894.73,3103,3583.01,0.51,3296.79
Handmade Jewellery,Clay,1069,868,9.97,3.88,147.36,178,199.75,0.48,2853.46
Wooden Craft,Silk,147,104,41.5,4.69,1918.74,2266,2532.2,0.63,2132.77
Wooden Craft,Wood,1317,1007,57.54,0.86,2168.23,2398,2581.81,0.26,4701.78
Metal Craft,Beads,74,1112,9.18,0.48,228.46,257,287.34,0.67,2182.7
Wooden Craft,Cotton,1117,866,12.53,4.76,1314.33,1670,1979.74,0.9,4031.0
Cane Furniture,Cotton,423,1025,51.71,1.32,1109.72,1262,1543.8,0.24,3019.63
Handmade Jewellery,Beads,1089,760,59.96,2.82,3085.75,3307,3500.41,0.76,4817.66
Pottery,Cane,643,1039,8.02,2.33,1479.91,1616,1711.75,0.68,3423.52
Wooden Craft,Clay,180,854,34.16,2.26,2426.57,3180,3589.66,0.63,3500.22
Pottery,Jute,65,542,38.87,1.24,387.5,460,596.89,0.2,1423.12
Pottery,Wood,1112,863,24.29,3.86,474.21,626,732.39,0.66,3281.3
Terracotta,Cane,389,438,45.27,0.12,2996.37,3650,4094.61,0.44,3300.37
Handloom Saree,Terracotta,481,754,55.07,0.32,453.12,548,668.51,0.37,2285.67
Metal Craft,Brass,60,1135,38.74,0.92,2106.64,2761,3176.24,0.87,3555.49
Embroidered Cloth,Cotton,1316,1180,14.71,1.18,2777.29,2950,3706.83,0.84,5160.1
Terracotta,Wood,1093,468,46.7,3.51,2242.85,2413,2813.18,0.7,3878.4
Terracotta,Terracotta,629,1001,19.61,0.73,2936.85,3870,4888.0,0.23,4521.99
Pottery,Brass,1197,1024,5.28,3.51,1145.54,1349,1443.78,0.38,3877.43
Handloom Saree,Jute,1187,1113,53.56,2.63,2115.33,2312,2628.63,0.74,4685.08
Embroidered Cloth,Brass,1220,385,41.21,4.27,2965.65,3792,4298.24,0.39,4575.45
Handloom Saree,Beads,405,240,43.44,1.03,2157.99,2330,2954.35,0.22,2376.86
Handloom Saree,Cane,131,405,35.59,3.81,1274.92,1697,1903.63,0.69,2121.45
Jute Bag,Terracotta,66,409,19.29,3.21,2789.64,3053,3303.69,0.43,2615.86
Pottery,Cotton,1038,327,56.55,3.47,1329.34,1415,1544.61,0.82,3065.15
Jute Bag,Beads,935,754,8.19,0.47,2224.81,2407,3113.15,0.98,3840.41
Cane Furniture,Jute,928,128,50.03,1.34,1809.27,2156,2411.28,1.0,3088.05
Jute Bag,Wood,446,88,33.99,4.15,991.1,1248,1336.1,0.74,1727.62
Jute Bag,Brass,1038,70,55.02,4.3,193.28,233,260.62,0.99,2217.22
Jute Bag,Beads,983,1058,40.84,1.91,1219.18,1444,1712.31,0.33,3800.69
Pottery,Bamboo,248,436,48.82,1.54,1596.5,1709,2057.91,0.84,2250.42
Terracotta,Cane,1346,570,16.03,2.51,2532.47,2923,3265.72,0.84,4430.71
Metal Craft,Cotton,323,387,31.4,3.04,1513.36,1717,2127.82,0.96,2228.96
Terracotta,Brass,828,263,46.2,0.82,2638.32,2785,3023.46,0.6,3440.15
Handmade Jewellery,Brass,291,51,34.38,4.42,1588.19,2099,2245.18,0.52,2063.19
Pottery,Silk,920,139,42.92,4.02,2419.53,3191,3885.35,0.96,3796.41
Terracotta,Clay,765,1157,23.67,4.09,1944.29,2204,2618.9,0.68,4299.29
Embroidered Cloth,Beads,944,564,7.24,0.9,124.91,163,173.61,0.4,2147.58
Cane Furniture,Cotton,744,337,32.4,2.82,2739.71,3111,3525.01,0.63,3460.84
Wooden Craft,Beads,804,84,17.13,2.15,1106.12,1380,1608.6,0.89,2346.89
Bamboo Basket,Cotton,565,781,25.41,4.94,2016.99,2349,2768.29,0.67,3587.7
Handmade Jewellery,Cotton,915,627,37.87,3.99,357.58,444,531.95,0.93,2838.48
Metal Craft,Cotton,960,916,47.68,2.09,492.78,627,695.58,0.98,3262.95
Cane Furniture,Cotton,886,1054,29.04,0.58,444.7,530,624.71,0.49,3058.98
Terracotta,Terracotta,77,115,52.19,0.14,1467.41,1622,1756.17,0.98,1680.01
Handmade Jewellery,Wood,679,319,23.2,2.3,2784.88,3041,3520.63,0.4,3357.92
Embroidered Cloth,Bamboo,1357,1194,38.3,1.85,2893.87,3425,4319.07,0.84,5772.4
Embroidered Cloth,Bamboo,383,1018,34.21,4.69,2628.73,2994,3311.89,0.34,4045.2
Bamboo Basket,Cotton,291,175,57.35,3.23,1176.06,1358,1512.21,0.62,1912.81
Cane Furniture,Silk,200,433,12.3,0.8,1674.8,2119,2581.7,0.98,2405.84
Embroidered Cloth,Cotton,135,360,58.82,1.93,3087.7,3635,4378.22,0.9,3172.13
Metal Craft,Jute,637,1036,56.2,3.48,2608.63,2998,3853.09,0.86,4532.9
Pottery,Clay,753,624,58.74,2.09,753.71,837,897.78,0.43,2837.04
Bamboo Basket,Clay,1454,1175,22.99,3.37,3418.76,3675,4665.31,0.45,5770.54
Embroidered Cloth,Cane,774,1138,25.16,2.04,880.61,1066,1265.48,0.68,3577.66
Jute Bag,Wood,151,916,14.26,3.25,936.24,1111,1272.04,0.89,2287.72
Handloom Saree,Beads,714,61,13.19,2.68,2717.52,3172,3812.67,0.81,3269.14
Embroidered Cloth,Clay,413,940,33.67,4.13,2116.26,2816,3412.62,0.92,3902.83
Bamboo Basket,Cotton,190,519,15.7,0.92,891.91,1113,1247.92,0.45,1790.67
Wooden Craft,Brass,1217,155,38.57,3.61,2319.93,2786,3010.19,0.34,3540.99
Cane Furniture,Brass,1314,494,19.11,4.82,1247.04,1625,2037.65,0.5,3618.48
Handmade Jewellery,Cane,1191,775,37.64,3.99,1706.02,1956,2254.79,0.87,4139.4
Handmade Jewellery,Cotton,99,713,50.24,2.18,3121.45,3423,4250.22,0.32,3416.02
Cane Furniture,Clay,630,736,17.94,4.36,652.13,822,882.77,0.22,2614.38
Handmade Jewellery,Terracotta,639,1150,37.7,2.53,739.71,919,1102.12,0.74,3480.41
Handmade Jewellery,Silk,686,508,59.52,0.73,3266.66,3752,4255.92,0.92,4106.04
Handloom Saree,Jute,122,697,25.18,1.78,2441.38,3196,3770.53,0.25,3177.09
Handloom Saree,Cotton,825,116,34.31,1.69,2742.47,3480,3699.53,0.5,3281.88
Embroidered Cloth,Beads,502,336,46.52,0.94,2165.68,2815,3272.7,0.8,3046.76
Jute Bag,Brass,1029,564,55.99,1.25,469.58,497,524.34,0.79,2781.08
Handloom Saree,Bamboo,455,1027,48.33,4.34,1063.48,1162,1447.28,0.77,3240.66
Bamboo Basket,Jute,163,798,24.81,0.53,1723.27,2160,2543.25,0.86,2894.95
Pottery,Cane,311,455,32.33,4.96,2751.31,3322,3904.31,0.52,3253.84
Embroidered Cloth,Clay,1231,183,12.77,1.14,2870.89,3747,4311.84,0.34,3954.07
Bamboo Basket,Clay,315,842,31.36,1.64,206.77,244,293.18,0.81,2221.74
Bamboo Basket,Wood,532,951,13.05,1.9,3055.32,3613,4250.79,0.39,4218.44
Bamboo Basket,Clay,1038,496,40.25,1.16,350.82,403,459.9,0.51,2478.69
Handloom Saree,Wood,827,394,8.2,4.97,1246.18,1426,1603.31,0.54,2633.37
Cane Furniture,Jute,1333,834,17.8,1.18,3010.99,3442,4067.62,0.54,5058.3
Handloom Saree,Bamboo,817,532,25.23,2.13,1334.36,1699,1948.36,0.97,3100.58
Handloom Saree,Silk,791,710,46.82,0.77,1394.57,1596,1804.88,0.87,3296.19
Handloom Saree,Cotton,387,222,7.34,1.92,555.3,646,751.68,0.88,1487.69
Bamboo Basket,Clay,673,643,31.18,1.94,1483.36,1609,1847.29,0.96,3014.5
Jute Bag,Terracotta,241,66,41.23,4.72,2806.53,3351,3731.9,0.87,2954.0
Pottery,Brass,775,249,17.48,4.46,931.12,1005,1081.81,0.99,2300.21
Cane Furniture,Cotton,1081,894,7.09,3.76,2756.49,3606,3850.54,0.21,4663.56
Bamboo Basket,Wood,1464,548,15.19,0.95,1233.13,1434,1803.45,0.25,3469.23
Handmade Jewellery,Silk,1041,417,58.23,1.55,3173.52,3989,5161.76,0.73,4553.88
Terracotta,Beads,168,239,54.27,1.68,3150.98,3897,5046.59,0.68,3142.06
Handloom Saree,Clay,572,571,23.6,4.65,1830.23,2380,2722.72,0.64,3136.87
Bamboo Basket,Bamboo,1245,735,5.7,4.96,2117.69,2319,2934.33,0.88,4241.21
Terracotta,Clay,198,1071,30.33,4.23,3085.26,3581,3921.73,0.24,4106.32
Terracotta,Silk,909,819,12.25,3.66,407.39,432,506.35,0.32,2693.07
Embroidered Cloth,Cotton,1426,745,38.66,0.62,152.7,172,218.15,0.71,3253.12
Handmade Jewellery,Beads,178,564,59.55,0.59,1293.57,1397,1696.5,0.45,2206.17
Handloom Saree,Cane,972,1139,24.55,3.94,2305.48,2697,3403.65,0.87,4817.4
Bamboo Basket,Wood,1064,1143,53.22,4.98,1926.26,2329,2820.05,0.82,4859.68
Embroidered Cloth,Wood,1227,871,43.26,0.12,1750.85,2235,2448.06,0.51,4389.81
Wooden Craft,Brass,385,747,35.88,2.85,2510.61,2963,3555.13,0.68,3555.45
Wooden Craft,Jute,1392,260,8.22,1.74,653.96,691,761.8,0.86,2634.08
Cane Furniture,Jute,1256,530,9.87,1.18,2694.41,2960,3675.28,0.79,4274.65
Embroidered Cloth,Jute,450,247,39.99,3.95,1916.31,2160,2803.21,0.8,2618.64
Handmade Jewellery,Clay,1022,303,37.26,3.52,1858.36,2050,2181.27,0.88,3220.71
Handmade Jewellery,Wood,630,98,28.93,4.69,1982.9,2553,2732.09,0.78,2566.92
Terracotta,Bamboo,858,735,38.56,0.76,3517.55,3764,4396.41,0.21,4395.37
Metal Craft,Beads,463,952,18.58,4.54,738.02,781,892.53,0.54,2653.47
Terracotta,Bamboo,645,299,35.91,1.8,698.23,839,953.81,0.92,2207.9
Pottery,Brass,1276,993,56.53,0.36,2440.38,2689,3243.22,0.6,4810.81
Jute Bag,Wood,420,902,38.47,1.81,433.03,574,706.02,0.53,2511.87
Terracotta,Cane,647,1064,34.98,4.9,665.7,722,888.57,0.25,3064.59
Embroidered Cloth,Silk,659,891,14.12,4.73,2643.8,3333,3580.94,0.89,4490.92
Wooden Craft,Cane,1159,637,8.43,2.61,1748.32,2129,2756.02,0.84,3690.39
Handloom Saree,Bamboo,1227,432,46.71,3.8,1445.9,1828,2320.57,0.9,3693.86
Terracotta,Brass,107,1099,35.69,2.81,1629.11,1933,2469.03,0.63,3059.85
Bamboo Basket,Cane,650,428,25.92,3.9,359.84,456,500.09,0.28,1945.84
Terracotta,Bamboo,534,1145,48.89,2.04,1967.52,2117,2498.16,0.56,3750.52
Wooden Craft,Wood,332,89,32.89,3.03,915.89,1164,1482.35,0.72,1621.17
Handloom Saree,Bamboo,1039,1015,58.23,4.3,2591.91,2846,3347.75,0.97,4938.74
Handloom Saree,Clay,1333,973,53.51,2.19,307.28,396,483.8,0.27,3593.87
Bamboo Basket,Terracotta,979,1071,45.23,1.02,2992.78,3698,4731.78,0.29,5072.15
Terracotta,Cotton,1299,1031,50.55,1.74,906.72,1135,1223.8,0.27,4076.67
Jute Bag,Cotton,595,90,45.68,1.04,1098.53,1248,1504.13,0.48,1901.14
Wooden Craft,Jute,773,942,42.19,1.69,814.58,1085,1324.15,0.33,3291.01
Bamboo Basket,Jute,1017,904,9.24,1.77,503.85,591,665.66,0.37,3095.2
Jute Bag,Cane,442,894,54.44,3.29,702.9,795,946.14,0.29,2642.32
Metal Craft,Silk,191,661,25.99,0.73,1731.9,1832,1974.31,0.54,2437.65
Terracotta,Wood,996,948,46.47,4.04,1068.44,1129,1360.82,0.65,3708.06
Cane Furniture,Terracotta,836,992,29.74,1.17,1381.6,1610,1729.36,0.39,3584.03
Terracotta,Cotton,1050,383,45.88,0.34,200.82,217,275.44,0.46,2274.99
Embroidered Cloth,Terracotta,1200,744,34.22,4.21,1989.98,2629,3143.5,1.0,4534.12
Handloom Saree,Bamboo,1062,1108,50.61,4.41,2481.02,3286,4020.79,0.27,5171.3
Embroidered Cloth,Terracotta,708,75,14.07,0.94,2392.19,2730,3270.33,0.76,2805.82
Bamboo Basket,Silk,125,628,40.87,4.76,1127.51,1335,1730.11,0.42,2048.52
Embroidered Cloth,Silk,263,622,30.99,0.32,3086.58,3869,4516.71,0.56,3811.37
Wooden Craft,Bamboo,702,750,5.3,0.14,1249.41,1363,1718.72,0.43,2789.65
Cane Furniture,Cotton,753,367,26.82,0.32,2015.45,2430,2604.41,0.69,3089.35
Cane Furniture,Cane,1114,446,42.15,0.32,819.77,1056,1181.33,0.52,2865.3
Wooden Craft,Brass,505,1006,44.27,3.08,2801.14,3461,4255.67,0.96,4541.25
Cane Furniture,Cane,899,1039,49.02,3.35,2076.42,2682,3097.0,0.8,4607.06
Jute Bag,Beads,704,90,56.79,3.38,223.34,254,323.09,0.68,1569.7
Terracotta,Terracotta,820,1157,40.08,3.73,1357.13,1778,2104.25,0.31,3970.96
Jute Bag,Terracotta,317,468,29.69,0.51,1629.79,2148,2321.45,0.65,2659.77
Terracotta,Silk,326,1180,28.65,3.4,449.86,524,663.09,0.67,2679.6
Pottery,Wood,244,896,46.76,0.58,2855.79,3296,3766.65,0.68,3860.73
Cane Furniture,Clay,489,982,40.52,0.32,804.43,982,1069.02,0.22,2852.44
Pottery,Wood,1056,175,37.78,0.6,631.59,725,827.33,0.37,2239.95
Bamboo Basket,Jute,886,975,6.51,2.58,1765.7,2272,2442.0,0.37,3945.12
Handmade Jewellery,Wood,311,174,30.22,1.52,2459.65,2682,3064.45,0.5,2206.31
Pottery,Terracotta,418,846,20.86,4.81,1265.1,1673,2162.66,0.82,2978.73
Handloom Saree,Cotton,354,723,14.26,1.31,2128.74,2540,2858.98,0.41,2962.8
Cane Furniture,Bamboo,1458,532,13.28,4.1,950.76,1145,1486.74,0.9,3554.79
Metal Craft,Silk,811,836,16.07,2.04,1341.19,1457,1788.79,0.93,3399.0
Pottery,Silk,1213,295,12.19,3.97,475.97,625,762.62,0.57,2511.54
Handmade Jewellery,Silk,932,196,33.21,0.56,2783.81,3017,3611.9,0.5,3323.18
Metal Craft,Cane,448,764,55.53,1.88,3402.6,3686,4774.05,0.53,4031.42
Wooden Craft,Bamboo,952,414,31.21,4.98,1853.56,2013,2334.65,0.88,3378.55
Cane Furniture,Clay,529,71,42.82,3.64,3239.57,3787,4575.21,0.72,3400.79
Pottery,Terracotta,745,106,48.64,4.95,3179.34,3591,4514.31,0.44,3545.0
Handloom Saree,Brass,697,237,41.22,3.85,3468.36,3897,4193.57,0.52,3820.66
Pottery,Bamboo,463,1148,24.19,0.64,291.64,337,412.64,0.2,2488.33
Pottery,Beads,1453,371,9.01,2.07,1828.45,2308,2921.58,0.52,3876.15
Cane Furniture,Brass,1100,782,37.08,4.23,2730.88,3110,4026.66,0.68,4747.98
Embroidered Cloth,Jute,232,1096,52.68,2.32,3241.71,3705,3956.73,0.75,4250.11
Pottery,Bamboo,102,457,20.95,2.86,1912.96,2457,3056.11,0.42,2252.42
Pottery,Brass,403,1148,19.94,2.07,1210.54,1614,1900.94,0.24,3199.19
Embroidered Cloth,Silk,258,1161,51.16,0.12,2365.86,2522,2700.25,0.94,3812.48
Terracotta,Clay,477,661,54.9,4.72,1170.58,1256,1437.28,0.97,2853.4
Handloom Saree,Jute,520,267,36.05,4.66,3518.55,3950,4151.81,0.33,3634.26
Jute Bag,Brass,572,480,56.92,1.42,2784.93,3176,4128.38,0.28,3580.97
Embroidered Cloth,Cane,589,1073,28.8,2.34,1605.58,1831,2275.37,0.2,3457.05
Handloom Saree,Bamboo,80,947,16.66,3.32,1462.43,1632,1977.87,0.84,2750.36
Cane Furniture,Clay,825,323,45.54,4.88,902.81,1089,1337.62,0.36,2467.97
Wooden Craft,Terracotta,98,167,48.01,2.76,1997.12,2250,2498.56,0.93,2181.87
Pottery,Silk,917,447,27.75,2.52,1883.44,2308,2946.2,0.41,3388.69
Handmade Jewellery,Beads,279,168,47.57,3.89,1786.27,2301,2909.11,0.66,2364.44
Handmade Jewellery,Terracotta,1494,714,47.52,2.64,2593.83,2953,3521.93,0.65,4990.92
Bamboo Basket,Wood,506,209,54.42,3.94,2364.88,2926,3223.79,0.32,3106.38
Metal Craft,Wood,538,206,18.56,2.47,953.95,1252,1524.82,0.67,2155.4
Embroidered Cloth,Terracotta,1163,411,54.28,4.25,2340.74,2704,2938.55,0.85,4129.08
Metal Craft,Bamboo,1056,912,42.08,1.37,1148.04,1222,1386.16,0.78,3649.11
Pottery,Beads,54,410,29.62,0.76,2547.03,3143,3898.18,0.48,2657.6
Handmade Jewellery,Cotton,502,647,46.85,2.78,2090.57,2499,2651.38,0.33,3150.49
Jute Bag,Jute,380,382,34.0,2.02,3498.11,3713,4081.45,0.96,3505.45
Metal Craft,Beads,495,1066,17.05,2.35,2146.59,2471,2639.7,0.7,3840.56
Cane Furniture,Brass,1214,411,31.23,3.62,512.89,644,749.98,0.83,2911.57
Bamboo Basket,Brass,803,142,32.44,0.16,2059.53,2271,2598.58,0.64,2738.62
Cane Furniture,Brass,993,839,28.58,0.24,3411.03,3672,3856.01,0.92,4869.66
Embroidered Cloth,Brass,1320,716,57.52,2.52,676.65,750,857.2,0.51,3532.05
Jute Bag,Cane,767,1090,48.32,1.33,1861.85,2153,2484.35,0.88,4170.79
Jute Bag,Beads,203,364,17.15,0.29,1941.83,2063,2242.57,0.74,2167.78
Metal Craft,Wood,710,148,22.95,4.21,1052.02,1282,1632.66,0.96,2167.18
Metal Craft,Cotton,454,511,47.92,2.43,1350.19,1572,1730.95,0.4,2580.99
Terracotta,Bamboo,320,470,30.3,0.57,3213.75,3504,3970.2,0.75,3217.01
Metal Craft,Brass,1077,339,53.17,2.74,2802.97,3469,4449.87,0.51,4297.61
Terracotta,Silk,1399,729,17.44,1.59,2963.06,3538,4495.68,0.24,5091.97
Bamboo Basket,Silk,469,800,27.88,3.82,1620.36,1999,2261.52,0.77,3206.57
Embroidered Cloth,Bamboo,553,1095,26.63,2.99,2437.11,2950,3403.17,0.8,4305.99
Pottery,Terracotta,1026,59,31.5,1.87,1402.54,1733,2129.17,0.81,2735.9
Terracotta,Wood,1154,538,29.68,0.88,2552.92,3317,4149.17,0.3,4173.56
Handmade Jewellery,Cane,558,362,20.07,4.05,2081.53,2674,2950.35,0.73,3135.29
Cane Furniture,Jute,1012,1173,48.24,3.7,1571.95,2087,2599.45,0.3,4521.63
Handmade Jewellery,Jute,1343,723,29.07,1.25,3006.37,3536,4337.07,0.63,4784.92
Handloom Saree,Silk,1049,574,57.88,3.6,670.08,808,875.01,0.89,3256.45
Bamboo Basket,Bamboo,477,1095,42.0,4.0,2206.95,2716,3486.87,0.88,4157.47
Bamboo Basket,Brass,1197,162,6.09,2.01,1701.91,2074,2499.84,0.47,3086.78
Terracotta,Cotton,167,937,48.11,1.5,3291.1,3710,4203.85,0.25,3907.85
Bamboo Basket,Silk,440,264,15.94,2.15,1736.09,1995,2588.69,0.46,2260.16
Handmade Jewellery,Terracotta,618,267,29.76,4.89,2378.28,2519,2716.3,0.52,3001.05
Terracotta,Jute,1277,1068,38.3,2.63,1588.12,1976,2216.81,0.73,4697.7
Embroidered Cloth,Beads,1368,268,9.16,4.76,2113.14,2750,3299.34,0.7,3859.09
Pottery,Silk,1207,122,43.86,3.09,764.51,894,994.47,0.2,2550.8
Bamboo Basket,Jute,644,315,38.67,1.14,2913.23,3144,3460.47,0.67,3443.31
Jute Bag,Jute,350,1141,56.49,2.76,218.43,232,266.74,0.87,2812.49
Handmade Jewellery,Silk,225,706,32.39,3.74,644.79,839,1037.92,0.93,2105.22
Terracotta,Beads,964,909,38.73,3.22,2107.04,2367,2606.08,0.72,4196.83
Handloom Saree,Cane,1184,1120,6.62,1.84,1237.6,1539,1711.2,0.25,4178.45
Handmade Jewellery,Jute,380,387,25.47,1.73,1376.55,1511,1897.43,0.95,2252.82
Metal Craft,Wood,919,882,18.93,4.94,1488.44,1949,2227.27,0.94,4021.55
Jute Bag,Jute,598,698,6.93,3.96,2599.24,2967,3299.59,0.76,3901.63
Handmade Jewellery,Brass,469,141,28.07,2.55,2272.27,2709,2859.29,0.44,2526.65
Embroidered Cloth,Brass,1037,872,44.21,0.16,216.55,270,294.27,0.33,2945.15
Handloom Saree,Jute,763,909,41.53,4.42,2579.31,2818,3273.25,0.84,4455.86
Terracotta,Cotton,110,101,52.99,4.16,1853.39,1987,2559.66,0.46,1667.24
Handmade Jewellery,Jute,1435,363,56.76,4.39,1289.97,1386,1482.2,0.86,3684.74
Handloom Saree,Beads,136,514,23.96,2.36,2187.61,2611,3140.08,0.33,2406.54
Handloom Saree,Cane,702,721,43.17,1.23,1748.75,2092,2583.95,0.89,3624.85
Embroidered Cloth,Silk,338,770,27.78,3.69,517.3,648,737.79,0.28,2158.41
Bamboo Basket,Clay,1307,1084,18.49,0.38,2374.4,2955,3350.73,0.8,5120.69
Terracotta,Jute,1007,68,42.34,2.12,902.77,1151,1352.46,0.53,2371.26
Embroidered Cloth,Jute,979,142,34.29,0.67,1363.72,1606,2060.95,0.55,2625.83
Handloom Saree,Beads,354,1080,47.51,4.76,257.74,342,426.88,0.26,2560.1
Wooden Craft,Cotton,465,843,18.93,0.15,2548.29,2865,3547.33,0.57,3566.9
Wooden Craft,Silk,1272,767,33.08,4.12,489.49,578,608.83,0.53,3402.32
Terracotta,Brass,707,484,20.45,1.12,3580.64,3869,4439.1,0.63,3940.56
Pottery,Silk,384,581,59.85,2.84,3318.5,3954,4220.9,0.78,4030.38
Metal Craft,Cane,623,693,30.53,3.64,2741.22,3343,4286.8,0.5,3977.04
Terracotta,Clay,366,768,7.68,2.95,2965.99,3422,4262.07,0.8,3784.05
Cane Furniture,Beads,1428,534,16.4,3.59,2170.05,2768,3041.32,0.91,4512.64
Cane Furniture,Wood,907,853,51.89,2.75,2965.02,3795,4434.38,0.77,4941.0
Embroidered Cloth,Brass,665,1132,15.2,3.04,2156.73,2583,3298.39,0.61,4082.53
Handmade Jewellery,Cane,707,785,28.71,2.79,2169.2,2702,3471.44,0.71,3987.76
Jute Bag,Cotton,1451,972,37.74,1.4,2893.52,3196,4012.3,0.57,5348.14
Jute Bag,Brass,818,624,19.52,2.13,604.6,757,900.33,0.23,2578.56
Pottery,Silk,1290,105,16.06,2.62,3709.61,3988,5180.57,0.86,4303.19
Embroidered Cloth,Silk,737,76,59.94,1.7,2727.17,2996,3650.82,0.2,3070.66
Wooden Craft,Jute,852,1061,54.04,4.26,948.7,1099,1239.89,0.72,3744.36
Bamboo Basket,Cane,256,564,39.35,4.34,1933.66,2335,2492.22,0.71,2979.17
Wooden Craft,Clay,123,622,26.41,1.22,2224.23,2408,2756.63,0.5,2755.63
Handloom Saree,Wood,829,1186,30.36,4.71,902.91,1187,1381.3,0.74,3918.64
Cane Furniture,Silk,937,520,55.88,3.2,3165.46,3564,4363.35,0.72,4319.11
Cane Furniture,Bamboo,242,665,43.78,2.33,2639.43,3140,4041.76,0.25,3229.61
Pottery,Jute,424,1132,43.48,4.21,1145.3,1291,1649.32,0.71,3412.05
Pottery,Bamboo,925,709,6.75,2.17,1003.12,1075,1294.38,0.4,2964.53
Cane Furniture,Brass,993,204,45.56,1.5,1305.17,1684,1852.63,0.37,2854.08
Terracotta,Brass,1280,656,47.68,0.73,1967.29,2577,3334.21,0.85,4529.31
Handmade Jewellery,Wood,543,1171,8.91,1.13,1668.86,1975,2101.02,0.95,3745.59
Bamboo Basket,Wood,633,285,20.31,4.01,226.91,259,286.18,0.22,1517.48
Handmade Jewellery,Cane,1122,686,21.64,4.88,3074.34,3307,4114.57,0.26,4536.72
Handloom Saree,Silk,1339,287,22.14,0.12,1695.98,2001,2142.21,0.57,3557.9
Handmade Jewellery,Terracotta,155,230,28.02,2.35,1091.45,1262,1535.61,0.82,1593.96
Cane Furniture,Cane,898,1105,53.92,1.92,3377.19,3952,4614.82,0.72,5388.72
Embroidered Cloth,Wood,493,810,52.29,2.09,1434.21,1612,1860.31,0.61,3085.1
Terracotta,Beads,319,359,17.64,2.81,2684.06,3042,3301.5,0.66,3019.8
Handloom Saree,Wood,1485,807,50.41,1.5,2784.61,3218,3828.43,0.5,5088.75
Handmade Jewellery,Wood,748,1149,35.62,4.24,1167.43,1428,1852.3,0.22,3707.64
Handloom Saree,Beads,432,437,5.04,4.37,2926.42,3847,4401.48,0.39,3543.5
Jute Bag,Brass,1131,158,56.96,3.09,370.1,464,592.58,0.57,2234.31
Jute Bag,Terracotta,1345,936,31.8,2.21,946.05,1062,1363.39,0.5,3891.0
Handloom Saree,Cotton,898,985,17.47,3.38,2897.55,3401,3997.26,0.24,4746.78
Bamboo Basket,Jute,357,698,51.15,0.89,2644.59,2936,3240.98,0.47,3528.25
Terracotta,Terracotta,953,121,55.73,3.51,2097.31,2304,2645.05,0.8,3163.29
Jute Bag,Jute,465,555,42.26,2.87,3393.89,3628,4141.26,0.45,3696.25
Metal Craft,Terracotta,276,188,21.09,1.73,1434.04,1623,2082.8,0.41,1877.29
Jute Bag,Silk,1220,233,22.47,4.26,2905.55,3340,3929.79,0.48,4008.4
Bamboo Basket,Beads,1361,1026,43.84,3.15,1515.13,1667,1866.26,0.31,4454.72
Metal Craft,Jute,259,865,50.9,4.68,1047.52,1117,1299.3,0.36,2537.66
Metal Craft,Brass,1448,703,29.68,4.57,1400.43,1752,2045.88,0.73,4158.49
Handmade Jewellery,Bamboo,1433,1083,14.75,1.54,1233.13,1368,1455.42,0.21,4269.87
Handmade Jewellery,Clay,400,483,54.26,4.55,191.11,236,254.12,0.55,1713.12
Pottery,Wood,1451,198,28.65,4.17,3097.09,3947,4623.73,0.29,4594.3
Bamboo Basket,Terracotta,838,1033,11.41,2.78,2142.04,2822,3116.83,0.21,4234.91
Pottery,Cotton,788,775,33.77,3.53,3131.23,3773,4269.9,0.21,4468.39
Handloom Saree,Beads,1310,360,24.88,0.55,808.01,1019,1087.08,0.68,3058.55
Jute Bag,Brass,868,79,52.49,1.19,1611.52,1775,2195.75,0.65,2569.56
Terracotta,Cane,747,723,7.77,0.36,1505.16,1761,1945.14,0.99,3129.95
Jute Bag,Jute,810,743,54.38,3.75,144.58,171,194.55,0.49,2558.36
Handmade Jewellery,Jute,215,898,24.71,4.57,247.81,312,357.32,0.85,2247.8
Embroidered Cloth,Jute,464,1065,56.29,0.68,865.57,1131,1306.52,0.68,3125.59
Embroidered Cloth,Silk,620,803,58.41,2.85,620.31,675,746.55,0.39,2725.53
Wooden Craft,Wood,1410,468,24.51,2.8,2125.89,2319,2907.26,0.69,3958.24
Jute Bag,Wood,849,875,34.58,1.46,507.38,612,670.41,0.33,2838.61
Bamboo Basket,Beads,1357,286,44.06,0.57,242.39,285,351.37,0.97,2762.08
Metal Craft,Wood,152,1051,22.41,1.5,2696.94,2995,3542.56,0.74,3637.91
Cane Furniture,Clay,220,222,41.19,0.14,1952.73,2125,2460.38,0.5,2058.91
Pottery,Brass,657,506,21.97,2.91,2614.7,2821,3356.57,0.86,3525.4
Jute Bag,Bamboo,1008,898,45.06,1.79,799.82,875,1015.13,0.31,3434.39
Handmade Jewellery,Wood,1466,125,41.27,3.47,1873.18,2310,2539.9,0.25,3488.18
Handloom Saree,Bamboo,1329,79,47.7,0.74,2891.86,3469,4299.2,0.92,4149.04
Cane Furniture,Terracotta,1098,165,23.46,0.48,1231.74,1632,2054.26,0.98,2840.31
Cane Furniture,Jute,943,307,55.96,2.16,1784.46,2251,2599.91,0.21,3221.36
Embroidered Cloth,Terracotta,1437,540,21.85,0.3,185.14,225,268.1,0.21,2886.1
Handmade Jewellery,Brass,1336,752,25.61,2.79,2457.34,3197,3684.94,0.33,4696.65
Bamboo Basket,Cotton,569,139,10.24,2.31,1780.34,2034,2281.81,0.42,2164.91
Handmade Jewellery,Cane,1253,1197,46.75,3.66,335.06,377,447.95,0.37,3786.4
Cane Furniture,Bamboo,334,330,19.75,1.87,2414.48,3115,3404.15,0.86,2900.45
Wooden Craft,Cane,83,702,18.56,4.88,1892.45,2041,2600.08,0.44,2499.22
Embroidered Cloth,Bamboo,288,490,12.76,2.77,2712.96,3271,3562.38,0.79,3088.28
Handloom Saree,Silk,1038,638,59.59,0.87,1803.7,2332,2547.16,0.48,3881.22
Wooden Craft,Cotton,337,236,27.62,2.19,2219.16,2513,2953.22,0.72,2642.56
Cane Furniture,Cotton,976,1180,20.34,0.73,443.89,490,516.48,0.85,3550.68
Pottery,Beads,1181,580,11.93,4.9,1267.08,1344,1456.59,0.32,3236.09
Jute Bag,Silk,1011,705,5.3,0.11,1424.37,1769,2197.36,0.38,3277.85
Metal Craft,Terracotta,1447,603,18.81,3.29,1228.39,1410,1779.93,0.24,3717.26
Terracotta,Clay,1233,61,23.26,2.38,306.09,350,438.09,0.87,2356.12
Wooden Craft,Bamboo,1481,972,39.84,4.05,2595.68,3415,4345.92,0.66,5541.66
Cane Furniture,Brass,966,671,9.94,3.04,768.23,823,947.81,0.31,2730.01
Bamboo Basket,Brass,778,1169,42.2,3.43,3249.26,3751,4176.4,0.81,5251.16
Handloom Saree,Bamboo,710,1177,12.03,2.27,3528.38,3939,4454.55,0.73,4868.56
Jute Bag,Terracotta,1383,544,32.44,1.66,457.95,521,584.59,0.44,3136.57
Jute Bag,Cotton,1360,834,35.49,0.83,2048.19,2387,3014.27,0.97,4681.57
Embroidered Cloth,Terracotta,886,557,17.42,2.01,642.26,790,848.59,0.34,2765.46
Embroidered Cloth,Brass,103,577,59.76,2.96,1945.47,2390,2794.19,0.45,2792.12
Metal Craft,Wood,180,237,12.06,2.93,2961.01,3425,3816.09,0.84,2812.33
Wooden Craft,Silk,1175,1036,39.05,1.01,2154.85,2385,2687.61,0.59,4539.76
Metal Craft,Bamboo,1273,907,10.94,2.44,360.89,448,556.81,0.72,3485.13
Cane Furniture,Wood,829,488,17.86,3.23,524.44,560,661.25,0.42,2430.57
Jute Bag,Beads,1293,377,37.07,3.68,401.59,525,670.39,1.0,2843.52
Handmade Jewellery,Silk,701,95,45.28,4.63,1302.57,1442,1767.21,0.47,2161.53
Jute Bag,Cane,415,572,25.35,2.8,2032.76,2626,3141.05,0.98,3358.1
Handmade Jewellery,Terracotta,1127,914,32.83,0.89,804.82,947,1019.53,0.29,3474.88
Embroidered Cloth,Beads,556,625,30.16,2.05,3232.03,3541,4550.63,0.72,3902.59
Pottery,Jute,1242,379,31.26,3.05,409.29,530,671.53,0.44,2745.84
Bamboo Basket,Jute,693,476,43.4,1.15,1971.0,2268,2875.77,0.66,3106.76
Metal Craft,Wood,341,805,9.36,2.87,1574.16,2019,2206.81,0.9,3128.82
Bamboo Basket,Cotton,353,991,46.53,2.97,3053.95,3865,4362.63,0.83,4478.23
Bamboo Basket,Clay,1163,742,15.74,3.42,2386.57,2580,3335.26,0.34,4197.5
Handloom Saree,Terracotta,82,911,6.21,4.91,416.93,554,613.1,0.65,1823.79
Handloom Saree,Clay,221,323,37.97,4.52,1729.72,1921,2451.94,0.87,2289.24
Pottery,Bamboo,930,1171,48.99,2.82,3179.5,3393,3958.03,0.56,4992.3
Handloom Saree,Cane,193,273,17.13,3.17,312.24,414,519.53,0.86,1201.65
Handmade Jewellery,Cane,939,974,5.68,0.8,732.76,927,1062.97,0.24,3235.41
Embroidered Cloth,Wood,1140,953,19.88,1.05,275.77,324,345.23,0.26,3255.96
Terracotta,Cotton,1066,376,10.39,0.32,3392.8,3646,4306.75,0.56,4233.73
Handmade Jewellery,Brass,1001,355,14.34,0.72,1657.59,1839,2243.84,0.33,2947.69
Handloom Saree,Terracotta,1263,707,41.98,0.93,2910.02,3313,3818.89,0.59,4730.07
Metal Craft,Bamboo,781,530,6.22,4.94,2053.07,2181,2616.85,0.78,3227.2
Handloom Saree,Terracotta,197,1191,38.96,1.12,1690.17,2188,2479.0,0.83,3420.64
Pottery,Terracotta,1220,84,22.87,3.47,1087.44,1187,1313.02,0.52,2655.3
Cane Furniture,Brass,1348,125,45.2,2.16,699.11,848,1001.04,0.25,2632.58
Jute Bag,Cotton,459,176,27.87,2.79,3295.29,3859,5013.35,0.31,3138.98
Metal Craft,Cane,263,134,28.87,0.73,2937.07,3710,4225.17,0.74,3041.41
Cane Furniture,Clay,1298,362,15.93,1.64,2484.57,3137,3875.98,0.22,4121.9
Bamboo Basket,Silk,1420,698,45.96,2.12,2448.82,2730,3282.9,0.59,4617.8
Cane Furniture,Bamboo,150,678,8.35,3.5,1724.3,2135,2245.2,0.6,2690.48
Pottery,Brass,820,195,44.29,1.87,2170.71,2541,3237.6,0.36,2953.98
Jute Bag,Clay,394,270,49.56,2.21,547.79,677,754.13,0.46,1604.12
Metal Craft,Cane,1475,394,35.53,2.98,1379.6,1807,2273.0,0.34,3676.15
Handmade Jewellery,Beads,591,805,36.84,0.17,483.56,530,558.34,0.72,2610.24
Bamboo Basket,Jute,321,192,13.46,4.44,2156.86,2444,3059.72,0.91,2500.09
Bamboo Basket,Beads,1403,1168,12.31,3.23,270.71,340,433.28,0.4,3789.49
Bamboo Basket,Brass,702,598,18.15,3.81,2135.37,2505,3056.4,0.95,3514.75
Cane Furniture,Brass,1224,228,53.75,0.84,894.09,948,1088.67,0.3,2793.58
Cane Furniture,Beads,1448,747,13.1,1.11,2741.18,3049,3378.46,0.52,4841.8
Wooden Craft,Brass,1434,373,48.73,1.69,3463.64,3768,4128.61,0.97,4793.02
Terracotta,Silk,281,644,53.15,1.58,1037.02,1122,1398.32,0.42,2155.24
Embroidered Cloth,Brass,963,264,51.93,1.71,1370.39,1612,1952.83,0.61,2864.12
Wooden Craft,Silk,1262,127,29.5,0.51,630.96,715,885.14,0.85,2475.98
Bamboo Basket,Silk,1132,954,59.26,3.03,1215.85,1373,1528.26,0.9,4071.76
Embroidered Cloth,Cane,221,1160,14.26,4.2,1805.3,2058,2367.62,0.66,3537.34
Jute Bag,Wood,1462,273,56.29,4.68,697.51,760,925.49,0.76,3266.81
Metal Craft,Bamboo,712,1123,21.85,1.7,3109.53,3300,4025.31,0.71,4593.36
Metal Craft,Wood,751,608,52.49,0.75,1376.35,1661,1801.88,0.21,3028.67
Terracotta,Clay,1155,551,30.44,0.26,3342.34,3925,4257.03,0.99,4801.26
Embroidered Cloth,Clay,1282,1023,52.8,2.7,408.04,489,609.42,0.36,3729.02
Jute Bag,Jute,897,491,7.53,4.66,1716.27,2108,2527.52,1.0,3499.27
Handloom Saree,Cotton,497,868,8.01,1.1,2680.54,2906,3127.88,0.64,3542.11
Pottery,Cane,206,300,8.72,3.65,2514.93,3158,3872.94,0.45,2682.93
Pottery,Jute,333,155,11.08,0.27,2934.42,3803,4214.33,0.8,3079.19
Metal Craft,Clay,743,1022,45.65,3.46,287.9,338,427.69,0.89,2968.48
Wooden Craft,Beads,915,875,7.07,4.06,279.48,295,365.4,0.4,2798.51
Bamboo Basket,Clay,412,966,34.41,4.31,1332.44,1604,1778.34,0.86,3252.86
Bamboo Basket,Brass,1484,889,21.93,1.28,587.4,685,750.92,0.54,3686.97
Bamboo Basket,Wood,474,603,10.87,4.77,2059.12,2309,2998.11,0.45,2844.71
Cane Furniture,Terracotta,1280,1183,55.37,3.62,1596.02,2060,2199.33,0.93,5018.19
Embroidered Cloth,Cotton,370,228,31.21,3.72,1333.18,1701,2149.19,0.21,1960.73
Jute Bag,Bamboo,635,220,5.79,4.03,2852.92,3612,4049.22,0.43,3230.65
Cane Furniture,Wood,51,1083,15.69,2.29,2590.56,2849,3518.14,0.72,3353.83
Embroidered Cloth,Cotton,1131,260,25.75,2.13,1365.12,1452,1600.79,0.41,2918.91
Terracotta,Cotton,1203,897,58.97,1.97,1274.37,1507,1871.68,0.7,4120.44
Pottery,Jute,218,730,55.47,4.45,1982.28,2229,2855.39,0.86,3261.62
Embroidered Cloth,Cane,1083,632,50.36,3.48,880.97,1066,1154.55,0.36,3274.96
Handmade Jewellery,Wood,105,769,43.28,1.88,728.31,816,896.2,0.58,1865.96
Pottery,Cane,62,493,6.39,3.48,1051.47,1142,1406.17,0.49,1613.41
Handloom Saree,Silk,90,478,35.0,1.11,582.11,758,968.5,0.2,1343.02
Terracotta,Bamboo,1410,166,36.37,2.95,2830.58,3151,3739.2,0.91,4215.82
Metal Craft,Beads,962,323,45.09,1.58,575.79,706,806.97,0.81,2535.64
Bamboo Basket,Brass,608,156,8.0,1.64,256.27,304,336.45,0.8,1446.23
Bamboo Basket,Beads,778,203,19.4,3.16,1401.43,1653,1880.97,0.93,2721.76
Jute Bag,Brass,880,692,28.85,4.26,3387.02,3576,4462.21,0.68,4493.62
Bamboo Basket,Brass,1262,871,26.73,0.35,2658.84,3487,3999.12,0.67,5211.17
Bamboo Basket,Cane,1306,860,11.21,3.02,3042.86,3382,3959.14,0.37,4874.57
Bamboo Basket,Bamboo,508,447,49.31,1.57,751.55,879,1078.37,0.4,2018.34
Bamboo Basket,Brass,795,136,18.33,3.35,2702.42,3475,4290.03,0.89,3506.42
Wooden Craft,Cane,1341,127,36.55,1.77,1434.97,1682,1975.2,0.34,2947.25
Metal Craft,Cane,529,1092,23.7,4.36,2159.46,2816,3207.49,0.74,4248.05
Wooden Craft,Beads,630,584,48.4,0.68,1231.3,1560,1720.58,0.23,2794.15
Metal Craft,Beads,521,942,28.95,4.77,1055.53,1187,1303.58,0.27,2790.06
Pottery,Terracotta,571,683,10.58,3.98,3388.29,3956,4712.01,0.68,4159.92
Embroidered Cloth,Terracotta,1205,899,45.02,4.62,1121.36,1254,1374.32,0.46,3800.78
Terracotta,Terracotta,1075,569,20.38,0.77,701.88,889,1112.4,0.35,2824.46
Embroidered Cloth,Clay,1030,903,35.7,1.8,2670.89,2876,3298.65,0.43,4384.32
Handmade Jewellery,Silk,1367,135,23.5,4.61,400.48,527,635.5,0.25,2566.51
Handloom Saree,Brass,119,106,18.01,2.47,3321.78,3664,4534.34,0.57,2519.82
Handmade Jewellery,Beads,159,1066,47.28,0.4,134.65,174,184.29,0.24,2052.4
Handloom Saree,Clay,579,736,28.19,0.3,505.47,584,696.55,0.47,2288.97
Metal Craft,Brass,358,955,27.23,4.97,323.8,343,434.33,0.68,2325.31
Wooden Craft,Clay,790,911,31.51,3.81,2768.13,3531,3791.98,0.54,4666.53
Terracotta,Brass,106,161,38.57,2.78,2630.79,3234,3573.83,0.61,2565.04
Pottery,Clay,638,534,38.18,0.49,949.83,1146,1447.1,0.48,2450.12
Cane Furniture,Brass,303,378,27.35,4.41,1332.38,1690,2078.38,0.42,2252.38
Metal Craft,Cane,1113,973,42.2,1.57,3102.8,3973,4542.13,0.37,5219.61
Handmade Jewellery,Cotton,1294,545,18.89,2.27,1314.42,1660,1797.1,0.36,3502.06
Handloom Saree,Beads,1482,349,29.52,4.1,876.4,1157,1361.03,0.52,3472.51
Bamboo Basket,Silk,333,148,12.35,4.68,1693.21,2018,2365.16,0.85,2142.27
Handloom Saree,Jute,120,1178,47.09,4.65,2879.96,3807,4221.57,0.45,4260.82
Wooden Craft,Silk,356,571,21.75,4.92,890.85,997,1290.27,0.5,2129.64
Handloom Saree,Clay,988,1136,40.95,1.44,1779.33,2147,2580.81,0.56,4481.33
Handmade Jewellery,Bamboo,1142,915,31.09,0.92,3056.68,3951,5090.81,0.89,5440.42
Handmade Jewellery,Jute,343,968,28.06,3.54,969.37,1118,1245.57,0.95,2947.4
Metal Craft,Cane,431,1040,32.94,3.78,2299.74,2757,3240.82,0.93,4065.16
Bamboo Basket,Bamboo,756,903,52.5,4.98,1381.63,1809,2148.06,0.53,3829.95
Handmade Jewellery,Cane,1319,1157,8.0,4.86,260.73,314,369.17,0.87,3951.82
Bamboo Basket,Bamboo,869,68,30.94,1.21,2008.28,2625,3002.9,0.86,3161.48
Cane Furniture,Beads,1041,91,23.11,0.36,2075.26,2591,2948.48,0.76,3099.12
Jute Bag,Cane,1151,134,47.12,0.49,1192.65,1318,1428.2,0.57,2729.09
Metal Craft,Silk,1244,196,48.09,0.15,1760.37,2019,2406.87,0.83,3457.79
Cane Furniture,Beads,268,141,55.98,4.81,860.43,1132,1343.49,0.91,1774.67
Handloom Saree,Brass,1130,68,27.27,4.99,1426.02,1560,1790.98,0.56,2701.08
Cane Furniture,Bamboo,733,158,52.83,2.41,1446.91,1541,1747.06,0.66,2560.36
Cane Furniture,Terracotta,898,558,49.59,4.75,2612.06,3339,4307.93,0.63,4394.72
Jute Bag,Cotton,472,807,34.6,2.71,2899.85,3769,4009.94,0.3,4051.46
Bamboo Basket,Brass,334,245,34.91,3.51,2586.23,3367,4097.64,0.31,2956.51
Cane Furniture,Jute,690,301,18.18,0.26,1702.19,1873,2236.59,0.47,2562.95
Bamboo Basket,Jute,774,482,46.28,1.26,1936.68,2576,3122.3,0.61,3497.74
Pottery,Cane,1038,1155,52.74,2.96,1710.2,1939,2224.41,0.31,4352.77
Terracotta,Terracotta,543,596,35.27,2.62,2188.06,2355,3041.85,0.55,3204.63
Embroidered Cloth,Cane,865,453,17.67,0.62,3047.62,3684,4193.75,0.45,3803.97
Handmade Jewellery,Cotton,227,859,22.02,4.88,2586.27,2855,3370.68,0.71,3444.67
Terracotta,Wood,1325,552,32.28,0.14,3232.66,3719,4592.58,0.37,4825.68
Embroidered Cloth,Clay,1430,564,12.36,4.77,1338.15,1752,2051.39,0.38,3865.41
Handmade Jewellery,Cane,649,1125,16.74,2.11,1610.42,2143,2522.92,0.31,3750.06
Embroidered Cloth,Bamboo,201,1004,28.01,2.28,777.35,1018,1149.55,0.41,2632.39
Bamboo Basket,Silk,1493,404,39.96,4.97,3169.3,3810,4314.23,0.75,5040.35
Handmade Jewellery,Silk,1440,1180,49.64,1.54,559.55,591,754.96,0.88,4369.77
Handmade Jewellery,Jute,1130,89,28.72,2.89,1453.21,1720,1949.52,0.66,3069.15
Cane Furniture,Cotton,233,1189,33.53,0.35,3198.16,3808,4280.62,0.94,4503.87
Pottery,Clay,513,445,12.33,4.65,2028.79,2592,2918.67,0.7,2996.41
Embroidered Cloth,Clay,263,418,50.89,2.93,983.81,1225,1533.32,0.4,1984.71
Handmade Jewellery,Beads,737,131,17.12,0.61,2788.41,3579,4542.76,0.62,3432.78
Terracotta,Cotton,1448,1165,52.74,4.16,2608.84,3410,3676.32,0.24,5654.65
Handloom Saree,Silk,502,520,50.16,4.85,332.74,373,402.14,0.79,2086.84
Embroidered Cloth,Beads,228,1112,59.87,1.39,1968.38,2261,2743.85,1.0,3520.04
Pottery,Bamboo,1184,387,53.36,2.62,3090.69,3512,4550.22,0.93,4426.98
Embroidered Cloth,Bamboo,752,1124,10.34,0.41,3140.17,3730,3967.88,0.54,4841.4
Handmade Jewellery,Clay,1149,725,33.89,0.42,2830.97,3035,3931.12,0.73,4481.01
Handmade Jewellery,Cotton,1054,304,19.75,1.65,1712.89,1939,2085.65,0.21,3026.9
Metal Craft,Cane,796,198,52.81,3.71,2645.26,3311,3825.28,0.87,3601.25
Metal Craft,Brass,678,881,23.36,1.35,1063.1,1163,1442.13,0.24,2902.36
Terracotta,Terracotta,1344,551,15.26,1.02,2559.6,3083,3967.66,0.52,4483.16
Embroidered Cloth,Silk,208,63,59.91,2.75,3016.36,3470,3881.38,0.22,2691.3
Metal Craft,Cane,1294,603,16.32,1.83,383.95,432,486.63,0.81,3164.38
Jute Bag,Cane,891,997,23.88,1.71,1907.25,2203,2653.67,0.83,4174.69
Embroidered Cloth,Cotton,453,1176,57.27,1.57,2868.84,3430,3629.81,0.96,4697.53
Terracotta,Wood,95,872,14.67,1.25,1264.76,1665,1949.54,0.21,2354.98
Jute Bag,Wood,1280,961,36.57,1.82,2614.6,2902,3271.62,0.56,4849.5
Wooden Craft,Beads,1148,1027,59.12,4.54,2049.43,2375,2643.57,0.93,4848.46
Handloom Saree,Clay,1050,504,17.27,2.77,3615.7,3850,4693.94,0.44,4382.86
Metal Craft,Wood,1185,85,12.91,0.61,1704.45,1999,2152.53,0.54,3063.21
Handloom Saree,Cotton,1429,117,55.81,4.13,2038.82,2631,3003.22,0.38,3811.0
Bamboo Basket,Cane,88,871,14.47,2.21,1175.77,1361,1712.27,0.99,2529.19
Jute Bag,Wood,920,544,53.79,1.45,3187.8,3518,4494.42,0.51,4179.44
Cane Furniture,Cane,1085,555,56.49,4.71,1901.83,2022,2244.08,0.7,3883.82
Terracotta,Clay,511,970,19.14,3.63,2085.91,2354,2647.99,0.57,3622.64
Jute Bag,Cane,769,124,40.88,2.09,165.59,211,223.99,0.66,1653.41
Jute Bag,Bamboo,569,861,47.35,3.19,1658.39,1754,2264.57,0.33,3189.76
Wooden Craft,Clay,253,1102,49.88,1.95,862.64,1054,1365.29,0.7,2803.28
Wooden Craft,Cane,520,858,41.19,3.66,183.41,196,230.14,0.87,2453.8
Handmade Jewellery,Beads,861,817,59.11,1.87,2968.45,3383,3611.94,0.49,4522.02
Handmade Jewellery,Terracotta,175,860,26.47,4.47,2424.17,2913,3498.73,0.7,3454.42
Handmade Jewellery,Clay,646,149,10.15,0.18,343.92,427,496.35,0.48,1472.42
Pottery,Terracotta,928,1188,51.84,4.33,754.82,922,972.5,0.75,3781.7
Metal Craft,Beads,76,751,33.88,1.08,2178.14,2610,3209.04,0.55,2839.65
Cane Furniture,Cane,573,1145,18.02,3.18,2737.17,3162,3792.53,0.79,4508.95
Jute Bag,Cane,67,166,39.47,1.86,2339.86,2748,3188.71,0.3,2179.77
Pottery,Silk,155,707,37.24,2.51,2328.89,3039,3356.37,0.4,3154.86
Embroidered Cloth,Silk,823,1172,40.04,4.5,901.9,1093,1174.74,0.7,3871.51
Terracotta,Bamboo,947,970,55.96,3.58,935.48,1207,1382.63,0.22,3563.09
Embroidered Cloth,Cane,753,546,44.32,2.21,375.21,478,579.34,0.4,2394.39
Pottery,Terracotta,1203,993,17.14,2.71,255.44,288,317.67,0.39,3364.65
Embroidered Cloth,Beads,348,113,21.47,1.42,870.99,983,1235.0,0.32,1385.03
Terracotta,Jute,1396,907,54.45,3.16,1205.91,1322,1520.42,0.96,4285.23
Embroidered Cloth,Cane,1073,605,31.61,4.5,2517.9,2836,3219.9,0.37,4054.7
Embroidered Cloth,Cane,1231,118,20.9,4.77,656.25,760,869.63,0.97,2665.09
Cane Furniture,Cotton,164,269,34.51,2.56,1166.84,1550,1847.16,0.95,2000.51
Handloom Saree,Bamboo,990,390,30.28,2.54,165.21,187,202.22,0.81,2356.25
Handmade Jewellery,Silk,1396,786,34.51,4.31,2715.6,3112,3389.9,0.97,5030.57
Embroidered Cloth,Cane,1278,746,49.2,4.11,2827.52,3018,3324.73,0.79,4840.42
Jute Bag,Brass,265,261,35.04,0.54,389.31,481,505.13,0.97,1415.14
Terracotta,Brass,520,739,39.27,1.84,1030.76,1159,1244.95,0.42,2665.52
Terracotta,Beads,1353,1027,11.97,4.35,2512.72,3311,3715.88,0.56,5265.1
Handloom Saree,Jute,1226,450,31.1,1.87,2042.56,2383,2736.99,0.88,3827.05
Cane Furniture,Brass,638,515,31.97,4.25,3412.36,3964,4744.81,0.95,4248.95
Embroidered Cloth,Wood,662,595,23.37,0.62,1243.87,1375,1480.28,0.82,2789.89
Jute Bag,Cane,1345,1067,20.97,0.5,2518.38,3000,3874.14,0.5,5003.2
Metal Craft,Bamboo,1139,486,6.16,2.15,1726.64,2139,2632.45,0.96,3581.07
Pottery,Beads,1194,555,53.09,1.83,2366.08,2831,3106.3,0.43,4223.74
Bamboo Basket,Beads,545,1097,56.91,4.88,1809.39,2222,2352.35,0.3,3740.2
Handloom Saree,Beads,186,557,29.95,0.29,1198.38,1355,1440.37,0.29,2018.8
Bamboo Basket,Cane,452,445,37.35,3.37,2590.23,2874,3405.45,0.26,3130.47
Pottery,Bamboo,320,293,27.58,4.67,189.36,208,242.65,0.49,1253.58
Pottery,Silk,954,444,36.89,2.75,1669.99,1866,2195.05,0.74,3318.17
Terracotta,Cotton,1244,1088,12.48,4.2,3664.7,3921,4132.59,0.78,5511.84
Wooden Craft,Cotton,710,1017,39.42,0.37,2151.81,2752,3498.86,0.21,4035.06
Bamboo Basket,Clay,819,456,32.93,2.55,2283.59,2419,2553.24,0.84,3386.08
Embroidered Cloth,Clay,905,278,10.55,1.08,3657.17,3901,4770.85,0.32,3909.92
Jute Bag,Clay,605,893,16.51,0.46,1933.4,2577,3281.81,0.62,3755.76
Handmade Jewellery,Clay,1279,515,48.39,3.44,1793.35,2315,2662.81,0.48,3955.21
Handloom Saree,Jute,1378,335,33.61,2.87,1135.31,1455,1818.19,0.77,3388.01
Handloom Saree,Clay,535,1185,32.67,2.52,1179.32,1370,1498.27,0.5,3333.49
Bamboo Basket,Wood,1313,429,40.79,4.35,2624.77,2972,3280.73,0.38,4261.53
Wooden Craft,Clay,1114,865,15.31,0.15,1352.62,1763,2055.57,0.34,3881.26
Metal Craft,Beads,1264,373,35.24,3.14,320.23,362,469.76,0.91,2947.55
Handloom Saree,Terracotta,819,765,58.98,0.58,1961.16,2109,2710.53,0.74,3513.37
Pottery,Jute,787,285,40.9,1.35,2301.26,2641,3333.91,0.63,3225.91
Jute Bag,Bamboo,338,559,36.28,4.35,2649.27,3091,3311.34,0.44,3404.61
Cane Furniture,Wood,1272,486,59.59,3.52,2906.21,3544,3794.97,0.78,4862.62
Metal Craft,Cane,284,724,47.79,1.97,2568.51,3019,3180.15,0.49,3361.52
Jute Bag,Jute,357,1025,22.41,1.78,2982.95,3334,3981.79,0.72,4071.17
Terracotta,Jute,1349,874,28.45,2.27,1051.09,1118,1288.13,0.57,3840.41
Terracotta,Jute,226,266,44.44,2.74,3146.99,3772,4049.62,0.3,3183.11
Metal Craft,Wood,894,904,27.97,0.46,142.41,171,209.38,0.41,2686.65
Cane Furniture,Cane,689,1068,36.31,4.61,326.57,389,501.33,0.94,3030.47
Terracotta,Brass,706,179,30.84,2.33,394.1,433,523.08,0.6,1681.07
Jute Bag,Bamboo,1213,406,23.61,4.68,2764.42,3491,3699.95,0.79,4472.76
Terracotta,Wood,148,96,30.28,3.18,3603.79,3800,4242.8,0.87,2942.09
Embroidered Cloth,Brass,1026,1125,46.26,3.5,804.21,959,1141.55,0.88,3986.26
Jute Bag,Clay,69,577,8.29,4.45,2811.33,3725,4296.54,0.44,3210.36
Bamboo Basket,Beads,1405,552,26.78,1.08,2386.21,2885,3689.49,0.81,4517.21
Bamboo Basket,Wood,275,279,37.27,0.6,297.05,359,447.35,0.59,1274.54
Bamboo Basket,Silk,464,443,53.49,2.62,657.8,753,916.0,0.5,2127.25
Metal Craft,Bamboo,740,88,12.92,5.0,1743.65,2059,2194.69,0.64,2629.91
Pottery,Clay,1016,939,28.67,1.67,3288.19,3779,4026.98,0.78,5111.57
Jute Bag,Jute,876,901,43.63,4.27,1846.09,2416,3100.96,0.81,4124.59
Cane Furniture,Beads,316,919,48.8,2.78,781.6,836,985.88,0.29,2408.33
Wooden Craft,Wood,643,230,39.24,0.15,317.49,411,459.14,0.59,1697.16
Cane Furniture,Jute,445,888,27.59,1.17,3268.57,3897,4960.21,0.53,4247.45
Cane Furniture,Jute,1016,939,51.26,0.28,167.72,184,228.69,0.93,3084.2
Cane Furniture,Wood,278,393,48.06,4.24,1250.59,1628,2057.25,0.7,2239.37
Terracotta,Clay,245,78,48.59,1.02,3549.21,3810,4695.61,0.79,3021.13
Cane Furniture,Silk,1150,278,35.5,4.52,2593.22,3181,3515.35,0.94,4113.21
Cane Furniture,Clay,373,214,23.5,2.64,1179.18,1326,1615.06,0.39,1861.6
Handmade Jewellery,Jute,498,918,37.21,0.14,2011.04,2663,2986.03,0.64,3736.43
Terracotta,Clay,1079,549,11.42,3.31,2516.81,2798,3322.46,0.56,4029.7
Metal Craft,Bamboo,898,198,58.61,4.15,628.03,781,892.39,0.66,2334.36
Pottery,Silk,607,162,30.89,0.34,703.18,879,1001.24,0.34,1720.71
Wooden Craft,Wood,1392,1044,19.98,0.68,1201.18,1329,1695.11,0.56,4249.51
Terracotta,Terracotta,787,251,19.21,4.11,2392.96,2553,2877.46,0.9,3193.66
Handmade Jewellery,Terracotta,798,854,7.0,0.6,1054.66,1195,1431.06,0.54,3004.12
Embroidered Cloth,Silk,1319,788,34.75,4.11,2215.68,2745,2931.05,0.48,4568.41
Pottery,Cane,1365,363,8.81,2.34,1266.51,1460,1564.17,0.56,3339.13
Embroidered Cloth,Wood,1129,880,32.36,1.39,699.73,753,919.74,0.89,3540.09
Cane Furniture,Clay,643,649,28.59,2.97,973.09,1216,1374.25,0.31,2711.1
Jute Bag,Wood,1286,520,21.82,0.46,2330.82,2593,2821.17,0.3,3813.56
Jute Bag,Brass,1343,73,50.68,2.9,1210.8,1381,1537.47,0.64,3178.15
Jute Bag,Wood,1236,898,5.89,1.93,1858.67,2097,2310.78,0.84,4309.01
Handmade Jewellery,Beads,1489,849,31.53,3.63,438.47,534,668.68,0.44,3816.93
Bamboo Basket,Terracotta,851,159,49.99,4.66,1388.5,1738,1923.67,0.47,2736.57
Terracotta,Terracotta,199,195,50.31,4.3,1472.57,1886,2312.88,0.39,2180.26
Wooden Craft,Cotton,536,214,6.93,2.92,1970.92,2411,2585.62,0.97,2620.37
Bamboo Basket,Clay,1436,554,27.91,0.86,160.45,186,239.19,0.2,2953.7
Handmade Jewellery,Jute,1115,646,28.86,3.76,1802.86,2168,2432.17,0.65,3910.8
Terracotta,Cane,1144,617,5.08,2.3,3014.79,3838,4908.0,0.57,4665.9
Embroidered Cloth,Cotton,1360,1043,48.61,4.54,139.21,163,196.04,0.41,3629.28
Bamboo Basket,Cotton,1101,495,7.74,3.06,781.61,968,1194.7,0.56,2855.87
Jute Bag,Bamboo,237,154,56.77,4.32,596.92,694,871.99,0.44,1185.44
Jute Bag,Jute,1206,641,19.29,1.35,1387.87,1708,1835.27,0.62,3626.37
Jute Bag,Terracotta,571,569,23.35,1.65,2237.48,2906,3090.9,0.73,3343.5
Terracotta,Clay,1366,405,56.29,4.31,2245.06,2462,3077.59,0.95,4305.48
Pottery,Clay,399,1179,11.84,4.81,686.31,733,785.96,0.61,2968.72
Metal Craft,Beads,1398,1187,26.47,0.62,1025.83,1312,1695.11,0.93,4503.39
Bamboo Basket,Silk,757,651,28.76,1.99,2240.27,2472,2607.59,0.46,3416.58
Terracotta,Brass,1148,715,17.44,4.38,1803.62,2356,2787.36,0.44,3948.76
Terracotta,Wood,730,1022,45.31,1.75,2467.85,2679,3104.08,0.35,4116.17
Embroidered Cloth,Brass,427,470,47.2,1.11,2259.4,2636,3330.89,0.2,2914.31
Terracotta,Wood,1358,69,26.1,2.51,2727.09,3531,3809.42,0.84,4253.97
Pottery,Terracotta,302,68,52.24,3.18,121.98,152,161.59,0.38,993.7
Handloom Saree,Cotton,1212,340,40.67,1.96,905.98,1097,1401.65,0.69,3042.46
Handloom Saree,Bamboo,901,557,38.86,0.29,2722.32,3294,3690.76,0.78,4144.5
Cane Furniture,Beads,1348,137,57.12,2.43,1395.15,1615,1850.28,0.81,3368.08
Handmade Jewellery,Terracotta,191,942,5.26,0.45,626.45,694,752.38,0.38,2072.95
Metal Craft,Bamboo,1076,645,24.79,2.75,939.55,1162,1329.07,0.61,3368.09
Embroidered Cloth,Jute,1004,899,21.4,0.72,1759.7,1891,2387.59,0.53,3966.06
Terracotta,Silk,989,206,46.18,4.16,2507.44,3309,3635.04,0.63,3902.73
Metal Craft,Terracotta,607,122,51.34,1.59,2483.39,3276,4098.96,0.5,3152.48
Jute Bag,Silk,1204,1175,13.78,4.49,2378.13,2692,3440.09,0.48,4973.32
Jute Bag,Terracotta,844,1020,50.72,3.86,1865.04,2254,2561.73,0.87,4306.56
Handloom Saree,Wood,378,171,14.17,3.07,2760.17,3244,4108.24,0.39,2693.26
Wooden Craft,Bamboo,1282,1124,48.6,3.06,589.25,770,949.54,0.69,4029.86
Terracotta,Clay,655,278,52.46,1.4,1308.1,1578,1911.77,0.32,2479.37
Terracotta,Wood,677,738,48.74,0.76,547.99,592,699.63,0.94,2555.13
Pottery,Jute,1459,63,35.58,2.08,3347.27,3566,4208.09,0.74,4040.4
Metal Craft,Cane,1472,121,32.37,0.86,2180.3,2552,2688.16,0.22,3614.63
Bamboo Basket,Clay,1453,713,37.46,2.67,2373.39,2923,3131.84,0.27,4722.48
Bamboo Basket,Jute,1090,1038,7.4,1.26,1817.27,1926,2177.12,1.0,4223.9
Terracotta,Beads,302,344,44.82,1.14,2734.33,3288,3609.63,0.61,2901.46
Metal Craft,Bamboo,442,923,43.56,0.66,199.82,258,305.35,0.9,2407.39
Embroidered Cloth,Jute,618,1059,56.98,1.49,3290.93,3823,4517.97,0.81,4661.87
Embroidered Cloth,Beads,796,362,15.86,4.92,817.12,1054,1355.91,0.31,2300.57
Terracotta,Wood,1169,823,32.81,0.48,2709.27,2997,3224.74,0.97,4765.15
Embroidered Cloth,Clay,241,640,50.25,2.64,835.24,932,1045.64,0.79,1982.13
Handloom Saree,Brass,909,62,49.98,1.8,268.18,298,320.11,0.58,1804.42
Metal Craft,Clay,541,405,32.58,1.24,2536.74,3265,3685.21,0.59,3171.28
Pottery,Terracotta,1162,482,19.01,4.58,2318.16,2736,3218.17,0.34,3766.98
Cane Furniture,Wood,858,726,47.14,4.67,1154.26,1287,1555.96,0.9,3365.26
Cane Furniture,Wood,336,792,30.1,0.94,2889.64,3781,4777.54,0.83,3849.59
Handloom Saree,Terracotta,293,376,55.17,4.74,3219.42,3843,4554.68,0.97,3687.38
Handmade Jewellery,Bamboo,1119,323,35.89,0.46,2912.34,3836,4549.38,0.47,4223.09
Terracotta,Wood,935,831,41.4,2.23,1548.2,1709,1804.04,0.68,3769.35
Cane Furniture,Beads,1138,565,51.94,4.58,2342.51,2503,3021.39,0.52,4110.42
Jute Bag,Bamboo,672,779,44.62,2.28,234.76,288,361.22,0.53,2575.91
Handloom Saree,Clay,1023,689,24.52,1.67,738.25,953,1035.78,0.22,2908.47
Handmade Jewellery,Clay,898,975,28.74,3.84,632.49,726,865.81,0.24,3197.72
Terracotta,Terracotta,1121,482,57.16,4.23,2135.42,2266,2689.41,0.25,3652.72
Jute Bag,Beads,795,98,40.93,1.81,511.8,583,630.96,0.54,1869.47
Bamboo Basket,Clay,692,106,31.4,2.07,3315.01,3514,4152.31,0.44,3229.77
Cane Furniture,Bamboo,279,841,59.41,0.29,2962.04,3827,4325.21,0.89,4188.55
Wooden Craft,Silk,123,110,45.6,1.03,2605.21,3011,3578.33,0.35,2166.95
Wooden Craft,Cotton,607,1153,7.74,1.42,3749.61,3980,4320.94,0.61,4772.82
Jute Bag,Wood,1479,166,43.87,4.71,1513.9,1722,1813.92,0.33,3503.0
Handloom Saree,Beads,196,171,14.68,3.61,2379.29,2572,3153.59,0.56,2311.13
Jute Bag,Brass,1239,510,33.31,0.62,2279.34,2576,3112.63,0.28,3923.04
Handmade Jewellery,Terracotta,386,244,24.95,1.33,119.78,156,180.61,0.34,1147.6
Pottery,Clay,1276,1153,6.33,1.81,2277.37,2588,2733.38,0.85,4979.08
Handloom Saree,Wood,172,183,42.93,1.58,2705.22,3046,3634.19,0.52,2416.51
Bamboo Basket,Wood,875,265,14.66,3.03,1056.82,1263,1438.49,0.61,2430.27
Wooden Craft,Cotton,101,1140,15.0,0.52,809.5,927,1076.21,0.35,2334.67
Handloom Saree,Bamboo,640,834,45.38,0.37,1016.51,1151,1290.91,0.57,2994.78
Handloom Saree,Beads,528,541,51.36,2.65,2119.23,2664,2983.41,0.3,3194.04
Pottery,Jute,225,436,51.33,3.83,528.98,601,648.52,0.63,1728.6
Terracotta,Beads,1300,343,38.22,4.37,1761.75,2180,2825.13,0.97,3884.58
Jute Bag,Silk,1469,104,50.82,3.52,3557.48,3894,4126.05,0.9,4770.06
Terracotta,Jute,766,521,5.7,4.37,1199.67,1560,1659.14,0.78,2928.86
Jute Bag,Clay,297,1193,37.96,4.06,2405.43,2900,3289.21,0.66,4051.98
Pottery,Brass,358,824,32.7,4.35,3409.51,3858,4574.51,0.87,4273.94
Bamboo Basket,Cane,615,561,38.37,4.66,1558.75,1961,2301.16,0.97,3200.0
Handmade Jewellery,Cane,1155,1135,23.57,2.79,891.06,982,1044.94,0.5,4116.92
Metal Craft,Clay,895,942,38.7,2.97,511.99,557,644.38,0.42,3120.51
Handloom Saree,Wood,864,967,32.51,4.22,1276.09,1685,1851.71,0.86,3812.18
Jute Bag,Clay,324,1093,59.41,0.92,2123.85,2523,2799.54,0.95,3936.82
Bamboo Basket,Wood,136,356,36.5,2.55,2106.96,2461,2741.08,0.74,2330.01
Handmade Jewellery,Brass,1183,1110,11.24,3.63,492.27,530,678.38,0.24,3552.97
Embroidered Cloth,Silk,1092,1029,39.23,3.56,2866.12,3813,4164.37,0.66,5384.38
Bamboo Basket,Jute,545,710,44.61,3.41,1686.4,1968,2398.56,0.53,3200.22
Pottery,Jute,253,567,56.92,0.33,3542.1,3813,4115.71,0.99,3661.03
Handloom Saree,Jute,672,942,41.86,1.02,1871.8,2021,2529.15,0.68,3709.43
Handloom Saree,Terracotta,1233,599,31.01,0.29,2229.03,2738,3384.45,0.98,4398.12
Handloom Saree,Terracotta,82,426,42.46,1.93,2170.65,2590,3303.01,0.8,2566.47
Bamboo Basket,Jute,1129,275,53.75,4.21,2300.59,3032,3431.18,0.7,3836.34
Pottery,Cane,1302,366,46.58,3.24,2435.67,3083,3483.47,0.67,4257.85
Metal Craft,Clay,806,172,9.03,4.08,1123.08,1232,1352.07,0.29,2090.05
Cane Furniture,Cane,777,118,32.52,1.85,180.0,238,293.13,0.87,1743.22
Handloom Saree,Brass,476,259,33.47,2.93,481.96,564,633.31,0.41,1716.19
Wooden Craft,Cane,899,476,22.14,1.6,1401.25,1622,2002.5,0.31,3072.83
Wooden Craft,Bamboo,192,796,27.79,3.48,2717.92,3385,4156.16,0.28,3503.37
Metal Craft,Bamboo,388,736,5.36,2.45,2574.51,2804,2967.63,0.49,3249.06
Embroidered Cloth,Beads,673,214,12.95,3.51,1783.11,2135,2767.77,0.64,2679.43
Metal Craft,Silk,1121,744,28.35,4.68,2099.63,2304,2522.68,0.97,4250.27
Terracotta,Beads,947,385,53.1,2.86,594.59,751,913.45,0.26,2408.0
Handmade Jewellery,Brass,228,849,25.76,2.28,927.97,1033,1162.81,0.73,2448.72
Terracotta,Terracotta,1237,525,33.57,2.87,1902.51,2371,3012.19,0.91,4102.3
Metal Craft,Cane,860,237,52.67,4.91,470.19,583,667.25,0.28,2047.09
Cane Furniture,Silk,590,1095,18.69,1.69,725.12,911,1127.25,0.7,3068.15
Handmade Jewellery,Clay,759,277,53.36,0.16,980.99,1213,1394.83,0.88,2612.28
Handloom Saree,Jute,1454,493,57.51,3.06,1171.0,1481,1609.44,0.88,3815.32
Jute Bag,Brass,1014,795,22.34,0.66,1936.11,2042,2270.51,0.61,3836.6
Wooden Craft,Beads,1450,792,8.11,0.61,314.87,374,426.59,0.67,3495.17
Pottery,Jute,787,923,35.62,4.29,2133.94,2273,2577.55,0.65,4067.54
Terracotta,Bamboo,1187,949,6.97,2.69,2856.48,3396,4080.04,0.75,5078.41
Wooden Craft,Beads,947,766,38.8,4.18,2546.18,3365,4301.13,0.29,4430.51
Handmade Jewellery,Terracotta,320,1133,21.27,2.53,738.89,855,984.93,0.73,2805.31
Handmade Jewellery,Brass,477,746,22.4,4.87,293.44,351,454.93,0.44,2253.07
Pottery,Brass,113,540,46.2,1.71,910.24,1062,1259.42,0.72,2052.23
Bamboo Basket,Silk,215,1099,30.15,2.79,1091.49,1265,1484.53,0.79,2832.2
Pottery,Cotton,929,879,13.28,2.57,694.66,908,1114.07,0.59,3065.74
Wooden Craft,Beads,658,356,47.99,3.82,1763.52,2324,3016.61,0.3,2836.17
Terracotta,Cane,653,352,49.31,3.38,2003.12,2336,2481.59,0.2,2999.47
Cane Furniture,Bamboo,445,465,7.07,1.65,184.49,230,290.57,0.89,1580.96
Metal Craft,Jute,517,405,47.31,3.02,1415.61,1764,1905.95,0.61,2486.35
Metal Craft,Cane,289,315,40.63,1.13,877.51,1062,1152.5,0.7,1874.48
Handmade Jewellery,Cane,1476,725,14.43,0.49,392.9,516,657.1,0.62,3478.21
Handmade Jewellery,Cane,805,885,54.38,0.73,164.22,204,215.87,0.54,2793.63
Handmade Jewellery,Cotton,1036,783,40.04,0.89,3016.6,3984,5094.4,0.48,4886.77
Embroidered Cloth,Cotton,270,1044,42.86,1.18,2256.09,2665,3013.5,0.87,3722.86
Embroidered Cloth,Brass,846,1168,41.01,1.22,754.03,865,1029.32,0.97,3543.37
Cane Furniture,Terracotta,547,261,45.45,1.59,1402.93,1824,2335.89,0.65,2528.69
Metal Craft,Bamboo,865,325,19.16,3.5,816.11,1072,1305.93,0.87,2595.14
Cane Furniture,Brass,951,592,19.96,3.64,1195.35,1407,1773.46,0.84,3018.5
Terracotta,Bamboo,211,918,5.59,3.91,2999.73,3292,3747.51,0.71,3658.2
Handloom Saree,Wood,131,905,52.03,1.8,122.45,161,187.44,0.95,2035.4
Handmade Jewellery,Wood,557,111,49.32,1.43,1735.35,1878,2037.0,0.3,2285.99
Jute Bag,Wood,1209,182,31.44,2.8,2841.05,3545,4562.99,0.34,4062.3
Handloom Saree,Brass,1178,627,31.46,1.73,232.81,294,326.4,0.3,2744.72
Cane Furniture,Terracotta,747,896,34.31,4.66,3184.38,3918,4252.84,0.37,4721.97
Bamboo Basket,Terracotta,146,1168,51.77,1.23,836.74,907,1052.87,0.67,2757.22
Wooden Craft,Bamboo,123,303,11.24,1.31,1075.59,1135,1302.09,0.24,1385.88
Bamboo Basket,Cane,1188,362,32.22,3.74,1257.7,1418,1533.37,0.83,3241.66
Bamboo Basket,Wood,115,216,22.2,4.15,507.1,558,723.91,0.74,1138.24
Cane Furniture,Terracotta,373,1041,10.93,1.39,2849.83,3086,3420.53,0.82,3974.89
Handloom Saree,Bamboo,1073,391,8.49,2.04,367.71,414,476.53,0.9,2478.09
Handmade Jewellery,Wood,315,695,35.31,3.57,488.88,603,772.0,0.46,2084.21
Bamboo Basket,Brass,684,740,14.97,3.59,1631.88,2105,2566.99,0.66,3263.72
Wooden Craft,Clay,1168,930,31.45,1.94,1347.97,1788,2237.55,0.29,3915.84
Wooden Craft,Cane,941,1002,20.85,1.26,553.1,712,757.64,0.89,3398.9
Terracotta,Wood,1166,873,59.5,2.67,635.44,678,800.07,0.49,3482.98
Handloom Saree,Clay,802,935,22.42,3.42,1862.6,2098,2500.3,0.75,3942.22
Wooden Craft,Jute,67,251,41.52,1.35,1522.72,1621,1891.54,0.9,1733.43
Handmade Jewellery,Wood,1451,800,21.23,3.69,654.91,719,784.27,0.4,3736.15
Jute Bag,Beads,788,586,24.77,0.72,196.15,235,247.01,0.45,2026.0
Handloom Saree,Cotton,437,1159,13.4,3.58,1586.86,1799,2217.45,0.56,3494.65
Handloom Saree,Wood,1366,342,37.5,4.57,1693.74,1865,2332.65,0.77,3656.22
Handmade Jewellery,Brass,322,569,48.64,0.52,1991.3,2356,3004.79,0.23,2709.89
Wooden Craft,Beads,216,509,25.08,3.1,2705.51,3548,4448.74,0.6,3209.52
Metal Craft,Jute,698,402,14.86,1.21,3576.78,3868,4379.91,0.67,3889.28
Handmade Jewellery,Beads,304,1158,58.32,3.5,185.25,241,284.43,0.87,2637.1
Cane Furniture,Beads,186,239,43.98,1.15,972.18,1121,1391.23,0.99,1739.71
Wooden Craft,Wood,392,731,59.23,3.24,277.05,295,378.33,0.51,2102.53
Terracotta,Cotton,1167,388,41.99,3.55,1899.61,2041,2199.69,0.34,3399.47
Handloom Saree,Cotton,219,750,30.44,4.71,496.78,608,730.81,0.66,2145.29
Pottery,Cotton,1471,732,50.88,2.5,2606.81,3302,3728.99,0.43,5104.05
Handloom Saree,Silk,620,906,59.98,4.23,1253.18,1573,1829.94,0.61,3413.71
Jute Bag,Cane,775,357,42.91,3.08,2306.55,2663,3054.55,0.34,3406.36
Metal Craft,Wood,472,1145,23.74,1.69,1451.85,1645,2077.86,0.41,3392.57
Terracotta,Wood,287,926,9.93,4.8,2305.9,2937,3131.24,0.66,3628.23
Metal Craft,Brass,353,487,56.23,2.96,2614.11,3183,4004.61,0.88,3380.51
Embroidered Cloth,Jute,1269,804,59.84,3.88,683.5,880,934.55,0.82,3768.56
Terracotta,Wood,657,75,5.63,0.74,508.72,633,775.1,0.2,1374.11
Wooden Craft,Bamboo,689,256,19.85,1.11,3295.25,3838,4279.43,0.67,3499.35
Jute Bag,Brass,225,498,48.21,3.4,2678.23,3053,3763.34,0.93,3233.52
Handmade Jewellery,Wood,137,705,23.15,4.81,1720.59,1908,2257.49,0.71,2664.49
Handloom Saree,Cotton,280,204,38.62,4.82,365.25,460,515.42,0.55,1338.68
Handmade Jewellery,Silk,1426,1067,40.95,4.79,2261.62,2667,2873.97,0.54,5179.76
Bamboo Basket,Cotton,1400,761,33.26,1.23,2922.59,3809,4760.52,0.92,5272.39
Metal Craft,Cotton,722,440,6.22,4.36,370.21,456,510.79,0.98,2097.79
Embroidered Cloth,Jute,1446,457,20.84,1.01,2856.58,3399,4297.35,0.24,4475.31
Handloom Saree,Clay,1172,965,24.61,0.9,829.03,993,1081.57,0.54,3556.98
Handmade Jewellery,Beads,1081,1018,34.14,2.02,2057.52,2346,2996.75,0.21,4432.88
Terracotta,Beads,480,653,12.49,4.45,668.13,745,905.49,0.85,2364.0
Embroidered Cloth,Brass,796,1080,23.44,4.1,3196.65,3876,4445.89,0.28,4834.39
Handmade Jewellery,Beads,624,76,19.13,3.35,186.83,201,244.02,0.91,1571.71
Cane Furniture,Cotton,1333,246,22.3,1.09,2427.07,2929,3359.39,0.43,3919.68
Handloom Saree,Silk,1372,806,14.51,1.79,1910.72,2409,2624.99,0.45,4372.29
Bamboo Basket,Jute,112,456,47.68,4.01,1955.74,2212,2791.19,0.21,2413.78
Handloom Saree,Jute,1474,1138,41.05,2.15,3274.44,3636,4566.15,0.9,5908.85
Terracotta,Silk,448,154,31.84,0.86,3199.46,3838,4904.02,0.99,3313.72
Metal Craft,Silk,459,76,33.13,3.26,3297.53,3474,3804.03,0.6,2955.9
Wooden Craft,Clay,613,595,48.99,1.79,1690.02,2095,2559.44,0.74,3084.4
Wooden Craft,Wood,1467,524,38.36,3.06,753.06,912,1052.93,0.64,3434.27
Terracotta,Terracotta,147,1193,29.21,0.55,2302.56,2769,3358.23,0.81,3751.66
Pottery,Clay,302,181,34.54,1.1,1720.48,1829,2142.28,0.98,2141.93
Wooden Craft,Cotton,292,313,57.86,0.16,1346.34,1714,1907.78,0.85,2116.36
Cane Furniture,Cane,1229,717,26.94,4.53,3181.59,3490,3818.23,0.68,4885.09
Embroidered Cloth,Clay,77,516,22.36,0.53,217.81,250,295.23,0.22,1076.82
Metal Craft,Bamboo,1405,788,30.27,1.81,3110.94,3819,4236.47,0.41,5235.83
Handloom Saree,Silk,783,924,44.8,4.05,2016.5,2257,2839.83,0.79,4124.85
Jute Bag,Wood,170,994,16.81,1.84,2846.3,3409,3709.81,0.85,3930.11
Metal Craft,Bamboo,890,1144,31.44,2.3,1720.24,2240,2682.82,0.68,4205.02
Pottery,Wood,509,881,38.96,3.83,367.21,474,509.67,0.69,2435.56
Handloom Saree,Silk,383,333,57.68,4.29,1317.43,1593,1967.2,0.53,2276.44
Terracotta,Bamboo,971,711,8.86,0.23,1468.59,1770,1933.79,0.4,3371.14
Cane Furniture,Silk,1415,573,34.44,3.55,3179.04,3365,3727.27,0.82,4821.67
Bamboo Basket,Bamboo,587,590,36.15,2.41,1393.68,1802,1975.41,0.29,2810.49
Handmade Jewellery,Cotton,1346,209,12.74,3.61,268.04,329,347.35,0.6,2379.08
Wooden Craft,Brass,1437,664,59.56,3.46,1842.62,2285,2524.24,0.62,4488.01
Pottery,Cane,641,632,51.52,1.8,354.28,438,469.37,0.81,2386.81
Cane Furniture,Brass,119,265,8.98,4.4,2105.85,2527,2896.84,0.63,2090.18
Metal Craft,Jute,1382,945,8.39,3.31,2886.76,3387,4355.31,0.23,5313.08
Handloom Saree,Jute,1242,527,5.46,0.51,1600.24,1785,2290.65,0.73,3532.02
Terracotta,Cotton,1110,1086,6.59,3.48,2853.84,3683,4064.44,0.25,5275.37
Cane Furniture,Beads,843,793,48.12,4.14,1906.11,2144,2475.25,0.65,3927.93
Cane Furniture,Clay,560,736,10.41,4.59,2681.35,3471,3726.89,0.47,3835.5
Jute Bag,Beads,850,146,22.58,4.07,1598.34,2127,2265.74,0.54,2747.37
Bamboo Basket,Brass,369,245,26.75,0.96,608.57,717,754.59,0.31,1485.93
Cane Furniture,Cotton,1384,637,25.08,4.57,1459.94,1936,2208.76,0.63,3946.55
Metal Craft,Terracotta,1047,331,28.55,1.06,2437.89,2637,2911.01,0.27,3622.79
Jute Bag,Wood,650,144,51.16,3.3,1311.36,1678,2011.22,0.67,2208.5
Embroidered Cloth,Terracotta,687,540,26.65,1.21,2659.22,3447,3796.91,0.32,3660.8
Bamboo Basket,Terracotta,532,479,56.11,1.59,1278.35,1612,2025.23,0.99,2898.04
Handmade Jewellery,Bamboo,1042,879,50.33,0.13,3151.96,3484,4420.43,0.22,4605.6
Handmade Jewellery,Cane,551,813,15.56,3.23,1348.17,1792,2131.05,0.73,3199.1
Handloom Saree,Terracotta,199,924,35.22,3.42,750.26,932,997.16,0.54,2290.25
Embroidered Cloth,Cane,1465,222,46.52,3.28,3314.87,3941,4740.93,0.5,4776.22
Wooden Craft,Clay,1446,980,18.87,1.1,1449.46,1682,2028.89,0.28,4371.03
Handloom Saree,Clay,509,110,42.93,4.28,3111.29,3803,4279.48,0.66,3198.11
Handloom Saree,Cane,210,767,30.21,3.33,1247.48,1558,1664.82,0.28,2381.57
Wooden Craft,Cane,1141,645,10.57,4.38,2532.49,2935,3165.79,1.0,4464.78
Cane Furniture,Clay,997,75,18.43,2.85,2974.94,3538,4351.35,0.29,3565.74
Handmade Jewellery,Jute,975,313,28.64,2.18,283.37,321,376.36,0.61,2242.45
Bamboo Basket,Beads,83,313,50.05,2.78,828.91,903,1173.26,0.43,1480.2
Cane Furniture,Cane,856,1126,49.65,3.73,2373.09,2789,3252.21,0.4,4579.73
Terracotta,Clay,258,462,28.26,2.63,2569.62,2861,3564.94,0.81,2894.78
Cane Furniture,Silk,657,419,46.13,2.26,897.4,1154,1326.82,0.98,2631.61
Wooden Craft,Cotton,689,173,8.91,2.49,2645.75,2861,3089.75,0.56,3067.56
Embroidered Cloth,Wood,1240,563,56.18,4.02,1191.0,1499,1842.8,0.95,3783.23
Cane Furniture,Wood,673,370,39.31,2.86,425.29,449,576.71,0.89,2095.23
Jute Bag,Cane,209,1010,54.12,3.62,1341.0,1541,1891.5,0.96,3197.3
Jute Bag,Bamboo,182,968,42.36,1.34,2244.9,2609,3170.57,0.46,3547.38
Handmade Jewellery,Beads,923,630,6.72,0.93,1061.07,1275,1451.95,0.53,2914.76
Pottery,Clay,1048,987,32.34,0.76,3138.58,3574,4030.04,0.72,4970.9
Handloom Saree,Clay,250,451,56.33,1.73,3291.36,3494,4385.37,0.88,3315.67
Metal Craft,Jute,414,870,19.62,2.25,2454.44,3245,3468.99,0.42,3731.04
Wooden Craft,Brass,564,242,15.53,0.92,721.46,815,998.8,0.78,1754.6
Wooden Craft,Cotton,818,1162,50.75,2.4,3594.62,3913,4579.17,0.36,5185.69
Wooden Craft,Jute,635,400,53.23,0.72,3277.64,3845,4425.95,0.33,3900.45
Wooden Craft,Silk,836,788,37.07,4.55,2442.21,2686,2822.83,0.71,3966.01
Wooden Craft,Wood,887,217,48.44,3.21,2331.92,2687,3178.8,0.41,3358.99
Embroidered Cloth,Wood,988,829,33.65,2.3,789.68,880,1028.71,0.3,3154.42
Handmade Jewellery,Brass,668,183,39.38,1.76,724.6,816,925.09,0.76,2030.03
Wooden Craft,Silk,1485,454,18.03,2.3,3240.92,3858,4243.2,0.45,4886.88
Wooden Craft,Beads,1285,409,12.13,2.32,2708.31,3236,3665.41,0.34,4134.63
Jute Bag,Wood,572,374,13.03,1.52,1855.11,2095,2596.97,0.38,2597.83
Jute Bag,Bamboo,1422,533,56.86,3.64,1692.15,1806,2275.98,0.71,4059.55
Bamboo Basket,Brass,1328,789,48.74,4.85,1224.75,1428,1701.13,0.96,4132.13
Handloom Saree,Brass,297,1174,14.87,3.85,2257.92,2519,2748.69,0.48,3663.29
Handloom Saree,Silk,444,562,25.23,2.82,714.52,842,1049.5,0.96,2161.02
Embroidered Cloth,Clay,1078,1191,56.83,3.8,1932.7,2460,3139.33,0.47,4772.75
Jute Bag,Terracotta,950,270,39.8,4.88,2751.62,3095,3515.81,0.76,3769.62
Wooden Craft,Beads,737,220,38.23,4.41,181.33,206,260.4,0.29,1774.22
Handmade Jewellery,Brass,1330,491,33.23,2.97,1689.79,1835,2241.8,0.62,3727.55
Metal Craft,Brass,813,1133,32.78,2.7,2482.68,3107,3740.23,0.55,4772.91
Cane Furniture,Brass,91,153,53.05,0.47,2138.94,2479,3008.22,0.94,2260.58
Cane Furniture,Bamboo,1409,116,41.56,1.76,3227.35,3434,4463.01,0.39,4258.84
Metal Craft,Silk,408,298,47.03,2.74,3167.73,3737,3944.94,0.75,3505.24
Jute Bag,Beads,519,399,17.78,2.72,3068.72,3530,3783.16,0.76,3375.05
Bamboo Basket,Jute,1051,318,37.9,1.4,1403.66,1531,1610.67,0.37,2777.1
Terracotta,Cotton,365,620,39.3,2.84,1326.9,1449,1819.54,0.35,2567.75
Terracotta,Terracotta,1020,770,19.47,2.92,354.67,453,492.49,0.57,3042.63
Cane Furniture,Bamboo,62,352,38.07,2.86,2404.0,2951,3333.67,0.56,2520.74
Metal Craft,Silk,1223,65,15.39,4.31,2902.51,3281,4121.91,0.44,3676.15
Bamboo Basket,Bamboo,907,570,44.36,3.64,3022.73,3546,4042.57,0.57,4480.31
Metal Craft,Jute,1005,1180,49.83,4.9,2896.91,3784,4326.66,0.75,5461.78
Terracotta,Wood,487,65,32.68,3.22,1487.77,1961,2229.89,0.34,2130.24
Handloom Saree,Jute,856,668,57.58,1.15,2456.22,3194,4112.7,0.98,4366.7
Cane Furniture,Clay,663,918,8.39,4.8,2501.35,3269,4003.07,0.7,4280.18
Bamboo Basket,Beads,1102,1043,34.12,2.04,1410.44,1663,2147.81,0.87,4129.2
Pottery,Cotton,874,851,9.31,4.67,510.7,642,710.32,0.22,2745.24
Terracotta,Terracotta,353,628,8.81,1.13,3012.83,3676,4290.87,0.47,3543.31
Metal Craft,Wood,1120,1138,57.04,3.69,1366.93,1555,1954.14,0.29,4213.24
Handmade Jewellery,Cotton,1414,363,50.8,0.45,1884.24,2356,2863.27,0.77,4014.11
Bamboo Basket,Brass,1266,163,52.95,0.86,1719.72,2262,2590.07,0.47,3410.37
Pottery,Jute,1359,1083,13.62,4.77,3167.34,3685,4002.38,0.31,5478.87
Embroidered Cloth,Brass,1182,123,29.53,1.2,2474.03,2983,3328.23,0.5,3490.6
Handmade Jewellery,Cotton,879,955,18.3,2.05,1009.43,1182,1473.94,0.38,3146.01
Pottery,Bamboo,613,683,13.39,4.31,973.49,1218,1553.99,0.28,2626.36
Jute Bag,Clay,898,111,20.98,0.91,741.59,941,1092.07,0.26,2095.01
Wooden Craft,Wood,836,959,28.49,1.24,2932.05,3545,3862.49,0.76,4656.45
Pottery,Cane,507,502,56.5,0.19,2892.1,3176,3963.41,0.35,3367.53
Cane Furniture,Silk,1267,424,48.03,2.7,751.76,924,1093.08,0.61,3149.77
Handmade Jewellery,Cotton,329,795,54.62,4.6,1483.45,1624,1932.66,0.4,2957.84
Jute Bag,Silk,654,503,43.39,2.0,787.26,943,1090.34,0.31,2289.47
Cane Furniture,Bamboo,1470,386,9.11,4.58,896.08,1041,1210.31,0.43,3159.95
Handmade Jewellery,Brass,290,596,29.13,2.03,3186.42,3527,3885.8,0.92,3459.11
Bamboo Basket,Bamboo,796,818,49.5,3.93,3059.48,3594,4377.39,0.93,4734.38
Jute Bag,Beads,713,622,12.75,1.17,851.25,1062,1175.22,0.58,2601.91
Handloom Saree,Silk,902,356,19.95,0.93,494.28,544,589.24,0.61,2154.91
Handloom Saree,Beads,1049,823,12.2,2.34,1122.74,1248,1456.93,0.83,3572.44
Embroidered Cloth,Wood,264,378,22.15,3.23,3177.32,3805,4430.41,0.61,3343.75
Embroidered Cloth,Terracotta,1272,381,23.98,0.62,1268.28,1400,1671.32,0.99,3381.16
Wooden Craft,Beads,879,306,8.84,3.24,2941.68,3146,3418.83,0.98,3712.91
Embroidered Cloth,Cotton,965,984,14.92,3.85,2676.62,3328,3648.49,0.75,4695.48
Cane Furniture,Clay,1369,1176,6.92,2.11,2522.64,3065,3519.22,0.76,5356.3
Bamboo Basket,Terracotta,1493,1100,6.82,0.11,2573.04,3214,3790.43,0.21,5324.43
Terracotta,Bamboo,215,365,55.92,3.26,164.76,212,235.16,0.82,1445.15
Terracotta,Bamboo,1275,1044,45.63,3.16,2187.89,2905,3238.75,0.73,5171.29
Pottery,Brass,689,155,53.28,3.85,3272.31,3886,4434.32,0.48,3774.72
Embroidered Cloth,Wood,1189,1089,25.04,0.16,1638.9,1764,1923.89,1.0,4441.19
Handloom Saree,Bamboo,799,449,18.47,3.68,1143.89,1205,1502.41,0.53,2656.72
Jute Bag,Cotton,1154,746,32.71,3.27,2610.17,3051,3764.86,0.87,4715.17
Embroidered Cloth,Cotton,959,505,23.48,0.86,1995.98,2170,2561.47,0.95,3547.12
Terracotta,Cotton,1406,446,14.6,1.5,2433.68,2727,3258.61,0.34,4155.93
Cane Furniture,Terracotta,781,393,35.51,2.17,1924.31,2231,2880.44,0.37,2992.95
Bamboo Basket,Cane,112,1160,16.85,1.08,2715.57,2983,3690.18,0.84,3863.35
Handmade Jewellery,Terracotta,1434,126,45.85,2.13,2073.38,2659,3163.14,0.93,4035.05
Embroidered Cloth,Bamboo,879,1041,23.05,4.55,2589.93,2875,3357.67,0.32,4411.98
Embroidered Cloth,Jute,813,64,28.87,1.46,1624.32,2154,2542.73,0.71,2690.42
Pottery,Jute,976,210,58.99,4.5,480.75,593,638.75,0.58,2244.28
Cane Furniture,Jute,1353,1189,9.34,0.55,376.26,461,515.14,0.61,3890.35
Handmade Jewellery,Wood,1120,843,18.82,0.91,710.35,873,1074.49,0.84,3183.78
Terracotta,Bamboo,542,387,36.39,2.47,2465.37,3287,3749.18,0.79,3375.72
Handloom Saree,Clay,124,988,50.74,4.67,3218.74,3838,4208.6,0.59,4174.9
Handloom Saree,Silk,848,944,39.88,1.83,2692.35,3049,3536.01,0.96,4446.1
Cane Furniture,Terracotta,468,399,57.13,2.48,864.04,1115,1409.82,0.92,2363.9
Pottery,Terracotta,1262,921,42.78,3.74,3039.35,3258,4032.71,0.95,5240.24
Wooden Craft,Bamboo,1095,514,56.03,1.73,1259.88,1440,1662.06,0.65,3328.5
Handloom Saree,Cotton,1183,443,14.74,0.24,1914.65,2205,2321.9,0.23,3360.43
Embroidered Cloth,Terracotta,802,972,53.28,4.49,2449.5,2991,3808.78,0.43,4540.93
Metal Craft,Silk,238,130,12.74,1.2,432.94,495,577.82,0.29,901.97
Wooden Craft,Bamboo,1150,517,43.47,2.38,363.37,425,496.95,0.56,2790.7
Embroidered Cloth,Clay,1462,232,37.08,1.23,2451.05,2916,3239.15,0.9,4240.89
Cane Furniture,Wood,1238,939,39.96,1.59,1572.55,2027,2393.45,0.71,4409.83
Cane Furniture,Wood,1298,307,37.36,2.83,1004.63,1124,1395.71,0.53,3053.34
Bamboo Basket,Wood,514,1112,13.88,1.92,2025.72,2142,2766.09,0.53,3629.45
Jute Bag,Jute,610,533,14.25,4.86,2813.7,3319,3823.48,0.37,3453.6
Cane Furniture,Terracotta,607,990,6.97,3.55,2702.01,3088,3437.38,0.74,4161.66
Embroidered Cloth,Cotton,1497,1100,59.47,3.45,2274.94,3021,3822.5,0.32,5422.09
Pottery,Brass,1498,90,7.17,0.17,984.14,1075,1311.14,0.25,2854.35
Cane Furniture,Beads,185,958,39.37,3.92,1025.04,1105,1396.37,0.88,2593.03
Handloom Saree,Silk,101,777,48.76,2.14,751.63,913,1057.75,0.3,2049.83
Wooden Craft,Bamboo,609,428,6.85,3.4,186.71,228,267.79,0.57,1676.85
Terracotta,Silk,1167,486,34.82,3.48,644.24,736,906.68,0.74,2998.03
Cane Furniture,Beads,413,184,54.01,1.73,2320.24,3016,3176.92,0.54,3013.73
Bamboo Basket,Cotton,805,230,59.22,3.37,2992.93,3756,4433.27,0.34,3834.29
Bamboo Basket,Wood,1435,161,13.78,1.11,2053.14,2336,2878.16,0.58,3656.51
Metal Craft,Cane,271,1150,58.71,3.53,1887.81,2322,2752.66,0.27,3632.27
Cane Furniture,Beads,1204,825,6.02,2.77,2149.15,2430,2920.39,0.53,4133.11
Metal Craft,Wood,493,477,47.52,1.73,1704.16,2262,2581.48,0.42,2767.46
Bamboo Basket,Wood,1335,314,13.8,3.96,2968.2,3234,4148.75,0.46,4196.81
Cane Furniture,Brass,463,764,16.72,1.43,1504.47,1698,2066.92,0.95,3017.25
Embroidered Cloth,Bamboo,404,752,55.67,0.36,457.95,545,624.6,0.55,2250.05
Bamboo Basket,Jute,1478,551,28.67,2.11,2704.33,2892,3635.92,0.29,4528.52
Terracotta,Brass,886,823,10.43,3.13,1910.0,2507,3044.48,0.91,3881.58
Handloom Saree,Wood,1320,1109,34.93,0.86,1642.48,1787,2283.44,0.86,4682.15
Wooden Craft,Silk,883,366,44.83,4.55,2739.92,3649,4420.14,0.53,4117.98
Jute Bag,Cotton,489,841,31.28,1.2,3156.32,3476,4017.18,0.84,4087.15
Jute Bag,Silk,1195,408,8.28,4.08,1314.82,1550,1965.58,0.77,3217.33
Pottery,Wood,160,669,48.25,1.33,1184.28,1307,1466.07,0.52,2251.04
Handmade Jewellery,Terracotta,618,881,58.63,4.38,3086.16,3299,3893.64,0.59,4481.06
Metal Craft,Terracotta,557,886,48.24,1.95,2296.22,2619,3326.22,0.91,3949.61
Cane Furniture,Wood,537,127,25.91,4.11,499.59,611,764.98,0.3,1485.71
Wooden Craft,Wood,575,243,33.22,4.09,414.16,545,688.76,0.73,1848.62
Embroidered Cloth,Terracotta,732,64,15.68,0.74,1280.2,1386,1764.81,0.91,2288.64
Metal Craft,Bamboo,1299,635,23.32,2.06,977.26,1149,1347.72,0.34,3438.48
Terracotta,Brass,1314,979,26.75,4.11,1570.43,1809,2175.4,0.32,4364.51
Jute Bag,Bamboo,885,329,15.64,2.81,1312.92,1713,1977.77,0.65,2887.48
Wooden Craft,Cane,599,980,38.06,1.7,3660.42,3987,4508.91,0.87,4735.1
Pottery,Silk,1449,472,28.81,0.81,3485.67,3922,4862.85,0.88,5204.13
Pottery,Brass,1209,1016,26.68,3.42,3009.45,3172,3908.62,0.96,5145.12
Embroidered Cloth,Silk,986,1054,33.82,2.57,219.44,291,306.77,0.62,3359.74
Wooden Craft,Cane,1184,793,24.83,4.01,1224.84,1463,1764.07,0.87,3773.33
Embroidered Cloth,Beads,1154,205,32.43,4.8,728.28,910,1113.54,0.82,2776.23
Handloom Saree,Jute,924,235,50.98,4.09,1799.76,2210,2456.68,0.21,3025.27
Handmade Jewellery,Clay,1223,328,6.93,0.28,689.92,904,1069.39,0.25,2563.75
Terracotta,Brass,1055,769,8.7,1.34,1340.44,1711,2095.33,0.82,3554.51
Terracotta,Silk,973,734,43.83,2.72,1725.19,1819,1950.7,0.3,3484.76
Pottery,Wood,1263,61,44.27,4.35,2932.05,3259,4040.18,0.96,4041.49
Handloom Saree,Jute,1219,490,37.57,4.12,1592.31,1825,2252.94,0.81,3663.5
Jute Bag,Beads,820,1008,39.27,2.52,381.55,488,565.52,0.52,3225.84
Cane Furniture,Bamboo,76,991,52.21,1.62,827.52,1013,1065.89,0.35,2525.83
Embroidered Cloth,Silk,478,90,43.78,4.27,1885.37,2276,2566.21,0.4,2335.23
Pottery,Brass,533,863,29.71,3.3,1092.64,1409,1769.61,0.53,2844.37
Cane Furniture,Brass,947,962,42.28,2.44,735.17,961,1224.23,0.84,3571.93
Wooden Craft,Cotton,1492,747,18.97,4.31,2156.73,2640,2893.36,0.74,4730.52
Handmade Jewellery,Bamboo,889,547,57.19,1.74,590.66,711,783.48,0.72,2786.05
Cane Furniture,Wood,1420,86,26.43,2.61,694.97,877,1120.64,0.95,2877.23
Wooden Craft,Bamboo,127,216,11.04,2.91,2752.92,2921,3544.34,0.87,2329.08
Pottery,Brass,1247,480,45.84,1.18,1668.39,1882,2374.88,0.75,3715.17
Embroidered Cloth,Terracotta,1493,1120,14.23,2.16,1424.74,1686,2168.67,0.37,4619.32
Handmade Jewellery,Terracotta,824,813,26.03,4.68,2589.15,3017,3375.0,0.78,4298.57
Handmade Jewellery,Beads,571,66,53.51,2.28,722.71,866,1050.35,0.41,1664.22
Cane Furniture,Terracotta,76,1033,16.25,0.99,3397.32,3776,4377.45,0.76,3880.36
Cane Furniture,Brass,696,1050,57.49,1.31,1416.41,1515,1630.14,0.51,3633.2
Metal Craft,Silk,1420,664,53.32,0.45,3345.95,3957,4874.43,0.5,5219.58
Handmade Jewellery,Bamboo,1251,1090,59.01,0.57,1138.36,1242,1405.42,0.78,4279.46
Cane Furniture,Terracotta,279,419,46.91,4.87,1446.77,1763,2269.94,0.66,2358.12
Pottery,Beads,1266,667,33.0,4.45,3548.49,3856,4208.38,0.79,5146.87
Cane Furniture,Terracotta,1217,906,52.11,2.46,905.74,1069,1182.51,0.36,3756.02
Bamboo Basket,Jute,361,782,41.11,0.19,3384.81,3665,4261.55,0.21,3947.69
Handmade Jewellery,Bamboo,513,498,46.39,0.25,1859.62,2066,2344.44,0.77,2790.93
Metal Craft,Cotton,998,1177,45.69,1.34,1360.67,1553,1858.77,0.48,4310.88
Terracotta,Silk,854,848,16.13,1.15,2625.14,2971,3718.47,0.33,4045.22
Handmade Jewellery,Clay,113,462,55.43,3.56,1398.28,1582,1911.29,0.39,1860.25
Handloom Saree,Brass,252,1179,23.75,2.1,1347.64,1788,2189.95,0.72,3341.83
Handloom Saree,Silk,1233,544,59.25,0.53,1329.09,1697,1909.53,0.63,3619.87
Terracotta,Wood,724,982,43.81,2.93,493.71,632,777.72,0.78,3195.98
Handmade Jewellery,Clay,565,356,57.51,0.73,652.85,741,872.01,0.47,2115.38
Terracotta,Cane,1471,485,7.11,2.07,935.73,1013,1137.49,0.3,3264.55
Bamboo Basket,Cane,184,803,56.58,0.36,1472.41,1735,2193.62,0.28,2487.44
Handloom Saree,Jute,913,1109,49.77,3.07,693.02,823,888.02,0.74,3610.15
Handmade Jewellery,Terracotta,259,548,16.28,3.26,3121.09,3789,4040.82,0.7,3401.4
Handmade Jewellery,Cotton,948,1156,50.84,2.09,2909.5,3107,3553.27,0.26,4897.52
Bamboo Basket,Silk,1221,221,46.58,3.26,1745.45,1910,2043.65,0.88,3521.08
Jute Bag,Terracotta,379,561,12.26,4.78,3489.32,3949,4677.78,0.83,3723.52
Bamboo Basket,Silk,1078,346,31.06,2.13,395.05,506,554.07,0.55,2402.77
Pottery,Wood,1309,571,32.23,3.09,1108.58,1315,1699.96,0.74,3660.81
Bamboo Basket,Jute,419,596,55.78,4.04,2241.21,2424,3068.56,0.5,3216.49
Cane Furniture,Clay,902,801,6.42,0.2,3114.64,3530,3980.99,0.46,4303.11
Jute Bag,Clay,60,867,24.34,4.54,3282.97,3456,3777.0,0.82,3774.97
Pottery,Bamboo,243,579,26.71,3.75,1332.13,1623,2065.86,0.33,2245.69
Handmade Jewellery,Clay,744,589,15.7,2.01,568.47,683,744.26,0.94,2497.16
Handmade Jewellery,Bamboo,1399,1071,37.57,4.41,3149.2,3794,4638.06,0.92,5930.86
Handmade Jewellery,Terracotta,1482,1142,49.08,0.44,2028.26,2205,2580.0,0.9,5190.07
Handloom Saree,Wood,260,539,32.83,1.19,932.21,992,1200.69,0.9,2040.34
Wooden Craft,Clay,202,668,33.2,3.41,1969.0,2375,2770.62,0.89,2867.23
Handmade Jewellery,Cane,1123,1040,41.62,0.45,2695.7,3562,4490.31,0.57,5176.37
Jute Bag,Silk,196,772,27.86,3.67,452.62,482,579.42,0.4,2054.73
Metal Craft,Terracotta,723,856,44.22,0.3,425.14,470,513.29,0.81,2842.24
Jute Bag,Cotton,1283,725,28.23,1.34,1993.46,2231,2763.64,0.27,4095.7
Handloom Saree,Clay,547,102,23.41,2.6,316.63,368,419.28,0.97,1504.94
Pottery,Beads,787,576,34.21,2.1,2672.61,2974,3284.0,0.25,3673.89
Metal Craft,Terracotta,1109,422,54.77,2.84,969.77,1073,1311.37,0.79,3000.77
Wooden Craft,Wood,57,1142,45.22,4.95,3010.93,3939,4181.29,0.48,4426.96
Handmade Jewellery,Clay,1426,940,16.52,0.25,929.84,1114,1217.72,0.85,3944.41
Terracotta,Cotton,1429,198,16.26,1.92,933.32,1233,1568.65,0.71,3128.45
Embroidered Cloth,Jute,1415,617,45.83,4.75,1017.05,1179,1285.77,0.45,3738.83
Handmade Jewellery,Brass,59,1160,47.19,4.72,612.15,774,829.01,0.7,2623.01
Wooden Craft,Silk,1360,440,49.68,0.89,2055.62,2496,2880.17,0.87,4153.08
Handloom Saree,Clay,1374,757,41.97,1.34,2772.71,2980,3137.87,0.6,4875.63
Jute Bag,Cotton,1124,1185,39.43,2.14,1563.8,1750,2250.34,0.75,4317.76
Handmade Jewellery,Beads,293,316,58.73,3.25,316.25,388,426.75,0.71,1393.0
Metal Craft,Brass,260,416,34.45,4.6,2876.39,3276,3937.44,0.32,3151.4
Bamboo Basket,Cotton,953,1037,19.58,4.19,1247.66,1376,1548.63,0.61,3858.34
Jute Bag,Silk,899,479,5.44,2.24,468.65,589,622.1,0.51,2383.24
Handloom Saree,Bamboo,1411,723,20.13,4.19,411.07,514,595.24,0.73,3331.03
Jute Bag,Clay,1451,651,32.15,3.51,2734.53,3276,4015.25,0.95,4869.49
Cane Furniture,Beads,652,226,41.17,4.19,1966.8,2498,2941.53,0.62,2953.31
Wooden Craft,Silk,1140,182,37.36,1.78,2507.98,3185,3959.99,0.58,3883.56
Handloom Saree,Silk,354,282,54.34,4.52,2823.88,3036,3620.61,0.49,2956.78
Wooden Craft,Brass,324,541,23.6,1.33,3025.69,3257,3968.82,0.36,3284.02
Embroidered Cloth,Cane,288,1086,9.95,2.86,2049.87,2565,3249.08,0.55,3603.1
Embroidered Cloth,Brass,337,203,7.94,3.11,166.78,199,244.13,0.67,1060.3
Handloom Saree,Clay,1305,860,51.92,1.34,1632.73,1940,2100.94,0.73,4336.33
Bamboo Basket,Clay,1316,650,57.48,0.8,1152.15,1364,1705.84,0.79,3678.26
Handloom Saree,Brass,1179,332,56.97,3.92,2039.42,2310,2500.95,0.71,3789.17
Handloom Saree,Terracotta,282,1107,39.96,0.83,3440.19,3750,3963.4,0.87,4436.16
Bamboo Basket,Jute,1218,717,36.12,1.63,153.95,167,192.2,0.52,2927.2
Bamboo Basket,Wood,690,332,57.05,0.81,1288.34,1482,1824.51,0.35,2405.31
Bamboo Basket,Wood,140,505,6.04,0.72,1539.92,1648,2039.87,0.67,2000.91
Embroidered Cloth,Wood,896,87,28.08,4.91,2596.34,3338,3687.64,0.66,3629.77
Handmade Jewellery,Beads,854,203,12.44,1.44,1642.22,1827,2131.64,0.38,2530.22
Jute Bag,Beads,839,644,44.86,1.81,2684.91,3538,4438.01,0.99,4311.15
Pottery,Wood,144,542,38.66,3.96,2289.59,2953,3641.81,0.42,3021.67
Cane Furniture,Brass,505,218,28.17,4.21,1956.77,2234,2618.64,0.91,2645.96
Terracotta,Bamboo,59,495,48.53,0.59,1751.19,2275,2625.3,0.44,2344.55
Handmade Jewellery,Cotton,308,134,19.31,4.72,406.25,457,488.95,0.68,1275.02
Bamboo Basket,Bamboo,974,776,12.18,4.82,1315.95,1419,1641.16,0.47,3364.96
Cane Furniture,Wood,258,879,35.48,3.56,2848.6,3420,3606.14,0.89,3877.69
Handmade Jewellery,Cane,442,959,10.54,2.18,353.62,419,498.71,0.31,2165.93
Terracotta,Beads,144,66,42.58,1.39,1343.24,1695,2143.15,0.25,1530.89
Wooden Craft,Terracotta,896,365,43.66,1.0,2912.92,3074,3829.86,0.66,3702.9
Handloom Saree,Brass,1424,357,18.73,2.91,3014.41,3561,4576.17,0.43,4439.95
Pottery,Cotton,161,732,35.03,2.78,883.55,1042,1123.18,0.57,2191.87
Embroidered Cloth,Silk,1105,235,53.59,0.89,978.14,1150,1386.1,0.2,2477.41
Pottery,Silk,1060,974,45.7,3.18,1045.59,1148,1435.0,0.95,3994.68
Pottery,Clay,754,771,46.61,0.64,3389.39,3917,5056.69,0.36,4427.44
Handmade Jewellery,Bamboo,631,1107,24.26,1.2,3455.87,3711,4366.34,0.68,4775.93
Bamboo Basket,Cane,1019,235,31.47,2.31,508.7,583,618.42,0.3,2237.95
Handmade Jewellery,Jute,1176,472,51.31,2.37,2458.18,2821,3360.38,0.89,4202.76
Handloom Saree,Terracotta,154,270,52.84,2.22,2688.0,3481,3954.16,0.68,2963.52
Cane Furniture,Cotton,1131,1040,29.4,0.53,142.38,188,239.9,0.3,3202.49
Embroidered Cloth,Wood,205,1163,54.2,3.6,2883.21,3384,3759.82,0.47,4242.24
Bamboo Basket,Brass,1497,870,54.49,1.75,2808.19,3078,3815.88,0.41,5204.72
Embroidered Cloth,Cane,998,65,12.11,1.66,2347.06,2576,2947.94,0.83,3029.93
Handloom Saree,Wood,647,848,6.84,1.99,2382.89,2587,3253.82,0.84,3649.67
Cane Furniture,Silk,1008,931,43.48,1.54,1073.62,1334,1422.44,0.24,3533.64
Cane Furniture,Beads,337,461,28.01,4.65,1665.0,2175,2362.64,0.76,2802.18
Handmade Jewellery,Jute,946,81,50.23,2.57,304.46,340,379.91,0.28,1892.49
Cane Furniture,Beads,469,522,5.91,4.09,2087.94,2527,2969.82,0.96,3088.57
Jute Bag,Beads,422,960,25.94,2.74,855.78,977,1220.06,0.83,2949.42
Handmade Jewellery,Silk,612,469,50.82,3.47,2818.75,3730,4740.97,0.8,3905.83
Jute Bag,Wood,915,89,17.0,0.9,2513.52,3183,3937.84,0.43,3212.55
Terracotta,Silk,427,221,45.11,1.71,3100.24,3457,3779.55,0.43,3091.51
Handloom Saree,Wood,162,911,39.98,4.75,469.83,615,685.09,0.36,2196.43
Wooden Craft,Jute,1229,831,35.86,1.98,719.26,866,925.75,0.76,3528.94
Handmade Jewellery,Beads,1262,645,36.47,2.89,873.85,1108,1391.13,0.65,3415.2
Jute Bag,Silk,211,230,43.44,4.53,3117.44,3496,4215.68,0.72,2930.14
Wooden Craft,Jute,983,900,59.69,0.29,512.26,682,723.39,0.4,3311.05
Jute Bag,Bamboo,862,849,45.52,1.16,2485.39,2652,3359.85,0.47,4011.53
Wooden Craft,Brass,714,641,41.42,3.56,2538.91,3376,3563.5,0.21,3966.05
Handmade Jewellery,Clay,353,953,52.79,1.06,887.46,1033,1306.22,0.74,2846.68
Bamboo Basket,Terracotta,1302,1181,52.86,2.94,373.18,469,542.05,0.88,3945.33
Bamboo Basket,Wood,120,876,30.86,4.37,1433.73,1696,1837.01,0.52,2659.69
Cane Furniture,Brass,1166,309,36.79,2.68,387.6,434,531.9,0.97,2547.27
Cane Furniture,Cane,351,304,28.87,2.84,3340.78,3916,4669.54,0.38,3253.94
Bamboo Basket,Silk,524,161,48.45,4.11,243.7,314,348.72,0.39,1553.94
Embroidered Cloth,Cane,776,107,48.28,2.36,2427.22,2599,3075.4,0.28,2997.21
Pottery,Terracotta,1049,825,38.88,2.23,2238.62,2532,3280.23,0.25,4180.83
Bamboo Basket,Wood,1207,527,55.86,4.68,3582.47,3861,4904.19,0.81,4871.87
Metal Craft,Silk,1391,425,39.45,4.16,546.18,599,769.48,0.83,3187.83
Metal Craft,Bamboo,1352,659,43.58,3.61,667.83,805,912.05,0.7,3503.95
Jute Bag,Clay,997,235,43.5,0.13,1602.82,2137,2627.57,0.29,3121.35
Jute Bag,Bamboo,1179,753,8.54,4.0,2726.88,3370,3594.97,0.92,4732.69
Metal Craft,Beads,790,830,10.28,2.07,1881.84,2088,2599.54,0.58,3594.78
Handloom Saree,Brass,1231,253,52.11,3.64,831.19,890,1138.07,0.99,3030.18
Embroidered Cloth,Cane,1254,1098,14.72,0.6,504.6,546,573.86,0.22,3505.98
Metal Craft,Cane,1347,84,45.89,4.1,2839.79,3629,4162.51,0.35,4156.65
Handmade Jewellery,Beads,1031,337,15.33,1.38,1693.14,1811,2275.64,0.47,3101.09
Metal Craft,Cotton,519,476,7.71,3.5,2493.06,2712,3307.6,0.96,3283.62
Handloom Saree,Cotton,716,1106,15.79,2.79,1523.54,1773,2048.77,0.69,3761.69
Handloom Saree,Beads,610,930,42.36,4.38,3286.44,3758,4094.47,0.89,4742.99
Handloom Saree,Terracotta,1326,121,10.68,2.91,1175.42,1419,1698.99,0.42,2840.59
Handloom Saree,Terracotta,56,237,57.07,0.59,1190.98,1298,1592.55,0.52,1518.64
Embroidered Cloth,Terracotta,1229,901,9.4,1.29,1991.12,2596,2794.93,0.3,4409.73
Handmade Jewellery,Clay,1317,656,58.86,4.8,3315.91,3627,4012.15,0.9,5118.79
Cane Furniture,Beads,1203,447,23.09,3.56,1095.05,1189,1538.04,0.55,3077.26
Wooden Craft,Clay,529,912,29.63,1.62,289.99,308,325.72,0.97,2632.56
Cane Furniture,Clay,1363,934,30.19,3.98,317.83,355,381.23,0.52,3526.7
Wooden Craft,Terracotta,1147,422,10.95,3.24,865.99,984,1219.42,0.8,3040.65
Jute Bag,Bamboo,843,460,36.04,4.77,476.58,602,650.97,0.35,2401.19
Jute Bag,Clay,259,937,52.49,1.68,762.89,999,1153.32,0.4,2622.24
Bamboo Basket,Brass,803,1113,6.78,2.97,2656.64,3494,3853.04,0.26,4659.26
Wooden Craft,Jute,198,166,38.67,2.79,1709.83,1950,2424.11,0.46,1964.58
Handloom Saree,Terracotta,444,763,54.5,0.34,842.18,1013,1130.0,0.98,2735.07
Metal Craft,Clay,640,493,20.91,4.26,968.96,1160,1271.93,0.29,2328.44
Cane Furniture,Silk,739,862,24.0,3.79,2816.87,3103,3847.72,0.48,4245.12
Embroidered Cloth,Cotton,239,964,23.38,2.64,1756.46,2185,2834.53,0.74,3412.86
Bamboo Basket,Terracotta,571,313,53.33,4.2,2093.96,2320,2788.62,0.28,2772.07
Wooden Craft,Terracotta,694,923,57.85,3.38,641.37,810,942.26,0.32,3089.45
Metal Craft,Cotton,1208,160,42.04,3.02,1615.55,1892,2356.8,0.87,3367.6
Handmade Jewellery,Silk,1443,850,57.06,1.31,2465.3,3011,3623.76,0.89,5204.13
Embroidered Cloth,Clay,87,666,41.54,3.44,2233.34,2696,3176.83,0.85,3157.41
Bamboo Basket,Cotton,676,875,29.06,4.13,247.58,278,334.58,0.61,2783.37
Handmade Jewellery,Silk,738,583,37.38,1.62,2047.14,2195,2769.66,0.58,3198.7
Handmade Jewellery,Brass,729,1042,14.66,3.33,691.89,906,954.15,0.92,3139.68
Bamboo Basket,Jute,592,56,33.0,4.96,2722.89,2952,3462.48,0.3,2868.79
Handmade Jewellery,Beads,562,1039,23.06,0.47,1280.19,1518,1631.96,0.47,3185.14
Jute Bag,Brass,770,1007,24.55,1.22,203.88,264,291.2,0.58,2639.0
Bamboo Basket,Silk,1017,123,56.48,0.57,1411.6,1509,1618.62,0.29,2690.56
Cane Furniture,Cotton,1297,850,37.77,1.64,2412.67,2563,2883.03,0.99,4764.83
Jute Bag,Cotton,635,424,45.72,2.29,1326.29,1750,1996.42,0.69,2716.29
Metal Craft,Jute,120,713,38.99,4.73,2174.0,2565,3328.0,0.37,3042.05
Embroidered Cloth,Cane,309,207,9.48,0.16,1382.52,1664,2007.09,0.91,1903.55
Wooden Craft,Wood,1405,502,56.93,2.99,1373.26,1700,1984.13,0.99,4146.2
Bamboo Basket,Terracotta,1382,185,50.11,4.41,2447.27,3011,3676.59,0.37,3962.21
Handloom Saree,Cane,131,825,58.31,0.79,2667.37,3037,3240.66,0.42,3340.99
Wooden Craft,Cane,1416,146,59.21,4.42,1249.06,1526,1642.58,0.35,3383.22
Terracotta,Brass,886,1032,23.77,3.34,1331.39,1744,2114.73,0.3,3779.17
Handloom Saree,Terracotta,1018,291,41.09,4.29,2924.58,3403,4385.64,0.6,3971.52
Handmade Jewellery,Terracotta,953,779,47.62,1.75,2205.37,2705,2892.88,0.6,3987.44
Pottery,Brass,914,1178,28.13,3.85,1057.96,1392,1599.62,0.5,3953.27
Handmade Jewellery,Bamboo,468,914,39.37,0.17,2040.14,2359,2772.27,0.59,3481.25
Metal Craft,Brass,610,653,46.56,2.31,717.08,809,958.88,0.97,2684.3
Terracotta,Cane,1265,61,38.01,0.87,2069.47,2580,3056.14,0.63,3402.44
Cane Furniture,Jute,364,803,34.73,1.03,2361.11,3112,3436.63,0.98,3727.05
Pottery,Jute,1372,83,36.52,3.93,1555.33,1810,2217.69,0.95,3384.05
Metal Craft,Silk,1083,1069,37.65,1.41,2169.21,2464,2703.48,0.25,4444.34
Bamboo Basket,Brass,291,751,18.44,4.18,2194.42,2575,2802.68,0.69,3214.15
Terracotta,Beads,1293,416,59.91,3.51,706.61,839,1046.88,0.57,3271.45
Bamboo Basket,Bamboo,431,658,30.77,2.18,1230.99,1304,1671.27,0.84,2632.09
Embroidered Cloth,Wood,504,331,16.97,0.77,3094.95,3553,4357.31,0.74,3278.03
Wooden Craft,Silk,1010,346,28.69,0.38,2822.7,3677,4623.96,0.88,4060.52
Pottery,Bamboo,325,961,6.39,2.89,2897.98,3799,4203.85,0.83,4143.79
Pottery,Clay,807,616,55.41,1.57,259.24,302,374.9,0.87,2607.0
Cane Furniture,Cotton,1331,999,56.54,1.2,2951.95,3136,3450.73,0.89,5315.37
Cane Furniture,Cane,934,385,59.25,2.18,2042.79,2201,2499.08,0.57,3281.91
Handloom Saree,Bamboo,1054,963,50.57,4.9,2719.21,3114,3416.85,0.35,4772.94
Bamboo Basket,Cotton,734,294,34.54,4.26,2636.03,3433,3672.18,0.54,3636.74
Embroidered Cloth,Silk,399,331,10.55,3.07,1443.25,1710,1803.89,0.79,2320.07
Bamboo Basket,Beads,615,444,36.97,3.95,1484.65,1712,2130.84,0.4,2495.4
Handloom Saree,Jute,436,1012,26.22,3.92,2336.36,2895,3691.57,0.3,3896.26
Metal Craft,Brass,964,337,37.7,1.79,1528.7,1986,2369.22,0.28,3208.39
Wooden Craft,Cotton,186,816,46.61,4.13,2660.04,3480,4206.06,0.75,3965.58
Metal Craft,Wood,219,208,26.32,2.19,990.83,1167,1305.63,0.58,1573.33
Cane Furniture,Brass,877,82,20.26,2.43,3065.7,3707,4009.64,0.51,3736.3
Bamboo Basket,Silk,1100,1116,14.58,0.59,2252.05,2795,3570.17,0.72,4822.53
Embroidered Cloth,Jute,1061,70,13.56,3.19,1912.66,2177,2593.42,0.78,2919.76
Terracotta,Silk,1142,1018,9.34,1.51,869.89,1151,1227.02,0.63,3736.04
Handloom Saree,Beads,272,842,49.59,2.12,1158.91,1342,1736.9,0.42,2696.08
Pottery,Clay,1393,541,14.89,1.5,1251.79,1334,1684.13,0.88,3504.32
Terracotta,Beads,800,420,44.54,4.39,3398.92,3858,4480.92,0.48,4180.7
Handmade Jewellery,Brass,1104,742,38.16,2.84,2005.76,2638,2992.1,0.8,4385.59
Embroidered Cloth,Brass,159,212,46.13,2.05,2973.02,3714,4246.73,0.88,3148.08
Wooden Craft,Silk,1051,813,49.77,3.64,587.3,734,796.34,0.51,3351.34
Wooden Craft,Wood,577,124,46.36,0.32,313.61,403,511.51,0.34,1397.13
Embroidered Cloth,Cane,251,256,35.27,0.7,1135.75,1254,1334.37,0.62,1819.46
Handmade Jewellery,Terracotta,1006,118,54.71,4.54,1374.28,1614,1991.02,0.3,2677.1
Metal Craft,Brass,404,977,42.67,4.82,1261.2,1495,1656.85,0.67,3099.24
Wooden Craft,Cotton,284,1079,35.98,3.84,3331.39,3878,4572.52,0.28,4326.02
Jute Bag,Bamboo,724,680,44.98,3.99,2214.34,2505,3048.19,0.61,3691.59
Jute Bag,Bamboo,214,782,34.86,2.22,1822.24,2121,2559.85,0.95,2930.86
Cane Furniture,Jute,1260,1076,14.82,1.94,2422.97,3072,3377.98,0.79,5004.14
Cane Furniture,Cane,774,425,42.4,4.5,1468.94,1836,2176.9,0.84,2937.88
Embroidered Cloth,Jute,1191,824,27.75,4.77,1460.45,1814,2077.81,0.5,3966.3
Handmade Jewellery,Terracotta,1170,578,43.29,0.36,2261.49,2893,3466.37,0.92,4314.64
Handloom Saree,Brass,606,163,10.53,2.04,637.93,850,913.99,0.83,1717.88
Bamboo Basket,Jute,1079,428,27.78,3.11,901.22,1157,1391.64,0.95,3105.79
Pottery,Bamboo,1008,1003,24.39,0.95,2473.83,2827,3267.97,0.65,4477.94
Wooden Craft,Clay,204,1147,18.19,4.47,668.4,857,996.2,0.42,2646.24
Jute Bag,Cane,1165,162,34.01,1.74,2751.65,3188,3579.69,0.29,3635.72
Jute Bag,Cane,967,1193,58.49,3.93,2282.65,2672,3325.96,0.47,4848.47
Cane Furniture,Terracotta,1170,722,9.14,4.8,375.27,436,556.69,0.7,2980.61
Pottery,Clay,897,147,52.66,3.99,2248.81,2910,3116.57,0.47,3398.88
Wooden Craft,Jute,1180,360,44.33,2.49,2184.56,2832,3323.21,0.9,4037.78
Bamboo Basket,Beads,1094,767,7.14,4.25,1721.11,1980,2363.34,0.85,3943.72
Terracotta,Terracotta,699,545,11.41,4.26,2459.62,2680,3065.84,0.63,3467.81
Embroidered Cloth,Silk,1206,895,55.5,1.32,158.58,193,223.91,0.62,3401.24
Terracotta,Cane,784,227,9.06,1.5,3264.64,3789,4032.08,0.34,3598.0
Embroidered Cloth,Terracotta,509,970,46.56,1.4,1873.93,2046,2504.05,0.66,3571.67
Embroidered Cloth,Silk,582,157,21.08,2.16,2562.67,3311,4077.41,0.66,3004.66
Embroidered Cloth,Terracotta,742,453,8.34,1.26,1536.26,1779,2299.8,0.91,2988.78
Embroidered Cloth,Jute,810,180,21.13,4.61,743.2,872,935.93,0.94,2292.44
Terracotta,Silk,1480,362,30.53,0.22,1620.26,1887,2374.0,0.29,3608.25
Terracotta,Cane,803,1189,49.66,1.05,2346.54,2643,3423.04,0.97,4661.18
Handmade Jewellery,Brass,1018,192,16.87,4.25,2354.7,2995,3862.81,0.71,3586.53
Bamboo Basket,Cotton,1104,156,35.8,3.19,600.56,800,848.0,0.36,2464.81
Pottery,Cane,616,635,19.32,2.43,292.51,380,403.02,0.74,2039.31
Jute Bag,Bamboo,136,892,40.26,4.77,428.22,541,691.37,0.34,2224.64
Terracotta,Clay,983,177,33.51,4.65,2337.01,2708,3066.32,0.31,3425.16
Cane Furniture,Bamboo,838,865,14.12,0.85,2703.04,2861,3262.72,0.68,4041.74
Embroidered Cloth,Brass,974,454,27.21,4.33,943.58,1005,1080.51,0.42,2661.76
Cane Furniture,Beads,196,397,53.55,1.55,1743.4,2322,2637.17,0.98,2690.93
Embroidered Cloth,Silk,994,781,18.91,4.88,2949.3,3824,4882.05,1.0,4900.15
Bamboo Basket,Clay,999,256,25.62,2.87,230.03,278,355.08,0.98,2066.88
Jute Bag,Jute,575,398,23.95,0.53,1516.13,1750,2065.91,0.46,2532.46
Wooden Craft,Cane,888,987,43.08,4.57,545.86,708,747.36,0.34,3273.04
Pottery,Brass,189,712,51.63,1.95,2873.77,3293,3796.8,0.72,3452.54
Bamboo Basket,Clay,561,299,38.59,3.61,843.29,902,1131.21,0.44,1874.75
Jute Bag,Silk,443,283,34.16,1.39,1721.05,2212,2619.92,0.67,2466.64
Handloom Saree,Beads,1360,1179,43.1,2.71,792.01,864,1063.98,0.83,4323.57
Metal Craft,Silk,1206,324,35.44,4.81,666.41,867,920.31,0.29,2788.19
Embroidered Cloth,Silk,1250,87,59.26,2.21,2817.15,3424,3657.42,0.66,3946.81
Embroidered Cloth,Jute,842,833,59.78,2.59,2551.8,2840,3235.04,0.67,4260.38
Cane Furniture,Beads,1056,920,34.8,1.18,2794.3,3584,4529.58,0.74,4920.59
Terracotta,Terracotta,90,1079,31.75,1.13,2654.34,3006,3787.28,0.49,3603.33
Handmade Jewellery,Clay,955,762,29.13,1.25,629.91,729,811.11,0.45,2940.06
Bamboo Basket,Silk,1382,859,50.51,0.22,266.88,319,386.52,0.42,3553.9
Jute Bag,Terracotta,750,1028,5.55,1.76,1567.41,1751,2133.7,0.47,3489.38
Jute Bag,Silk,908,440,45.09,2.26,1703.52,2037,2581.8,0.92,3376.66
Wooden Craft,Brass,275,234,20.83,1.32,187.06,248,306.2,0.97,1177.32
Pottery,Brass,137,1136,44.17,1.65,2421.9,2783,3021.93,0.92,3748.47
Terracotta,Beads,773,950,48.46,4.03,263.86,285,328.07,0.43,2793.03
Embroidered Cloth,Clay,1315,1124,11.28,2.79,1451.01,1903,2308.5,0.93,4744.45
Handmade Jewellery,Cotton,571,874,40.66,3.42,240.27,262,315.43,0.71,2510.84
Bamboo Basket,Clay,1294,367,33.2,1.6,3472.94,3861,4165.36,0.38,4530.34
Terracotta,Cane,490,94,45.27,3.45,574.92,703,838.58,0.56,1493.62
Bamboo Basket,Beads,1364,1140,18.5,3.29,2891.56,3069,3362.62,0.45,5370.42
Handmade Jewellery,Brass,1185,910,55.67,1.6,3042.1,3319,3521.75,0.45,4979.86
Metal Craft,Beads,1433,244,35.52,1.55,1021.77,1222,1436.37,0.92,3310.49
Bamboo Basket,Jute,832,170,42.19,1.23,3289.88,3789,4196.16,0.58,3704.85
Pottery,Clay,1285,629,54.27,3.3,3299.0,3589,4497.38,0.58,4899.55
Terracotta,Clay,226,576,49.33,0.98,2998.09,3419,4243.03,0.27,3320.17
Pottery,Beads,379,812,29.53,1.61,1370.42,1481,1814.51,0.72,2738.3
Cane Furniture,Silk,1234,442,35.18,2.46,1315.47,1468,1692.12,0.42,3407.12
Bamboo Basket,Bamboo,882,299,36.1,3.5,1399.11,1510,1655.01,0.87,2822.87
Handloom Saree,Jute,358,311,8.93,3.66,2305.88,2448,3108.34,0.8,2567.94
Handloom Saree,Clay,885,108,52.84,4.0,1421.65,1826,2010.87,0.75,2686.58
Metal Craft,Cotton,967,1183,57.8,1.74,1662.6,2055,2552.87,0.52,4447.1
Pottery,Beads,1356,1007,17.49,4.45,3254.12,3562,4145.82,0.84,5493.79
Pottery,Cane,721,281,59.48,1.47,682.97,904,963.82,0.79,2168.19
Handloom Saree,Brass,66,963,34.14,4.23,1540.76,1902,2247.75,0.57,2897.13
Handloom Saree,Terracotta,1229,1155,28.59,4.34,1329.81,1757,2276.44,0.89,4415.05
Wooden Craft,Jute,733,112,42.55,1.26,2020.54,2152,2498.56,0.73,2738.12
Bamboo Basket,Terracotta,1250,960,43.99,1.21,337.05,396,419.0,0.72,3576.63
Pottery,Clay,303,332,42.8,1.67,1843.16,2171,2792.85,0.8,2360.84
Wooden Craft,Terracotta,587,1101,19.84,2.12,2620.57,2760,3548.28,0.74,4340.74
Cane Furniture,Bamboo,1476,625,35.13,0.51,669.24,802,868.4,0.98,3582.92
Handloom Saree,Silk,555,1194,19.74,0.36,1432.57,1544,1705.81,0.74,3605.38
Handloom Saree,Cane,946,68,54.49,1.81,763.31,890,1115.01,0.37,2108.54
Wooden Craft,Brass,517,902,45.59,1.65,2128.01,2561,2963.75,0.38,3757.37
Metal Craft,Bamboo,1239,124,26.78,3.62,2529.1,2700,3190.56,0.63,3538.53
Wooden Craft,Clay,813,407,41.97,0.85,1392.21,1668,2074.13,0.98,3069.97
Pottery,Jute,339,801,5.53,1.26,2166.02,2369,3063.46,0.25,3049.92
Handmade Jewellery,Wood,910,343,36.36,0.65,3253.32,3835,4044.42,0.32,4112.59
Handloom Saree,Wood,1455,499,22.01,4.44,1258.91,1357,1535.47,0.31,3689.05
Bamboo Basket,Brass,70,365,18.88,0.66,2136.05,2320,2777.46,0.9,2230.38
Cane Furniture,Brass,779,649,7.22,4.47,2617.4,3140,3736.43,0.22,3999.04
Handmade Jewellery,Beads,1206,718,10.74,2.32,2787.8,3236,3918.75,0.69,4703.49
Pottery,Wood,610,1151,58.25,0.81,2540.46,3386,4029.31,0.67,4685.39
Handmade Jewellery,Cane,332,1052,17.11,0.98,2237.53,2521,2944.05,0.9,3657.23
Pottery,Beads,1480,569,46.69,4.99,1399.29,1822,2043.62,0.98,4089.45
Terracotta,Wood,715,892,43.36,0.36,378.49,444,553.83,0.34,2747.9
Metal Craft,Brass,974,160,31.76,4.33,695.81,918,1139.01,0.33,2225.08
Embroidered Cloth,Jute,310,704,57.03,3.59,2881.0,3446,4119.08,0.81,3846.13
Pottery,Cane,1287,634,32.19,4.69,1560.54,2000,2492.67,0.3,3887.43
Metal Craft,Bamboo,195,908,9.66,2.38,1819.9,1973,2268.43,0.34,2751.13
Handloom Saree,Cotton,1375,1023,10.48,4.63,906.48,963,1201.12,0.78,4043.51
Pottery,Clay,366,470,42.4,4.7,335.27,412,534.86,0.74,1879.9
Metal Craft,Clay,147,92,15.6,2.92,1483.87,1939,2082.39,0.6,1736.34
Handloom Saree,Terracotta,275,394,48.48,2.5,1595.32,1882,1988.73,0.77,2467.12
Jute Bag,Bamboo,227,795,19.12,1.28,1440.06,1536,1768.52,0.66,2599.85
Wooden Craft,Silk,283,457,24.53,1.48,485.44,581,729.06,0.83,1775.22
Jute Bag,Cotton,876,827,51.05,4.7,2496.13,2766,3510.39,0.88,4366.86
Pottery,Clay,851,871,7.01,3.02,1214.34,1566,1799.31,0.42,3411.13
Embroidered Cloth,Beads,505,1140,30.55,2.18,2442.01,2814,3133.57,0.41,4247.31
Bamboo Basket,Terracotta,469,78,56.86,1.14,508.01,599,640.05,0.23,1335.89
Cane Furniture,Bamboo,303,776,42.82,4.97,2734.67,3270,3528.01,0.28,3581.06
Wooden Craft,Wood,128,824,28.45,0.74,160.43,207,224.36,0.86,1874.26
Cane Furniture,Cotton,1404,379,27.63,3.04,3486.77,3774,4030.89,0.9,4618.76
Handloom Saree,Brass,1083,1193,18.96,1.72,3131.36,3442,3835.35,0.69,5297.11
Embroidered Cloth,Brass,192,254,40.37,4.42,1222.35,1536,1690.01,0.93,1918.01
Wooden Craft,Wood,567,1081,18.94,4.6,2692.72,3201,3391.93,0.21,4160.01
Handmade Jewellery,Jute,1007,396,44.83,4.49,1683.46,1893,2270.06,0.3,3295.48
Handloom Saree,Brass,462,429,29.8,2.66,2942.68,3886,4912.03,0.38,3569.43
Embroidered Cloth,Cane,677,610,31.04,3.76,1275.23,1561,1787.0,0.95,3042.03
Pottery,Jute,192,558,35.69,1.01,2074.72,2740,3446.63,0.67,2884.22
Handmade Jewellery,Cane,321,1098,8.86,4.9,3073.37,3324,3770.18,0.7,4169.46
Handloom Saree,Clay,1468,323,55.47,0.48,914.7,1117,1225.85,0.88,3381.17
Wooden Craft,Jute,176,782,9.11,4.59,777.24,936,1134.1,0.48,2169.45
Terracotta,Beads,665,997,47.31,3.64,1656.57,1881,2297.44,0.75,3636.4
Pottery,Wood,428,979,45.93,3.82,1218.3,1544,1852.68,0.47,3103.56
Pottery,Cane,1034,1156,51.29,0.75,411.48,534,571.04,0.67,3552.08
Wooden Craft,Bamboo,432,756,28.34,4.59,3028.96,3823,4288.45,0.93,4067.0
Pottery,Cane,1369,146,55.39,2.0,1020.21,1140,1424.99,0.98,3111.44
Handmade Jewellery,Jute,814,727,23.53,0.61,2805.29,2988,3151.82,0.97,4104.44
Handloom Saree,Cotton,238,622,33.24,0.9,2089.51,2739,2944.19,0.54,2963.73
Terracotta,Wood,219,879,18.46,2.91,440.48,507,641.78,0.33,2025.47
Handmade Jewellery,Beads,714,122,15.43,1.76,2274.56,2946,3560.66,0.74,2985.34
Metal Craft,Terracotta,1374,82,15.98,0.2,762.7,899,1128.81,0.52,2554.39
Bamboo Basket,Cane,985,734,53.42,4.82,1287.26,1534,1704.41,0.62,3665.83
Handloom Saree,Clay,198,867,49.3,1.72,1410.5,1822,2061.58,0.65,2940.43
Wooden Craft,Beads,733,791,46.13,1.48,2041.09,2598,2754.73,0.85,3884.82
Jute Bag,Clay,152,417,11.95,2.47,1683.68,1952,2525.21,0.75,2207.52
Pottery,Bamboo,439,822,20.92,3.24,2995.75,3880,4878.56,0.68,4252.87
Bamboo Basket,Brass,1255,215,20.54,1.68,2845.43,3723,4344.09,0.34,4219.54
Bamboo Basket,Cane,1493,536,42.98,0.66,1787.54,2106,2609.34,0.62,3917.39
Jute Bag,Brass,907,926,21.99,1.64,2235.65,2789,3034.91,0.91,4400.85
Handloom Saree,Terracotta,636,855,40.0,3.33,1037.15,1098,1280.66,0.94,3254.28
Wooden Craft,Terracotta,1252,1131,14.32,3.81,1957.39,2132,2682.26,0.73,4793.42
Bamboo Basket,Brass,1350,723,42.56,4.5,2127.4,2519,2840.62,0.9,4719.26
Metal Craft,Cotton,105,680,49.85,4.6,2508.78,2747,3524.58,0.9,3244.84
Metal Craft,Cane,1258,1128,10.18,1.64,1154.69,1403,1633.8,0.8,4107.66
Bamboo Basket,Wood,469,325,39.5,2.16,1581.25,1862,2169.67,0.77,2527.19
Bamboo Basket,Jute,799,350,17.22,0.82,2111.1,2337,2928.23,0.85,3062.41
Pottery,Bamboo,1439,740,55.93,0.22,915.06,972,1031.85,0.91,3874.8
Embroidered Cloth,Wood,453,74,52.18,2.8,198.93,210,243.68,0.61,1325.88
Cane Furniture,Terracotta,1156,595,5.48,0.11,1976.07,2427,2897.63,0.68,3753.24
Terracotta,Wood,987,561,13.21,4.2,1566.26,1995,2496.85,0.91,3440.6
Embroidered Cloth,Terracotta,980,760,29.24,3.41,1031.31,1235,1604.13,0.28,3248.66
Metal Craft,Wood,416,985,20.89,4.02,2421.37,3103,3321.74,0.55,4046.3
Cane Furniture,Beads,469,353,17.39,0.91,118.9,156,198.83,0.44,1173.4
Cane Furniture,Jute,293,928,31.9,4.01,1170.57,1470,1892.6,0.22,2768.84
Terracotta,Brass,531,649,34.58,1.84,1189.91,1314,1460.26,0.81,2780.7
Handloom Saree,Wood,482,1123,43.77,0.86,550.58,718,786.45,0.58,2986.88
Metal Craft,Brass,871,251,53.7,3.42,2359.42,2846,3453.47,0.55,3529.83
Bamboo Basket,Wood,661,165,53.29,0.49,3518.17,3858,4975.48,0.5,3627.49
Cane Furniture,Wood,1295,175,11.78,4.24,2315.61,2861,3113.06,0.31,3620.61
Embroidered Cloth,Cane,599,978,7.07,2.51,1541.82,1892,2073.11,0.31,3259.34
Wooden Craft,Brass,789,137,37.29,3.63,246.41,313,357.12,0.3,1543.54
Wooden Craft,Brass,297,355,23.09,4.39,1321.29,1743,2190.57,0.69,2208.74
Bamboo Basket,Beads,871,1120,30.46,4.95,1035.37,1144,1317.0,0.96,3852.75
Handmade Jewellery,Clay,1252,828,30.0,2.51,1914.56,2043,2444.51,0.44,4128.4
Handmade Jewellery,Brass,1249,60,55.62,1.51,1783.79,2200,2314.71,0.87,3393.93
Terracotta,Wood,157,601,6.74,3.89,3341.7,3801,4279.6,0.92,3470.14
Pottery,Silk,1053,683,19.42,2.22,1750.5,2286,2788.96,0.53,3776.08
Cane Furniture,Cotton,641,1124,34.96,0.51,356.77,378,415.54,0.96,3049.35
Handmade Jewellery,Beads,1286,110,5.49,1.79,1590.6,1851,1984.4,1.0,3251.64
Pottery,Terracotta,757,484,28.34,0.81,1416.68,1683,1882.36,0.99,2908.72
Handmade Jewellery,Brass,745,408,14.25,0.8,255.55,326,380.87,0.98,1937.61
Pottery,Cotton,965,131,47.35,4.85,2530.1,3319,4192.17,0.99,3710.36
Handloom Saree,Cotton,206,924,6.97,3.86,2648.69,2792,2992.1,0.89,3519.94
Pottery,Clay,320,470,19.42,1.14,2721.67,3157,3614.44,0.24,2781.09
Cane Furniture,Wood,1110,156,55.15,3.61,1962.45,2478,2805.29,0.9,3483.63
Wooden Craft,Terracotta,1334,1034,47.13,2.28,3173.67,3525,4363.58,0.46,5495.73
Handloom Saree,Jute,1204,528,6.81,2.4,1404.16,1491,1575.19,0.99,3521.2
Embroidered Cloth,Terracotta,495,1187,25.81,4.31,2595.34,3057,3570.09,0.97,4424.98
Bamboo Basket,Cotton,679,93,16.48,2.53,2193.05,2571,3073.86,0.57,2778.71
Handloom Saree,Cane,1377,447,31.84,3.89,2972.44,3426,3793.79,0.72,4749.05
Terracotta,Cotton,864,1071,20.3,2.42,2896.64,3476,3957.11,0.62,4925.13
Metal Craft,Wood,1077,50,58.26,3.32,488.05,609,701.43,0.6,2405.69
Cane Furniture,Silk,777,682,30.21,4.26,2581.59,3060,3846.17,0.56,4025.58
Embroidered Cloth,Jute,927,749,53.61,3.53,3250.76,3972,4503.54,0.99,5021.12
Jute Bag,Clay,323,894,16.15,0.65,210.11,252,313.7,0.48,1954.82
Bamboo Basket,Brass,507,424,35.56,2.48,1341.93,1693,1827.07,0.53,2536.77
Metal Craft,Brass,148,274,18.95,0.54,1749.65,2164,2501.61,0.61,2088.61
Handmade Jewellery,Clay,1341,1133,17.08,1.82,2564.49,3204,3669.5,0.82,5592.34
Wooden Craft,Wood,366,239,50.83,0.32,2088.17,2698,3425.97,0.82,2782.03
Embroidered Cloth,Cane,1439,668,18.48,3.78,356.05,394,488.36,0.69,3251.46
Handmade Jewellery,Silk,249,454,53.47,3.11,2322.68,2789,3136.81,0.96,3034.91
Metal Craft,Cotton,383,321,6.27,2.63,640.07,676,852.04,0.83,1575.67
Bamboo Basket,Cane,503,795,34.62,0.81,930.86,997,1260.78,0.36,2534.56
Jute Bag,Beads,513,363,35.52,3.92,493.69,534,630.75,0.22,1777.2
Jute Bag,Brass,191,767,14.25,1.79,354.7,377,430.86,0.86,1922.54
Wooden Craft,Cotton,1262,405,26.06,1.1,2702.9,3445,4110.65,0.67,4329.13
Terracotta,Silk,1138,242,26.36,1.35,3163.68,3936,4187.93,0.53,4229.16
Handmade Jewellery,Clay,351,386,54.2,1.03,1602.91,1932,2503.1,0.48,2375.78
Pottery,Terracotta,377,846,43.42,0.85,3036.85,3244,4162.4,0.98,3964.16
Handloom Saree,Brass,145,1192,15.35,0.6,2828.26,3047,3651.58,0.84,4012.61
Handmade Jewellery,Bamboo,1117,1196,28.85,2.34,3441.92,3660,4613.53,0.67,5440.82
Metal Craft,Bamboo,375,689,33.42,3.09,446.85,526,588.45,0.74,1947.85
Embroidered Cloth,Bamboo,327,644,24.42,2.35,2860.37,3205,3753.49,0.38,3397.38
Cane Furniture,Terracotta,1119,554,19.58,0.18,434.91,464,598.53,0.98,2809.53
Handloom Saree,Jute,1097,761,29.45,3.9,930.74,1003,1184.46,0.63,3356.59
Bamboo Basket,Cane,1244,348,58.59,2.01,3282.46,3663,4730.27,0.85,4445.28
Jute Bag,Clay,1033,530,20.97,4.16,1311.45,1602,1952.75,0.28,3163.47
Pottery,Wood,205,1194,5.07,1.61,588.37,710,768.9,0.61,2604.36
Handmade Jewellery,Silk,634,630,56.23,2.31,2285.67,2506,2899.25,0.76,3407.42
Handmade Jewellery,Wood,1260,545,53.77,3.36,2449.52,3077,3676.56,0.84,4456.66
Embroidered Cloth,Cotton,244,352,8.7,3.6,882.76,981,1078.15,0.57,1635.58
Cane Furniture,Terracotta,1421,528,16.71,2.01,1488.87,1922,2349.75,0.79,4016.39
Pottery,Jute,632,207,11.83,2.16,724.81,870,997.09,0.79,1939.1
Bamboo Basket,Bamboo,560,1071,45.29,3.02,1350.99,1710,2043.12,0.57,3677.09
Metal Craft,Beads,269,888,9.14,4.74,635.28,788,938.62,0.26,2322.78
Handmade Jewellery,Clay,579,1166,55.56,2.03,163.46,209,223.47,0.36,2849.83
Metal Craft,Clay,1107,757,20.25,2.8,2054.28,2563,3039.65,0.79,4116.09
Jute Bag,Cotton,450,261,45.48,2.61,1205.34,1389,1658.56,0.25,2137.16
Cane Furniture,Bamboo,326,1055,18.79,1.22,549.61,657,710.72,0.6,2378.15
Wooden Craft,Clay,103,326,42.82,1.84,2298.11,2713,2985.03,0.3,2442.72
Embroidered Cloth,Bamboo,1362,246,29.26,2.32,1575.69,1890,2002.66,0.55,3360.94
Embroidered Cloth,Brass,160,998,12.3,4.08,2199.14,2657,3124.1,0.81,3597.6
Wooden Craft,Brass,218,758,47.69,2.22,334.27,378,476.51,0.4,1931.54
Metal Craft,Beads,1427,958,51.85,1.87,1191.04,1326,1478.19,0.48,4287.0
Bamboo Basket,Jute,125,378,48.63,3.87,3444.92,3996,4778.61,0.58,3238.51
Jute Bag,Silk,1318,340,7.44,4.0,2143.78,2679,3147.6,0.8,3983.96
Bamboo Basket,Bamboo,879,648,17.06,1.36,1676.48,1896,2444.85,0.82,3384.16
Metal Craft,Jute,1097,588,50.66,3.21,729.67,822,919.08,0.87,3182.95
Jute Bag,Clay,707,485,53.47,1.59,776.3,883,978.2,0.93,2717.03
Bamboo Basket,Beads,1298,1175,26.11,2.41,286.93,310,400.93,0.44,3663.81
Wooden Craft,Jute,987,366,15.37,3.48,2278.37,2926,3398.11,0.48,3736.76
Wooden Craft,Cotton,356,724,30.95,3.74,2796.3,3328,4214.61,0.32,3601.58
Handmade Jewellery,Jute,407,1188,25.0,2.94,2945.26,3825,4677.89,0.22,4435.87
Jute Bag,Cane,245,845,17.4,3.11,2497.82,3045,3368.35,0.42,3464.52
Pottery,Brass,707,65,14.3,4.43,2523.49,2990,3426.33,0.3,2844.7
Bamboo Basket,Silk,963,67,17.43,3.23,2490.77,2827,3313.55,0.31,3076.03
Handloom Saree,Cane,1329,350,15.25,2.85,3080.4,3874,4577.3,0.3,4715.58
Embroidered Cloth,Silk,979,884,30.79,1.38,1334.71,1458,1775.33,0.92,3603.72
Handloom Saree,Terracotta,431,382,27.46,0.65,1966.14,2255,2475.59,0.42,2526.08
Cane Furniture,Jute,1273,914,59.17,4.56,444.95,541,656.1,0.73,3912.3
Handmade Jewellery,Clay,531,413,11.59,4.62,1314.21,1477,1919.9,0.77,2474.06
Handmade Jewellery,Jute,814,548,32.72,3.43,2572.34,3094,3582.16,0.97,3943.66
Metal Craft,Clay,606,67,31.14,3.78,511.4,648,774.67,0.83,1608.8
Cane Furniture,Beads,808,257,19.92,3.86,1455.07,1900,2050.9,0.34,2778.5
Wooden Craft,Cane,1003,1139,9.83,0.86,1045.73,1319,1566.9,0.98,3914.4
Embroidered Cloth,Terracotta,1231,777,55.21,1.09,991.27,1291,1358.64,0.21,3618.64
Bamboo Basket,Terracotta,634,1192,47.0,0.76,1640.6,1761,2084.81,0.89,3905.98
Metal Craft,Beads,80,272,18.22,2.09,2262.99,2578,2968.49,0.98,2261.31
Handmade Jewellery,Brass,189,639,24.19,4.17,3078.04,3688,4356.53,0.64,3663.77
Jute Bag,Cane,112,310,49.44,1.38,1347.24,1638,1782.11,0.46,1812.77
Handloom Saree,Cane,638,654,40.27,4.63,2829.51,3440,4416.75,0.65,4077.32
Bamboo Basket,Bamboo,443,385,40.02,1.56,900.36,1003,1252.54,0.53,1914.56
Bamboo Basket,Wood,263,128,55.42,1.24,688.77,813,936.39,0.72,1450.14
Handmade Jewellery,Clay,912,1180,26.67,2.74,635.18,707,865.39,0.91,3621.8
Cane Furniture,Terracotta,1330,487,43.37,3.49,1395.47,1748,2137.69,0.25,3634.02
Terracotta,Bamboo,266,858,26.0,3.3,1837.61,2138,2431.19,0.55,3084.96
Pottery,Clay,1281,1184,34.56,1.47,2137.17,2329,2458.05,0.39,4870.36
Cane Furniture,Jute,85,827,7.78,4.47,642.48,679,716.35,0.64,2090.24
Terracotta,Clay,560,752,8.17,4.69,1602.16,1718,2004.1,0.46,2831.3
Cane Furniture,Brass,87,520,13.37,0.8,1065.28,1162,1334.86,0.65,1671.83
Wooden Craft,Wood,115,992,5.67,2.49,1419.83,1826,2223.7,0.98,2798.67
Cane Furniture,Beads,1130,927,34.32,2.44,740.75,953,1020.28,0.87,3708.37
Jute Bag,Clay,375,886,5.22,2.07,3177.8,3762,4693.67,0.42,4013.1
Jute Bag,Beads,452,1046,55.93,1.17,1632.89,1760,1989.77,0.21,3395.45
Terracotta,Silk,428,430,18.85,2.39,555.62,634,748.48,0.46,1770.92
Bamboo Basket,Beads,145,222,31.83,1.16,2766.37,3544,4469.68,0.36,2613.69
Cane Furniture,Jute,235,192,20.66,1.66,1826.45,2224,2404.24,0.24,1951.78
Metal Craft,Wood,308,104,7.39,2.06,2258.95,2751,3110.08,0.75,2353.02
Pottery,Cane,275,108,38.63,0.44,2917.52,3129,3645.75,0.23,2427.88
Wooden Craft,Brass,1153,106,30.87,3.51,766.72,899,1078.16,0.57,2544.33
Terracotta,Clay,1447,398,57.21,0.15,1146.38,1328,1473.39,0.99,3514.18
Pottery,Terracotta,394,784,42.38,2.79,1779.42,1969,2253.05,0.93,3190.7
Terracotta,Beads,912,514,55.05,3.98,2558.12,2826,3400.88,0.26,3742.28
Bamboo Basket,Silk,397,525,57.45,1.0,545.95,711,815.42,0.28,1961.09
Embroidered Cloth,Clay,155,240,51.95,0.48,2827.71,3028,3588.43,0.76,2747.32
Cane Furniture,Brass,1312,942,6.45,0.38,1676.97,1780,2175.34,0.49,4062.38
Handmade Jewellery,Jute,281,957,25.85,2.45,2805.31,3038,3269.74,0.49,3646.0
Jute Bag,Silk,717,1081,20.87,4.09,908.44,1042,1095.79,0.99,3473.88
Wooden Craft,Cotton,899,671,34.42,0.74,464.76,561,626.73,0.99,2806.6
Pottery,Silk,853,438,40.97,2.72,2825.3,3499,4283.93,0.68,4155.09
Bamboo Basket,Cane,852,314,40.4,1.29,1295.94,1623,1772.55,0.52,2862.3
Jute Bag,Bamboo,846,440,54.92,2.68,573.96,631,696.26,0.41,2400.6
Handmade Jewellery,Bamboo,1268,458,57.49,3.72,2185.26,2363,2818.2,0.9,4081.59
Jute Bag,Brass,132,826,7.73,2.55,757.33,807,927.7,0.37,1934.74
Terracotta,Silk,776,403,26.81,0.64,1879.52,2156,2299.09,0.5,2912.61
Terracotta,Jute,179,1057,41.12,2.37,1033.88,1096,1313.6,0.84,2765.83
Pottery,Brass,505,483,42.72,3.44,1512.16,1596,1962.07,0.73,2662.28
Handloom Saree,Cane,763,251,28.94,2.2,1894.18,2079,2562.93,0.57,2821.05
Bamboo Basket,Beads,926,1129,25.19,4.42,3096.59,3275,3993.86,0.53,4912.94
Embroidered Cloth,Wood,859,1074,46.39,2.36,569.3,645,710.23,0.53,3303.06
Jute Bag,Wood,1112,260,19.95,2.07,1599.6,2006,2494.56,0.39,3032.73
Handloom Saree,Cane,910,946,25.7,1.58,577.31,664,816.27,0.56,3204.66
Bamboo Basket,Bamboo,847,129,6.77,3.13,1634.36,1744,2002.07,0.52,2491.3
Handloom Saree,Brass,856,764,21.62,1.46,337.87,415,520.83,0.21,2724.41
Embroidered Cloth,Silk,721,225,37.86,0.89,3170.46,3981,5079.48,0.34,3708.22
Embroidered Cloth,Beads,572,929,33.62,4.28,3232.57,3760,3959.22,0.6,4662.74
Wooden Craft,Clay,681,619,6.57,1.13,2289.75,2968,3821.23,0.29,3548.23
Bamboo Basket,Terracotta,864,351,37.77,2.62,2129.89,2825,3501.45,0.49,3483.48
Pottery,Beads,1167,420,47.21,0.45,1492.7,1620,1810.73,0.8,3332.2
Bamboo Basket,Beads,443,467,24.75,1.98,1769.75,2079,2371.69,0.41,2628.93
Pottery,Clay,990,111,14.89,2.75,2943.33,3332,3891.43,0.82,3557.55
Handmade Jewellery,Brass,482,618,27.92,3.13,447.32,541,691.06,0.87,2229.83
Terracotta,Bamboo,828,687,5.88,0.62,2449.58,2643,3215.62,0.76,3707.54
Handloom Saree,Cotton,689,872,47.43,0.33,3225.51,3470,4493.38,0.72,4479.12
Handmade Jewellery,Bamboo,993,199,56.85,2.61,2359.05,2661,2962.25,0.51,3361.8
Cane Furniture,Brass,385,715,19.09,4.41,342.58,407,447.68,0.85,2304.25
Wooden Craft,Brass,1444,354,11.72,2.52,1842.05,2015,2205.48,0.76,3807.23
Handloom Saree,Clay,350,1184,41.53,4.51,501.44,566,695.18,0.95,2831.77
Handmade Jewellery,Wood,289,895,25.03,3.29,3169.96,3665,3924.91,0.42,3980.59
Cane Furniture,Silk,1301,882,18.53,3.47,3279.8,3800,4846.51,0.6,5148.68
Wooden Craft,Bamboo,1062,574,22.77,1.89,424.27,524,555.62,0.23,2645.11
Jute Bag,Clay,243,1176,18.88,2.06,1337.7,1655,2089.81,0.57,3015.25
Wooden Craft,Terracotta,507,740,59.19,2.98,3318.11,3846,4112.21,0.84,4245.53
Embroidered Cloth,Beads,185,379,14.23,0.15,3248.97,3710,4716.6,0.84,3020.96
Cane Furniture,Jute,684,718,24.17,2.52,517.33,631,743.29,0.95,2651.05
Handloom Saree,Cotton,1198,931,11.84,2.7,1092.2,1429,1616.57,0.39,3772.96
Bamboo Basket,Brass,1326,721,8.05,3.17,781.39,988,1098.23,0.95,3666.49
Terracotta,Silk,1335,584,36.67,4.13,737.76,795,1019.22,0.39,3344.38
Embroidered Cloth,Cotton,414,657,59.07,0.31,1092.13,1326,1405.27,0.46,2515.56
Terracotta,Cotton,1413,490,18.87,4.4,2844.78,3205,3635.21,0.29,4480.64
Embroidered Cloth,Clay,87,503,18.06,3.43,2172.36,2402,3091.52,0.29,2280.08
Terracotta,Wood,459,359,16.64,0.5,1841.53,2417,2873.52,0.83,2643.22
Handmade Jewellery,Clay,1326,454,29.37,3.86,1261.28,1553,1863.58,0.39,3334.03
Embroidered Cloth,Cane,603,377,30.69,4.19,3264.18,3739,4719.78,0.48,3817.96
Cane Furniture,Jute,1006,1134,33.9,1.72,3116.28,3924,4822.34,0.62,5303.64
Handloom Saree,Clay,655,475,10.87,3.19,1163.26,1302,1609.62,0.92,2603.41
Jute Bag,Wood,872,592,44.89,2.7,1769.95,2228,2602.67,0.25,3279.06
Jute Bag,Wood,1119,1162,26.53,4.95,588.55,707,784.01,0.87,3938.41
Embroidered Cloth,Cane,627,81,27.2,2.9,3525.94,3867,4548.88,0.76,3365.75
Handloom Saree,Brass,1127,851,16.56,4.34,3058.35,3309,4110.99,0.86,4920.22
Bamboo Basket,Cane,631,419,26.48,0.64,1764.48,2046,2228.94,0.79,2773.69
Cane Furniture,Bamboo,959,491,33.91,3.16,2060.24,2710,3336.69,0.22,3725.29
Terracotta,Beads,1123,445,50.13,1.94,2252.41,2909,3259.2,0.24,3909.68
Embroidered Cloth,Cane,743,196,9.67,3.14,2634.93,2848,3115.76,0.41,3027.57
Embroidered Cloth,Terracotta,924,859,24.95,0.71,1086.22,1360,1764.85,0.81,3485.25
Embroidered Cloth,Cotton,209,941,20.47,3.02,725.29,845,956.39,0.76,2524.62
Terracotta,Bamboo,948,152,40.5,0.32,1379.8,1597,1744.09,0.73,2756.88
Handmade Jewellery,Wood,1465,484,26.89,1.23,1290.81,1465,1709.26,0.58,3607.0
Bamboo Basket,Cotton,514,1160,22.41,4.82,2904.01,3278,3635.44,0.5,4692.73
Bamboo Basket,Terracotta,103,306,54.97,2.26,1830.32,2079,2333.98,0.98,2333.46
Handmade Jewellery,Beads,1232,536,13.17,2.17,1284.09,1528,1677.9,0.92,3510.4
Embroidered Cloth,Beads,625,826,13.69,2.72,293.95,311,369.92,0.65,2470.34
Pottery,Bamboo,544,1124,8.09,2.22,2829.03,3583,4247.68,0.68,4392.6
Handmade Jewellery,Terracotta,828,1054,59.33,2.25,405.12,533,646.71,0.88,3482.09
Handmade Jewellery,Terracotta,1293,1079,44.0,4.31,1892.04,2193,2388.97,0.88,4873.8
Embroidered Cloth,Terracotta,1125,678,22.17,4.56,2291.67,2500,2842.39,0.23,4070.87
Handloom Saree,Terracotta,529,181,54.55,3.9,893.7,1174,1418.11,0.81,2175.58
Metal Craft,Silk,677,426,14.71,3.09,981.59,1215,1485.12,0.47,2445.99
Handloom Saree,Terracotta,855,284,28.54,1.7,1744.56,2004,2166.03,0.6,2913.7
Metal Craft,Silk,1282,266,33.44,0.32,3406.91,3622,4022.52,0.58,4298.78
Wooden Craft,Clay,1075,199,7.1,3.63,1870.93,2044,2295.13,0.33,3039.82
Handloom Saree,Wood,635,558,41.55,3.95,3200.49,3819,4382.41,0.74,4272.53
Handmade Jewellery,Silk,710,770,17.97,0.35,1839.25,2443,2763.43,0.46,3460.42
Cane Furniture,Bamboo,976,66,38.18,2.13,2582.55,2744,3279.24,0.75,3339.77
Handmade Jewellery,Beads,1207,851,45.41,4.65,542.12,674,832.8,0.27,3530.26
Metal Craft,Wood,518,1064,30.51,0.99,2734.04,3002,3887.01,0.84,4190.74
Terracotta,Silk,875,160,49.72,4.24,1788.78,1922,2064.84,0.4,2901.03
Cane Furniture,Wood,1295,686,26.22,1.76,2313.53,2497,2760.87,0.29,4282.87
Cane Furniture,Cane,875,1174,48.81,4.32,2099.82,2773,3080.57,0.35,4448.31
Wooden Craft,Terracotta,99,932,57.29,4.0,3390.32,3600,4475.94,0.92,4022.53
Cane Furniture,Silk,616,1045,52.53,3.55,3147.97,3998,4834.53,0.8,4986.35
Embroidered Cloth,Bamboo,1139,705,47.08,1.91,1258.23,1677,2067.65,0.8,3857.64
Bamboo Basket,Clay,898,419,46.24,0.97,2850.31,3679,3936.57,0.8,4212.58
Bamboo Basket,Beads,376,1179,24.21,4.23,1958.14,2140,2264.81,0.49,3647.29
Pottery,Clay,806,1153,28.76,0.38,3440.11,3817,4402.25,0.54,5001.25
Handloom Saree,Clay,1470,714,30.13,0.75,2674.96,2893,3186.31,0.23,4540.35
Bamboo Basket,Terracotta,251,1088,12.52,4.24,2330.8,2971,3426.35,0.59,3838.48
Bamboo Basket,Cane,1247,293,29.96,4.41,1578.14,1844,2104.27,0.41,3334.01
Jute Bag,Silk,1354,747,43.95,3.92,2388.35,2806,3402.58,0.97,4803.91
Embroidered Cloth,Terracotta,1058,997,44.31,2.65,1609.76,2014,2146.9,0.63,4372.8
Jute Bag,Terracotta,58,1078,44.35,4.05,764.88,881,1042.64,0.95,2657.79
Handloom Saree,Bamboo,728,645,32.49,4.38,2024.59,2634,3383.24,0.86,3774.22
Embroidered Cloth,Bamboo,701,636,51.57,0.87,357.18,420,516.45,0.32,2341.04
Handmade Jewellery,Bamboo,372,612,7.38,4.21,2665.17,3226,3655.78,0.88,3548.16
Metal Craft,Cotton,1344,77,27.02,0.51,2726.95,3303,4141.65,0.34,3808.78
Handmade Jewellery,Silk,267,1181,48.45,0.29,373.62,498,570.18,0.79,2652.03
Bamboo Basket,Bamboo,328,390,38.96,4.76,654.79,756,974.03,0.72,1783.79
Handmade Jewellery,Cane,705,835,30.9,4.02,3216.43,3850,4272.56,0.5,4583.17
Bamboo Basket,Clay,882,1053,8.83,2.81,223.76,267,322.08,0.59,3017.5
Embroidered Cloth,Brass,153,1031,29.55,0.7,1841.16,2029,2554.44,0.64,3162.14
Embroidered Cloth,Silk,1087,1185,57.87,3.78,555.93,634,793.78,0.87,3929.04
Cane Furniture,Cane,579,896,49.76,0.23,1478.7,1852,2096.16,0.99,3501.83
Bamboo Basket,Beads,1418,648,32.01,0.55,1091.99,1413,1529.57,0.76,3842.55
Handmade Jewellery,Brass,745,572,49.86,3.17,2830.0,3064,3297.12,0.2,3788.55
Embroidered Cloth,Jute,1315,905,55.6,0.31,3137.84,3875,4383.22,0.35,5398.44
Cane Furniture,Terracotta,787,1046,51.78,0.34,3099.61,3856,4848.14,0.21,4882.57
Handloom Saree,Silk,1299,492,30.65,2.24,640.32,844,963.09,0.5,3150.74
Terracotta,Wood,1493,1030,47.58,2.07,3002.57,3796,4206.83,0.53,5886.14
Handmade Jewellery,Terracotta,1090,600,59.93,1.09,3380.66,3644,4252.83,0.53,4507.9
Handmade Jewellery,Terracotta,203,956,57.27,2.95,3026.9,3778,4108.87,0.48,4156.99
Embroidered Cloth,Terracotta,425,130,52.47,1.54,2842.96,3649,4384.39,0.59,3128.87
Bamboo Basket,Silk,1027,53,24.17,4.13,3080.42,3310,3613.86,0.58,3486.88
Terracotta,Jute,620,234,52.36,1.16,3016.76,3877,4386.5,0.22,3535.89
Handloom Saree,Clay,795,949,29.88,2.64,1113.52,1236,1342.8,0.9,3434.45
Metal Craft,Brass,1041,83,39.52,4.51,1117.0,1324,1615.35,0.7,2703.76
Cane Furniture,Silk,1235,193,6.59,2.04,3129.84,3638,4715.27,0.78,4179.97
Bamboo Basket,Jute,174,366,21.34,2.93,3035.14,3684,4470.01,0.66,3085.85
Wooden Craft,Brass,908,1063,42.58,2.46,2774.75,3435,3856.06,0.36,4815.28
Bamboo Basket,Terracotta,1204,487,38.47,3.64,3010.83,3187,3829.14,0.58,4293.01
Pottery,Bamboo,463,1048,19.62,2.1,1278.35,1525,1721.03,0.5,3259.87
Handmade Jewellery,Cotton,1239,74,48.97,2.58,3128.38,3614,3842.21,0.4,4098.01
Handloom Saree,Bamboo,830,347,50.82,2.73,1843.93,1943,2136.01,0.27,2975.31
Embroidered Cloth,Cane,1162,252,29.08,0.12,1077.99,1186,1299.55,0.85,2732.65
Handmade Jewellery,Cane,662,211,54.47,2.64,1188.92,1406,1739.43,0.73,2434.65
Handloom Saree,Jute,856,90,16.85,2.68,1650.56,1863,2225.2,0.5,2556.41
Terracotta,Beads,1357,83,58.83,0.74,454.65,488,563.24,0.45,2396.16
Wooden Craft,Cane,1400,668,24.98,1.53,2707.06,3291,3959.98,0.9,4912.14
Bamboo Basket,Brass,123,875,23.48,0.82,1161.93,1439,1538.57,0.45,2462.68
Embroidered Cloth,Clay,258,636,8.67,3.29,1603.81,1731,2236.13,0.55,2463.79
Handmade Jewellery,Silk,654,790,33.51,3.27,398.41,488,519.99,0.62,2554.05
Jute Bag,Silk,134,301,42.67,4.76,1667.21,2177,2605.52,0.23,2153.05
Bamboo Basket,Silk,250,872,10.15,1.09,263.43,286,365.1,0.88,1946.12
Handloom Saree,Beads,589,384,39.84,3.43,2519.24,3237,4114.84,0.62,3479.68
Handmade Jewellery,Brass,865,1087,54.08,0.68,3081.24,3366,3773.82,0.56,4869.15
Embroidered Cloth,Cotton,1231,723,26.6,4.44,1588.89,1741,1957.36,0.37,3935.63
Pottery,Wood,973,746,28.79,1.21,1143.97,1220,1582.25,0.81,3416.69
Jute Bag,Wood,673,136,35.81,1.34,2422.89,2961,3698.7,0.88,2980.98
Bamboo Basket,Brass,1056,403,24.91,4.68,1343.02,1713,1955.94,0.67,3341.06
Pottery,Clay,906,226,58.15,1.88,2564.61,3348,4202.32,0.66,3768.43
Handmade Jewellery,Clay,689,449,15.83,3.14,3080.2,3936,4855.37,0.78,3985.43
Handmade Jewellery,Clay,1309,843,19.7,0.41,2743.29,3352,3657.37,0.43,4864.83
Metal Craft,Terracotta,1439,76,12.65,4.87,134.15,163,190.68,0.35,2406.76
Wooden Craft,Cane,673,256,56.67,0.49,2445.83,2794,3481.75,0.9,3262.25
Jute Bag,Clay,1309,1112,39.14,0.49,2477.02,2842,3528.47,0.79,5308.17
Handmade Jewellery,Cane,1011,73,17.33,3.15,2584.74,3060,3438.52,0.84,3479.22
Terracotta,Cane,1343,868,22.54,4.32,1347.23,1641,2114.49,0.88,4272.26
Handloom Saree,Clay,459,407,20.47,4.46,311.69,390,495.03,0.28,1670.43
Handmade Jewellery,Cane,485,803,12.52,4.08,3284.42,3783,4300.83,0.2,4102.48
Bamboo Basket,Bamboo,80,998,50.16,1.57,2485.08,2656,3317.99,0.69,3376.16
Handmade Jewellery,Silk,1333,1077,43.92,3.7,545.59,619,767.11,0.35,3836.64
Embroidered Cloth,Silk,914,825,38.12,4.02,2846.24,3226,3649.31,0.61,4351.72
Jute Bag,Silk,359,323,34.86,3.62,765.18,882,1038.5,0.62,1747.67
Handloom Saree,Silk,1105,670,36.39,4.58,2322.51,2878,3487.57,0.33,4268.38
Bamboo Basket,Terracotta,366,786,6.23,4.95,2250.52,2940,3251.79,0.74,3605.16
Terracotta,Beads,1132,746,35.9,2.78,3127.88,3922,4367.32,0.2,4920.08
Bamboo Basket,Cotton,893,1038,34.69,1.59,3303.9,3926,4753.23,0.28,5021.22
Bamboo Basket,Terracotta,1375,930,34.1,4.81,2552.62,2712,3135.18,0.43,5011.15
Metal Craft,Clay,1402,996,23.37,0.28,2938.49,3878,4204.63,0.43,5520.67
Bamboo Basket,Cane,621,911,44.96,4.57,1208.25,1573,1790.5,0.2,3091.79
Terracotta,Wood,1413,366,9.59,1.52,2608.23,3476,3754.09,0.8,4499.33
Embroidered Cloth,Bamboo,1202,485,31.64,2.91,1994.53,2449,2773.95,0.65,3896.11
Cane Furniture,Terracotta,417,1056,56.66,3.52,3455.02,3883,4855.14,0.78,4766.32
Embroidered Cloth,Wood,855,281,29.22,4.67,1910.28,2161,2665.02,0.39,2919.98
Embroidered Cloth,Wood,1360,325,59.84,3.09,681.7,828,916.55,0.28,2982.23
Cane Furniture,Jute,267,790,39.87,2.99,717.0,819,891.21,0.34,2071.98
Handloom Saree,Cane,376,59,18.11,0.12,1509.99,1819,2212.71,0.85,1957.64
Wooden Craft,Wood,1059,426,50.79,4.88,268.47,303,334.92,0.2,2457.48
Terracotta,Silk,995,738,23.17,2.43,1962.85,2197,2500.45,0.57,3841.34
Handmade Jewellery,Silk,639,997,10.39,3.97,1920.23,2146,2477.83,0.51,3671.71
Handloom Saree,Cotton,306,1041,50.79,3.78,649.83,836,881.28,0.8,2763.31
Cane Furniture,Wood,227,971,52.98,2.27,2594.19,3160,3342.27,0.63,3852.26
Handloom Saree,Wood,667,408,57.22,3.06,263.5,343,410.13,0.69,2164.39
Jute Bag,Jute,1060,833,41.49,1.16,3476.29,3884,4619.05,0.62,4955.95
Cane Furniture,Beads,1011,143,5.54,3.92,2870.26,3096,3431.08,0.56,3417.57
Embroidered Cloth,Cane,743,691,45.3,1.07,783.42,830,1039.55,0.8,2753.59
Handmade Jewellery,Clay,878,608,40.1,0.42,1389.23,1707,1973.39,0.59,3347.6
Wooden Craft,Bamboo,1440,978,24.94,1.31,2897.08,3523,3859.51,0.97,5608.36
Embroidered Cloth,Brass,637,79,48.64,1.69,1464.58,1739,2014.37,0.6,2346.64
Metal Craft,Brass,51,443,18.17,2.39,3042.74,3529,4242.89,0.9,3058.29
Jute Bag,Clay,770,685,8.41,0.54,2018.64,2495,2652.0,0.81,3682.14
Handmade Jewellery,Silk,247,406,37.75,3.91,556.24,668,796.16,0.63,1595.73
Embroidered Cloth,Wood,284,1142,6.64,2.57,1078.85,1149,1397.32,0.59,2873.36
Pottery,Brass,187,1181,38.56,0.93,2263.81,2853,3184.0,0.8,3829.67
Terracotta,Terracotta,1478,660,43.19,1.15,1455.43,1735,2107.64,0.55,4036.96
Terracotta,Wood,1266,59,47.96,3.63,801.41,954,1111.65,0.58,2652.97
Jute Bag,Cotton,55,422,31.74,1.66,3001.49,3302,4265.09,0.78,2888.0
Jute Bag,Bamboo,339,342,16.96,1.1,1307.8,1430,1542.49,0.87,1933.45
Embroidered Cloth,Silk,1251,973,44.67,3.8,1413.87,1627,1767.44,0.81,4434.54
Wooden Craft,Bamboo,413,824,47.86,1.25,3021.05,3486,3693.99,0.6,3985.08
Jute Bag,Clay,706,1156,11.08,1.18,1910.76,2145,2656.25,0.25,3735.34
Wooden Craft,Brass,731,1136,8.56,0.81,579.07,750,875.92,0.4,3009.29
Cane Furniture,Terracotta,196,488,59.18,1.82,2042.13,2599,2920.99,0.98,2898.21
Jute Bag,Cane,435,570,43.89,0.44,2789.17,2984,3876.13,0.68,3171.66
Wooden Craft,Wood,329,73,34.41,3.5,1422.36,1825,2021.07,0.29,1788.46
Bamboo Basket,Cane,1496,1097,59.04,0.87,2018.73,2422,3025.1,0.63,5188.31
Terracotta,Bamboo,773,824,28.2,0.19,1372.65,1667,2074.82,0.46,3471.79
Terracotta,Wood,1401,653,24.8,4.46,3090.36,3785,4681.15,0.69,5166.0
Pottery,Jute,1332,307,29.97,2.68,2676.3,3486,3997.13,0.27,4365.8
Metal Craft,Cane,1133,1088,33.32,2.45,763.85,871,1027.62,0.86,3830.93
Cane Furniture,Beads,1085,129,51.89,0.79,1244.85,1421,1585.24,0.42,2710.94
Handloom Saree,Clay,1059,822,29.27,0.4,2149.74,2542,3025.75,0.68,4294.99
Handmade Jewellery,Jute,1468,915,57.55,4.54,3048.85,3470,3985.5,0.57,5516.1
Jute Bag,Bamboo,842,793,12.61,4.27,1616.5,1998,2220.96,0.68,3641.54
Embroidered Cloth,Beads,549,258,8.86,1.11,1635.98,1904,2195.15,0.29,2161.34
Embroidered Cloth,Clay,688,166,18.84,1.84,3127.67,3415,4047.63,0.62,3339.25
Metal Craft,Wood,885,485,38.11,3.34,2885.71,3166,3862.85,0.92,4074.11
Metal Craft,Bamboo,442,530,38.52,0.71,1247.84,1375,1453.28,0.25,2306.61
Metal Craft,Beads,148,961,45.27,1.67,1834.19,1986,2166.37,0.95,3109.8
Terracotta,Silk,1185,834,48.72,1.22,1527.68,1758,2215.34,0.22,3998.0
Bamboo Basket,Silk,1259,1000,14.31,3.56,3230.25,3794,4001.47,0.51,5321.69
Terracotta,Jute,880,1085,36.89,3.2,1564.06,1902,2356.81,0.5,3972.45
Embroidered Cloth,Silk,1023,652,57.29,0.63,2064.6,2581,3311.59,0.94,4252.01
Embroidered Cloth,Cane,60,673,43.53,4.76,1913.71,2281,2491.42,0.57,2606.1
Handloom Saree,Cane,452,765,52.15,1.1,377.7,442,502.22,0.28,2282.27
Pottery,Clay,93,1156,53.24,0.16,2902.9,3059,3443.21,0.39,3847.99
Jute Bag,Beads,1354,471,55.54,0.5,384.65,487,621.83,0.28,2957.08
Terracotta,Jute,899,768,52.4,2.74,1675.72,1958,2307.72,0.66,3700.14
Handloom Saree,Wood,1399,988,20.44,2.58,1818.89,2272,2585.01,0.91,4828.18
Bamboo Basket,Bamboo,753,933,51.91,3.54,1079.08,1393,1483.46,0.21,3389.59
Embroidered Cloth,Beads,1041,151,48.81,3.24,839.75,1076,1268.49,0.33,2497.68
Embroidered Cloth,Cane,806,1104,23.81,0.85,436.8,580,736.6,0.28,3106.9
Terracotta,Wood,1487,1195,20.9,1.82,2048.39,2264,2875.65,0.41,4976.38
Pottery,Terracotta,1133,699,28.97,0.75,316.42,338,368.89,0.32,2988.75
Jute Bag,Cotton,224,523,31.38,3.32,2218.14,2604,3195.73,0.66,2914.42
Bamboo Basket,Bamboo,183,914,6.27,3.38,1657.07,2179,2780.08,0.96,3178.61
Handloom Saree,Cotton,511,1015,21.56,2.47,1789.95,2000,2406.0,0.3,3472.77
Bamboo Basket,Clay,1310,388,24.22,3.02,3001.63,3313,3886.48,0.96,4426.64
Wooden Craft,Beads,352,450,44.45,4.19,1342.4,1550,1758.98,0.62,2369.71
Jute Bag,Jute,1067,644,17.98,1.5,2589.54,2813,3075.88,0.38,4099.73
Embroidered Cloth,Cotton,1365,921,55.03,0.22,1880.96,2169,2774.99,0.4,4532.13
Handmade Jewellery,Beads,51,688,17.45,4.79,3045.11,3517,3815.95,0.33,3332.08
Jute Bag,Brass,895,228,38.38,0.7,3069.28,3654,4431.73,0.85,3920.21
Terracotta,Jute,318,673,35.34,1.44,2519.63,2822,3116.73,0.34,3281.43
Metal Craft,Cane,396,1197,5.55,2.41,1703.24,2037,2242.48,0.64,3465.48
Terracotta,Clay,334,771,36.51,4.98,3299.32,3480,3873.78,0.58,3748.67
Metal Craft,Jute,805,1159,49.49,4.62,2108.42,2221,2638.29,0.76,4284.62
Embroidered Cloth,Bamboo,840,779,21.08,0.85,2254.07,2536,3225.15,0.66,3746.8
Cane Furniture,Terracotta,522,861,45.23,2.94,1372.19,1631,1721.11,0.32,3246.29
Metal Craft,Brass,287,1193,48.44,4.62,2203.88,2816,3191.62,0.93,4110.37
Terracotta,Brass,1388,265,34.21,4.71,2668.46,3012,3241.59,0.9,4374.56
Bamboo Basket,Beads,1063,813,44.4,4.42,1847.86,2187,2805.46,0.52,4259.58
Handmade Jewellery,Cotton,806,647,6.02,3.09,2262.29,2988,3343.27,0.75,3750.15
Pottery,Bamboo,657,380,11.31,0.45,600.06,696,845.43,0.49,1895.8
Cane Furniture,Jute,1454,699,50.09,1.97,1830.53,2359,2972.74,0.83,4629.91
Terracotta,Brass,992,1157,58.05,4.41,1412.13,1589,1740.65,0.28,4194.71
Jute Bag,Cane,962,1086,28.55,1.39,3224.24,3705,4643.53,0.72,5148.83
Bamboo Basket,Terracotta,262,166,9.21,4.81,1661.61,2066,2282.01,0.24,1669.23
Cane Furniture,Terracotta,794,651,57.43,0.64,849.89,1119,1354.33,0.25,2773.47
Cane Furniture,Wood,641,1176,34.67,1.0,1118.01,1422,1509.1,0.26,3402.17
Bamboo Basket,Silk,714,972,5.24,1.67,912.44,1206,1355.6,0.9,3278.81
Handmade Jewellery,Clay,165,1014,39.2,3.83,300.19,381,458.13,0.68,2275.86
Wooden Craft,Terracotta,685,594,19.97,1.78,386.1,446,488.25,0.73,2277.03
Wooden Craft,Cotton,545,997,18.95,1.62,1451.17,1564,1771.16,0.25,2988.82
Wooden Craft,Beads,580,472,50.92,2.94,2198.32,2464,2899.99,0.7,3213.71
Terracotta,Clay,1002,924,49.53,4.76,3085.75,3347,3926.34,0.64,4943.81
Wooden Craft,Cotton,239,811,42.07,4.26,2137.23,2276,2847.58,0.93,3191.56
Handloom Saree,Beads,841,1128,51.17,3.75,2391.91,2578,2981.16,0.53,4440.6
Jute Bag,Beads,1236,995,59.89,2.97,2047.92,2282,2849.07,0.49,4643.45
Bamboo Basket,Jute,1266,756,52.78,0.41,1431.85,1783,2281.93,0.96,3943.94
Handloom Saree,Terracotta,1197,537,26.33,1.27,2677.27,3234,4046.48,0.98,4435.84
Metal Craft,Bamboo,528,762,34.31,0.27,410.2,506,571.02,0.59,2378.77
Bamboo Basket,Clay,195,429,22.23,2.15,229.16,303,382.71,0.31,1173.71
Pottery,Clay,813,311,24.98,4.31,2501.96,2740,3474.26,0.98,3505.34
Embroidered Cloth,Cane,1037,725,42.77,4.98,504.4,553,661.65,0.83,3271.0
Wooden Craft,Jute,377,1016,7.31,0.41,2747.0,3453,4399.04,0.47,4062.81
Handloom Saree,Terracotta,734,590,34.7,3.58,1598.54,1825,2217.43,0.79,3137.14
Handloom Saree,Cane,751,809,15.78,4.64,3462.19,3878,4084.62,0.45,4573.25
Cane Furniture,Cotton,767,146,58.01,4.84,1114.68,1410,1583.72,0.75,2606.75
Jute Bag,Bamboo,951,297,36.23,2.21,720.72,895,1024.17,0.73,2578.76
Embroidered Cloth,Jute,1472,1184,37.96,2.62,2986.32,3314,3615.8,0.93,5788.26
Handmade Jewellery,Jute,1426,817,58.55,2.4,1086.3,1202,1489.82,0.74,4180.06
Bamboo Basket,Wood,150,156,7.44,1.67,630.13,766,841.51,0.49,1036.25
Terracotta,Clay,917,1019,48.98,1.22,2486.43,3298,3650.96,0.22,4604.36
Wooden Craft,Terracotta,1437,638,45.37,3.89,1479.14,1804,1995.39,0.84,4178.96
Bamboo Basket,Cane,274,305,8.65,0.17,2021.36,2593,2926.79,0.67,2433.81
Embroidered Cloth,Clay,978,611,41.28,0.58,1132.14,1484,1632.88,0.56,3240.17
Bamboo Basket,Cane,1410,956,30.49,4.17,2249.95,2439,2853.27,0.54,4869.18
Jute Bag,Brass,1162,270,30.96,1.25,1175.27,1333,1571.03,0.27,2937.3
Metal Craft,Clay,582,384,27.79,3.18,1939.29,2443,2602.39,0.64,2904.72
Pottery,Cane,1083,742,8.13,1.11,1588.29,1846,1959.89,0.98,3826.22
Embroidered Cloth,Bamboo,303,66,35.44,0.75,2463.47,2925,3681.53,0.73,2494.4
Metal Craft,Clay,101,292,24.39,1.29,3146.63,3572,4200.74,0.78,2812.81
Embroidered Cloth,Bamboo,808,915,24.99,4.31,2795.82,3527,4527.44,0.84,4621.14
Embroidered Cloth,Wood,918,927,47.89,1.27,1498.7,1670,2124.04,0.38,3741.83
Pottery,Bamboo,133,426,41.18,1.91,1257.19,1528,1769.44,0.51,1928.4
Embroidered Cloth,Brass,897,738,47.22,2.58,579.14,766,861.86,0.84,2978.94
Embroidered Cloth,Wood,210,75,8.26,1.75,2281.01,2991,3609.96,0.32,2086.41
Jute Bag,Brass,1238,1104,24.75,0.62,763.41,974,1252.0,0.46,3881.08
Handmade Jewellery,Terracotta,888,649,36.83,3.22,2602.59,3081,3470.62,0.95,4281.7
Handloom Saree,Cane,1317,471,57.88,2.72,1692.19,2250,2477.64,0.82,4019.9
Wooden Craft,Cotton,424,1132,22.16,4.62,2678.41,3370,3924.15,0.29,4129.04
Bamboo Basket,Bamboo,475,403,5.53,4.01,920.47,1176,1253.47,0.88,2300.67
Metal Craft,Bamboo,977,148,21.9,1.92,2026.77,2320,2719.96,0.97,3177.51
Embroidered Cloth,Silk,235,1063,38.88,4.44,1042.61,1313,1508.02,0.68,2935.5
Handmade Jewellery,Bamboo,781,109,46.28,0.11,2621.27,3078,3309.09,0.49,3150.93
Pottery,Silk,120,394,58.7,1.29,3231.44,3966,5057.06,0.6,3263.12
Handloom Saree,Clay,727,808,8.43,4.37,1249.33,1329,1629.04,0.96,3299.14
Bamboo Basket,Bamboo,1165,388,25.57,4.07,1909.57,2023,2268.39,0.31,3322.97
Terracotta,Clay,817,1020,38.04,3.21,380.81,409,488.36,0.65,3155.6
Jute Bag,Bamboo,412,94,53.5,3.77,2242.39,2968,3717.74,0.44,2601.91
Metal Craft,Brass,1119,614,59.87,3.36,2362.5,2988,3530.29,0.25,4433.99
Metal Craft,Cane,884,462,45.33,2.09,1241.75,1566,1802.79,0.99,3061.6
Terracotta,Bamboo,1374,998,30.41,4.51,1107.89,1216,1406.41,1.0,4226.27
Terracotta,Jute,786,1191,30.34,4.78,3196.31,3502,4252.94,0.85,5055.76
Jute Bag,Brass,1215,978,58.89,0.81,786.82,964,1183.94,0.61,3938.94
Cane Furniture,Jute,1257,1043,19.95,4.7,1737.88,2075,2622.52,0.24,4368.27
Cane Furniture,Wood,1083,52,9.89,1.82,2753.52,2902,3127.75,0.67,3345.53
Wooden Craft,Cane,101,90,49.8,4.2,2791.97,3097,3756.86,0.61,2456.58
Jute Bag,Brass,654,525,37.65,0.25,1582.28,1777,2173.38,0.57,2824.52
Handloom Saree,Clay,514,872,40.29,0.35,2682.99,3408,4191.13,0.73,4064.15
Handloom Saree,Wood,768,248,35.13,1.69,2654.61,3485,3669.32,0.76,3560.51
Cane Furniture,Clay,415,673,39.8,4.19,925.3,1116,1335.66,0.66,2436.85
Pottery,Cotton,1443,358,45.31,0.56,1806.03,2188,2417.73,0.69,3829.56
Cane Furniture,Terracotta,810,564,51.06,4.0,2158.64,2284,2813.01,0.93,3805.12
Terracotta,Silk,1216,207,44.27,1.54,2995.2,3330,4118.85,0.61,4053.92
Handmade Jewellery,Terracotta,1119,537,26.11,3.77,482.53,569,632.5,0.61,3015.27
Cane Furniture,Jute,295,526,45.25,0.97,596.58,682,859.18,0.81,1965.47
Wooden Craft,Beads,179,60,38.3,1.71,1487.93,1567,2027.38,0.97,1665.53
Handloom Saree,Terracotta,1107,1052,51.85,1.16,1804.44,2331,2892.05,0.55,4575.63
Jute Bag,Wood,1060,168,10.04,0.65,1592.87,1680,1786.64,0.42,2718.69
Cane Furniture,Brass,1264,1044,42.66,2.63,1621.66,1795,2037.45,0.2,4201.82
Jute Bag,Jute,235,847,23.03,3.54,875.21,1071,1330.6,0.41,2398.71
Terracotta,Silk,146,612,43.48,4.84,3687.11,3917,5075.93,0.36,3564.86
Handloom Saree,Cane,1008,921,48.94,4.91,1474.0,1960,2199.04,0.22,3936.28
Wooden Craft,Cotton,986,554,51.61,4.32,1777.81,2119,2609.41,0.47,3726.36
Pottery,Clay,853,453,45.92,1.62,2512.78,2702,2839.75,0.49,3607.99
Embroidered Cloth,Wood,347,349,35.44,1.55,1437.47,1865,2358.03,0.62,2277.48
Terracotta,Silk,1265,393,45.6,0.25,632.71,775,985.06,0.83,3022.07
Terracotta,Silk,742,912,15.87,1.76,2970.07,3275,4052.08,0.66,4398.33
Metal Craft,Brass,1432,932,23.36,0.24,1290.74,1392,1688.09,0.32,3987.16
Jute Bag,Wood,1365,115,53.58,0.55,2454.19,2601,2805.75,0.66,3778.87
Pottery,Beads,761,764,28.5,2.17,189.5,205,247.47,0.78,2563.54
Embroidered Cloth,Silk,1012,982,7.09,2.49,891.7,1114,1189.48,0.59,3504.51
Embroidered Cloth,Terracotta,1035,434,20.32,2.28,2618.52,3336,4054.53,0.57,4015.32
Terracotta,Beads,194,1141,22.21,3.57,816.75,882,1045.49,0.92,2772.04
Cane Furniture,Beads,448,857,56.78,4.77,959.31,1218,1388.1,0.21,2800.3
Wooden Craft,Cotton,325,1104,58.65,0.38,1780.9,2230,2673.6,0.84,3632.09
Pottery,Silk,410,353,21.53,2.92,1243.87,1369,1469.38,0.55,2087.07
Embroidered Cloth,Cane,416,530,47.5,2.5,1642.01,1762,1896.35,0.99,2741.13
Cane Furniture,Cane,607,238,23.27,4.2,588.25,749,833.96,0.28,1766.59
Embroidered Cloth,Beads,71,1147,8.53,4.37,328.78,383,430.94,0.73,2348.45
Cane Furniture,Cane,1028,686,48.02,2.52,1991.9,2646,3068.59,0.86,4361.41
Bamboo Basket,Beads,1246,728,30.58,2.86,842.7,939,1147.91,0.63,3402.69
Cane Furniture,Brass,799,868,21.93,4.51,3528.33,3980,4225.41,0.4,4736.07
Cane Furniture,Beads,1298,739,6.58,3.12,620.21,826,974.63,0.52,3450.46
Embroidered Cloth,Silk,293,820,42.35,0.57,1880.39,2507,2949.78,0.94,3298.66
Terracotta,Bamboo,341,807,13.82,1.27,1081.43,1373,1642.45,0.59,2485.26
Cane Furniture,Brass,651,611,53.48,1.78,2575.09,3309,4011.88,0.35,3858.2
Embroidered Cloth,Cotton,350,703,16.65,2.73,1191.27,1257,1559.14,0.26,2227.21
Embroidered Cloth,Brass,1321,933,20.25,0.1,479.43,561,638.15,0.46,3556.55
Handloom Saree,Bamboo,1242,990,52.32,0.79,1712.58,2210,2585.81,0.27,4510.74
Embroidered Cloth,Cotton,1369,383,26.26,1.1,828.32,1080,1365.83,0.33,3147.43
Metal Craft,Bamboo,686,396,46.54,3.63,551.46,684,886.75,0.25,2103.83
Pottery,Cotton,1205,91,59.24,0.17,3041.24,3481,3767.82,0.2,4043.57
Handmade Jewellery,Bamboo,951,1168,23.03,2.06,2437.22,2713,3095.03,0.38,4602.55
Jute Bag,Cotton,1407,790,22.47,0.83,582.38,724,887.81,0.98,3758.88
Bamboo Basket,Jute,1112,1070,8.79,0.68,2767.83,3632,3898.88,0.73,5115.46
Bamboo Basket,Jute,339,429,27.58,0.68,1877.17,2108,2573.12,0.27,2393.75
Jute Bag,Beads,568,763,10.93,0.59,200.87,228,248.81,0.99,2074.54
Handloom Saree,Bamboo,878,1175,54.24,3.98,1464.31,1868,1993.39,0.92,4297.65
Terracotta,Beads,65,1030,20.72,1.59,3204.93,3677,3960.27,0.72,3749.97
Embroidered Cloth,Bamboo,415,702,6.59,4.91,904.43,953,1180.05,0.53,2416.21
Wooden Craft,Clay,422,899,45.89,3.75,1724.37,2002,2523.9,0.32,3317.21
Handmade Jewellery,Cane,923,516,18.22,3.23,734.26,882,1133.71,0.61,2711.29
Handloom Saree,Beads,1354,606,53.58,4.86,844.28,961,1089.08,0.21,3467.24
Bamboo Basket,Cotton,367,655,43.44,2.68,1427.62,1516,1692.67,0.44,2612.4
Pottery,Brass,336,122,30.05,2.81,2869.48,3539,3830.65,0.4,2885.36
Jute Bag,Clay,786,853,54.61,1.26,3469.56,3873,4760.45,0.57,4814.69
Bamboo Basket,Brass,952,156,54.23,1.98,2981.23,3139,4017.37,0.82,3672.56
Embroidered Cloth,Jute,505,708,44.2,4.93,2256.76,2463,2984.09,0.65,3576.13
Handmade Jewellery,Wood,254,1043,14.36,0.21,1426.56,1868,2360.69,0.84,3065.34
Wooden Craft,Silk,465,1049,40.35,1.32,150.78,176,199.59,0.47,2483.99
Embroidered Cloth,Terracotta,67,92,7.19,1.89,2196.72,2331,2619.96,0.33,1379.18
Pottery,Clay,546,491,53.05,4.75,1162.09,1298,1519.27,0.62,2768.31
Handloom Saree,Wood,1378,619,6.43,4.26,3374.45,3555,4494.95,0.25,4761.86
Terracotta,Brass,664,655,22.58,2.37,424.03,507,645.06,0.45,2350.82
Jute Bag,Terracotta,1295,202,42.58,2.67,682.96,732,930.02,0.23,2669.79
Wooden Craft,Terracotta,775,196,17.89,2.04,1345.71,1613,1872.53,0.53,2511.52
Pottery,Bamboo,567,824,14.96,2.9,627.38,694,838.88,0.39,2523.45
Terracotta,Clay,704,1120,32.47,3.65,3073.66,3618,4324.02,0.46,4846.68
Jute Bag,Cotton,431,825,27.78,1.48,1403.05,1564,1857.8,0.45,2932.9
Handloom Saree,Jute,812,618,23.57,1.97,420.69,557,699.81,0.34,2460.71
Handmade Jewellery,Brass,311,543,26.76,0.23,385.27,439,491.95,0.89,1764.25
Jute Bag,Brass,1274,378,42.22,3.71,755.41,851,1100.14,0.61,2854.47
Metal Craft,Beads,434,848,5.41,1.81,2450.54,2701,2965.05,0.72,3527.52
Pottery,Beads,1137,822,6.68,0.55,1234.74,1570,1949.11,0.38,3485.13
Terracotta,Cotton,847,782,9.85,0.38,3392.65,3916,4970.28,0.3,4317.74
Terracotta,Cotton,1037,877,12.95,2.37,1433.58,1608,1903.38,0.82,3718.78
Handloom Saree,Cotton,162,817,48.94,2.85,807.53,868,1029.8,0.89,2347.66
Handloom Saree,Clay,258,516,52.38,4.52,1213.35,1565,1882.03,1.0,2607.58
Terracotta,Clay,701,1100,36.2,1.23,1063.72,1231,1511.95,0.82,3459.69
Wooden Craft,Beads,723,775,19.44,0.94,3001.42,3523,4023.25,0.63,4179.97
Pottery,Clay,1415,58,15.16,3.44,1014.37,1185,1283.01,0.31,2783.17
Wooden Craft,Terracotta,962,103,20.21,2.38,1852.83,1976,2117.18,0.46,2744.71
Handmade Jewellery,Terracotta,248,824,14.38,1.18,1538.42,1804,2156.28,0.33,2585.57
Metal Craft,Cane,1189,940,24.63,4.06,227.1,271,311.14,0.65,3287.45
Cane Furniture,Jute,1126,1124,10.04,1.75,2169.06,2447,2946.94,0.6,4627.8
Handloom Saree,Wood,523,734,27.29,0.58,3237.09,3927,4155.05,0.56,4193.25
Handloom Saree,Cotton,778,610,21.08,4.35,134.8,174,210.79,1.0,2352.85
Bamboo Basket,Cotton,158,769,56.28,4.91,2451.66,2629,3134.8,0.37,3103.25
Handloom Saree,Beads,416,974,38.69,5.0,1848.07,2208,2666.99,0.51,3543.84
Cane Furniture,Beads,922,743,19.81,5.0,2376.91,2996,3150.4,0.7,4266.75
Handloom Saree,Jute,686,939,54.23,3.46,292.29,329,362.03,0.24,2758.9
Jute Bag,Cotton,297,332,48.48,1.15,3686.49,3891,4712.83,0.77,3619.79
Terracotta,Cane,228,278,17.05,4.64,190.57,221,232.07,0.29,1025.06
Cane Furniture,Beads,579,984,46.53,3.03,2487.23,2771,3501.89,0.72,4091.71
Embroidered Cloth,Wood,487,604,57.35,2.04,1836.84,2374,2579.86,0.35,3202.8
Bamboo Basket,Clay,1484,219,58.34,4.32,763.09,807,1018.07,0.56,3090.7
Bamboo Basket,Bamboo,1247,844,35.93,0.47,2642.9,3477,4397.06,0.24,4866.19
Metal Craft,Cane,1151,905,44.36,1.66,1070.05,1188,1470.76,0.32,3653.76
Handloom Saree,Brass,1136,1022,50.93,2.91,3489.68,3898,4768.62,0.36,5385.88
Metal Craft,Cotton,818,188,26.01,3.48,2231.85,2896,3235.74,0.66,3211.24
Embroidered Cloth,Silk,393,706,31.46,4.6,372.85,410,512.34,0.82,2046.86
Wooden Craft,Brass,1206,429,55.7,2.87,2920.09,3505,3768.02,0.93,4625.83
Handloom Saree,Terracotta,668,171,12.29,2.09,687.27,845,951.73,0.28,1700.76
Jute Bag,Bamboo,1443,787,13.04,1.56,2177.43,2628,3410.3,0.69,4721.23
Embroidered Cloth,Silk,1352,276,52.47,4.36,2052.49,2245,2561.47,0.5,3775.02
Embroidered Cloth,Terracotta,823,313,18.24,2.88,370.93,403,510.59,0.74,2177.37
Embroidered Cloth,Cotton,599,960,16.16,2.2,1466.31,1931,2177.75,0.38,3427.5
Embroidered Cloth,Clay,1479,556,50.29,3.18,2874.74,3769,4019.49,0.23,5123.69
Terracotta,Terracotta,1356,777,19.04,3.04,1913.64,2211,2490.89,0.73,4189.11
Terracotta,Cane,1448,1189,38.0,3.09,1326.35,1713,1998.32,0.2,4774.59
Bamboo Basket,Bamboo,1064,174,50.35,4.59,2382.86,2826,3452.09,0.46,3666.43
Handloom Saree,Bamboo,923,252,7.92,3.86,1048.63,1153,1421.53,0.34,2350.32
Terracotta,Silk,737,340,28.23,2.48,476.46,534,611.11,0.53,2076.6
Handloom Saree,Brass,121,941,11.2,0.49,329.44,430,557.22,0.49,1730.64
Pottery,Cotton,170,381,22.11,1.91,691.89,851,1045.62,0.98,1619.49
Pottery,Cane,945,359,32.06,1.35,176.96,215,273.04,0.94,2293.44
Cane Furniture,Terracotta,1257,1075,26.42,2.64,2787.42,2994,3598.52,0.56,4954.69
Wooden Craft,Jute,583,130,40.62,4.5,1018.83,1168,1260.19,0.61,2037.2
Terracotta,Silk,515,132,39.78,3.75,374.74,474,599.88,0.47,1686.58
Terracotta,Cotton,1077,1139,39.48,0.19,2308.71,3054,3958.82,0.26,4832.31
Pottery,Cotton,260,980,52.2,1.33,2473.68,2715,3189.04,0.52,3588.82
Embroidered Cloth,Bamboo,895,947,22.86,4.67,486.14,610,770.77,0.78,3279.16
Handloom Saree,Wood,1081,696,26.33,0.88,2573.09,2829,3217.85,0.58,4129.08
Pottery,Jute,287,132,24.64,3.82,318.48,399,425.39,0.62,1199.89
Wooden Craft,Jute,218,627,38.13,2.98,2294.73,2559,3284.2,0.37,2828.46
Handloom Saree,Bamboo,156,609,28.49,2.31,1775.28,2162,2504.68,0.41,2639.43
Metal Craft,Clay,469,983,32.14,0.41,886.23,1150,1253.94,0.6,2905.43
Jute Bag,Clay,784,931,36.67,4.27,594.57,674,714.97,0.84,3174.31
Terracotta,Terracotta,344,1177,39.57,4.6,2273.12,2609,3074.54,0.32,3944.41
Metal Craft,Beads,355,1057,43.86,4.36,1287.27,1581,2048.11,0.27,3209.98
Terracotta,Wood,1329,290,10.08,2.59,965.88,1045,1332.93,0.47,2969.32
Cane Furniture,Clay,1028,1192,57.41,1.38,1641.78,1796,2296.52,0.34,4160.13
Cane Furniture,Jute,567,861,44.37,4.08,822.98,963,1149.01,0.43,2829.08
Terracotta,Bamboo,1438,984,47.32,0.76,507.9,540,648.53,0.68,3869.64
Jute Bag,Jute,1186,701,33.13,4.21,571.49,672,793.31,0.36,3227.08
Handloom Saree,Beads,1156,468,45.6,1.44,1219.85,1306,1489.61,0.45,3193.66
Wooden Craft,Cane,1273,1190,46.98,4.36,2951.65,3173,3387.26,0.41,5433.11
Handmade Jewellery,Bamboo,177,462,54.26,2.19,601.14,720,817.66,0.75,1663.66
Bamboo Basket,Jute,100,1036,32.1,4.52,2234.84,2859,3701.45,0.62,3629.82
Cane Furniture,Silk,906,194,40.08,3.19,2672.4,3357,3872.7,0.23,3598.34
Wooden Craft,Cane,489,1136,54.48,3.73,2474.55,3140,3317.98,0.96,4545.47
Jute Bag,Clay,464,1041,26.2,0.83,2019.38,2589,2869.54,0.73,3813.94
Embroidered Cloth,Brass,1459,430,26.21,0.46,934.35,1047,1156.02,0.69,3265.86
Jute Bag,Silk,755,903,20.91,0.4,368.61,455,507.41,0.91,2826.16
Bamboo Basket,Cane,1205,637,36.49,2.18,3364.31,3817,4862.35,0.92,5025.03
Pottery,Brass,127,489,23.63,3.59,2861.02,3434,4116.16,0.54,3004.98
Pottery,Silk,1476,873,48.96,2.52,1704.77,2156,2381.66,0.74,4790.89
Handloom Saree,Cotton,248,896,30.98,1.08,2090.23,2738,3219.16,0.6,3275.54
Bamboo Basket,Beads,821,909,39.74,2.93,1834.84,2372,3051.82,0.89,4096.82
Terracotta,Silk,1029,175,47.2,2.92,797.07,947,1215.23,0.86,2755.75
Metal Craft,Bamboo,558,320,8.42,3.91,759.86,925,1132.16,0.96,2079.39
Bamboo Basket,Cotton,624,524,38.88,4.72,2977.75,3250,3568.13,0.47,3756.46
Embroidered Cloth,Jute,522,362,33.65,4.89,1008.01,1114,1259.29,0.84,2279.67
Wooden Craft,Bamboo,511,1019,16.91,0.67,1519.95,1640,1753.94,0.24,3020.59
Handloom Saree,Wood,238,861,15.46,2.35,890.86,1002,1230.63,0.93,2425.81
Jute Bag,Cotton,428,1075,26.8,2.37,2767.23,3010,3904.55,0.26,3987.91
Jute Bag,Beads,1347,1084,12.21,4.37,2094.6,2635,3363.28,0.64,4839.95
Bamboo Basket,Clay,1105,406,7.82,3.08,2617.46,3093,3421.78,0.53,3798.37
Pottery,Brass,995,91,48.84,4.77,2368.67,2768,3273.26,0.92,3531.31
Terracotta,Jute,832,900,53.31,2.7,2973.26,3744,3975.52,0.39,4931.63
Cane Furniture,Beads,733,296,20.53,0.99,1852.95,2043,2643.78,0.39,2705.2
Embroidered Cloth,Cane,1433,597,28.32,1.22,1093.17,1195,1308.58,0.51,3659.35
Handloom Saree,Jute,456,752,25.46,1.61,412.35,533,676.55,0.87,2235.09
Handmade Jewellery,Beads,71,888,47.85,3.07,1308.06,1618,1913.53,0.3,2499.35
Handloom Saree,Brass,938,589,25.99,4.14,347.1,377,455.44,0.4,2535.56
Handloom Saree,Clay,139,1079,33.72,4.64,1898.64,2051,2454.51,0.46,3293.48
Wooden Craft,Beads,374,456,27.26,4.13,3023.55,3860,4475.68,0.31,3625.56
Handloom Saree,Beads,226,323,17.48,1.17,2495.6,2773,3011.4,0.28,2573.0
Bamboo Basket,Cotton,709,134,49.77,2.64,1609.5,2025,2464.25,0.93,2588.55
Handloom Saree,Terracotta,901,377,54.36,3.14,635.94,772,852.17,0.63,2517.86
Bamboo Basket,Clay,195,1070,32.67,1.98,1650.29,2008,2110.21,0.83,3215.75
Embroidered Cloth,Cane,954,619,54.43,1.3,1559.61,1826,2079.87,0.43,3474.53
Jute Bag,Cotton,848,1132,40.81,3.85,1244.43,1474,1548.37,0.47,3822.4
Jute Bag,Terracotta,1103,195,55.37,4.62,2926.84,3838,4867.87,0.65,4392.41
Terracotta,Jute,159,943,20.56,1.82,2139.02,2459,2725.12,0.41,2997.09
Bamboo Basket,Silk,908,186,59.43,0.76,2756.22,2940,3290.57,0.47,3537.87
Embroidered Cloth,Wood,311,941,48.45,2.25,1216.4,1447,1724.23,0.75,2972.2
Embroidered Cloth,Clay,605,349,24.79,0.59,756.5,942,1031.23,0.72,2035.4
Jute Bag,Cotton,1076,305,45.17,2.05,1803.29,1955,2070.64,0.55,3227.08
Bamboo Basket,Wood,1398,957,45.52,1.81,3045.47,3238,4034.23,0.36,5125.56
Bamboo Basket,Terracotta,1217,603,27.94,1.2,3107.14,3889,4784.64,0.49,4758.77
Metal Craft,Cane,1048,67,27.33,4.06,1881.67,2386,2963.81,0.64,3146.23
Metal Craft,Wood,82,798,51.94,2.39,2443.47,2938,3429.06,0.88,3488.62
Handmade Jewellery,Bamboo,1309,222,14.12,0.36,2399.99,2946,3244.25,0.82,4001.12
Pottery,Bamboo,457,690,19.39,1.27,2229.07,2617,3351.0,0.89,3358.34
Metal Craft,Wood,528,250,39.26,0.82,2202.64,2705,3436.4,0.73,2911.95
Metal Craft,Clay,387,910,53.48,4.53,1254.18,1621,1806.82,0.91,3160.57
Jute Bag,Silk,845,1071,51.52,3.36,2613.72,3014,3621.58,0.36,4607.33
Handmade Jewellery,Brass,374,200,9.83,4.3,2687.97,3253,3605.54,0.28,2786.61
Handloom Saree,Silk,1245,307,8.77,3.02,2437.09,2688,2910.63,0.73,3767.54
Jute Bag,Terracotta,375,133,28.81,2.49,1301.69,1717,2220.76,0.26,1982.1
Embroidered Cloth,Terracotta,1071,598,33.67,2.41,3114.05,3537,4250.31,0.53,4378.99
Pottery,Terracotta,1188,348,38.66,0.94,1468.35,1891,2347.48,0.86,3315.24
Handloom Saree,Clay,1327,557,28.3,3.35,708.88,868,915.26,0.8,3350.81
Metal Craft,Cotton,679,50,6.24,2.99,1211.76,1327,1405.44,0.2,1882.7
Jute Bag,Beads,56,1085,35.91,2.11,928.95,1180,1452.58,0.48,2670.14
Handmade Jewellery,Terracotta,840,1103,25.21,0.83,186.3,205,246.53,0.66,2935.93
Bamboo Basket,Bamboo,1426,673,13.89,0.16,1121.5,1313,1603.23,0.24,3679.24
Pottery,Silk,1223,602,30.29,4.9,333.08,419,475.16,0.38,3039.33
Handmade Jewellery,Terracotta,734,1084,33.35,2.72,1901.5,2103,2295.85,0.84,4035.11
Cane Furniture,Terracotta,64,807,17.81,4.35,1253.83,1542,1990.73,0.75,2588.44
Handloom Saree,Wood,1319,177,13.75,4.01,2525.75,2971,3791.84,0.71,3831.01
Jute Bag,Jute,570,1045,58.81,2.24,2145.13,2348,2520.34,0.42,3932.08
Jute Bag,Brass,373,72,55.3,1.79,2662.45,2916,3560.87,0.88,2652.31
Wooden Craft,Clay,1100,446,26.52,4.86,2534.33,2943,3734.67,0.86,4090.77
Wooden Craft,Silk,144,600,21.43,0.15,2084.62,2440,2816.37,0.85,2638.4
Terracotta,Bamboo,211,84,49.61,0.78,2533.09,2820,3491.99,0.98,2424.38
Embroidered Cloth,Brass,1428,935,51.68,4.41,2370.49,2774,3379.67,0.26,4998.63
Jute Bag,Bamboo,411,252,51.64,0.84,2608.6,3247,3726.7,0.4,3033.36
Terracotta,Bamboo,317,144,20.12,2.66,244.59,266,321.33,0.33,869.05
Bamboo Basket,Brass,229,407,59.29,3.17,1810.64,2193,2456.63,0.73,2600.88
Cane Furniture,Jute,1404,1014,54.85,3.81,1193.71,1426,1841.67,0.36,4391.86
Embroidered Cloth,Terracotta,724,175,36.77,1.56,3355.03,3932,4223.68,0.8,3719.47
Cane Furniture,Bamboo,283,1135,59.85,1.53,1012.83,1279,1355.18,0.9,3120.68
Embroidered Cloth,Clay,846,603,32.63,4.76,282.22,351,450.81,0.21,2346.28
Cane Furniture,Clay,687,214,37.94,3.84,3232.16,3492,4453.41,0.65,3636.43
Cane Furniture,Beads,122,126,54.24,2.84,1112.38,1238,1456.45,0.33,1463.13
Bamboo Basket,Bamboo,1082,681,9.78,2.4,1649.82,1997,2157.1,0.99,3813.49
Jute Bag,Beads,417,1163,51.34,4.97,2939.16,3910,4224.79,0.67,4875.14
Cane Furniture,Clay,95,1178,48.72,0.2,1101.89,1216,1343.31,0.9,2883.29
Handloom Saree,Cane,1462,1185,22.34,3.63,1194.39,1275,1455.98,0.75,4640.14
Embroidered Cloth,Clay,446,585,14.81,4.55,2471.43,3014,3759.47,0.28,3484.74
Jute Bag,Bamboo,575,591,25.51,1.53,418.22,471,550.96,0.44,1961.27
Handmade Jewellery,Bamboo,178,967,33.12,3.13,2093.27,2219,2486.31,0.67,3195.99
Wooden Craft,Jute,388,228,43.58,1.12,1840.04,2000,2261.09,0.46,2412.77
Handloom Saree,Terracotta,1207,739,57.48,4.71,2082.19,2622,3102.24,0.38,4484.09
Bamboo Basket,Jute,613,352,42.59,1.22,1849.76,2239,2639.46,0.57,2891.56
Pottery,Brass,1425,595,14.64,0.54,3060.26,3300,3663.75,0.83,4807.84
Jute Bag,Cotton,355,437,37.77,0.17,2571.52,2746,3092.03,0.95,2940.99
Embroidered Cloth,Jute,1445,552,7.21,4.62,2582.05,2782,3181.8,0.35,4270.47
Bamboo Basket,Cane,642,498,18.43,4.09,697.22,763,970.43,0.64,2254.3
Terracotta,Beads,1279,394,39.0,1.98,2398.37,3105,3811.18,0.99,4303.78
Cane Furniture,Beads,1272,546,38.81,3.48,939.61,1122,1446.74,0.51,3359.11
Bamboo Basket,Cane,988,723,26.64,2.37,2632.36,3465,3884.19,0.7,4453.79
Handloom Saree,Clay,883,1127,50.98,4.16,1612.71,2065,2207.13,0.71,4385.34
Handloom Saree,Silk,820,927,19.95,4.97,541.74,571,669.56,0.87,3159.04
Handmade Jewellery,Terracotta,93,907,39.6,2.65,2737.07,3105,3372.52,0.52,3449.62
Handloom Saree,Bamboo,1099,351,44.38,2.47,908.78,1164,1249.8,0.9,2971.05
Wooden Craft,Bamboo,542,159,28.08,0.79,3270.79,3517,3944.41,0.41,3120.31
Embroidered Cloth,Silk,153,1199,41.81,2.51,2169.67,2467,2912.64,0.62,3599.83
Handloom Saree,Cane,283,962,23.99,3.0,3078.9,3684,4579.67,0.58,4091.28
Handloom Saree,Cotton,1209,345,38.29,4.54,1466.25,1767,2220.04,0.26,3201.84
Jute Bag,Silk,788,578,21.75,3.92,199.96,213,241.81,0.77,2205.56
Terracotta,Silk,1222,888,19.18,3.48,485.64,548,709.92,0.84,3497.8
Bamboo Basket,Terracotta,1472,269,41.37,0.65,1585.03,1756,1949.76,0.77,3613.29
Metal Craft,Wood,797,855,46.8,1.99,3515.53,3804,4013.21,0.24,4598.99
Terracotta,Silk,929,600,30.65,2.92,2836.53,3281,3801.05,0.98,4235.0
Jute Bag,Beads,1326,190,43.85,0.16,2922.01,3374,4079.53,0.48,4034.1
Metal Craft,Terracotta,646,1001,7.32,0.46,3324.47,3673,4436.0,0.28,4449.99
Cane Furniture,Brass,1402,444,8.99,4.97,2947.68,3164,3777.33,0.26,4392.96
Pottery,Clay,854,511,30.83,4.57,994.85,1104,1325.99,0.37,2690.81
Handloom Saree,Brass,1035,132,8.63,0.76,1544.96,1792,2143.42,0.39,2757.66
Handloom Saree,Terracotta,342,704,5.35,0.84,2575.83,3193,3845.8,0.31,3226.0
Wooden Craft,Beads,1356,446,26.88,1.44,1681.36,1873,2410.73,0.21,3645.59
Jute Bag,Wood,500,981,31.42,4.23,481.05,551,601.19,0.22,2616.05
Pottery,Wood,1466,985,47.56,4.87,2302.51,2820,3405.65,0.23,5057.87
Bamboo Basket,Cotton,1181,226,49.62,3.39,2327.42,2615,3397.42,0.23,3533.5
Cane Furniture,Cotton,115,991,32.04,1.69,741.48,855,1099.65,0.66,2402.18
Handloom Saree,Bamboo,563,793,27.67,1.61,1767.31,1982,2338.16,0.87,3347.15
Metal Craft,Wood,1118,851,52.41,3.88,2016.59,2453,2865.82,0.65,4421.11
Wooden Craft,Cane,1343,357,36.0,0.38,2256.95,2992,3585.92,0.89,4134.69
Terracotta,Wood,264,1074,44.7,0.95,2306.22,2997,3539.96,0.41,3840.01
Bamboo Basket,Clay,703,1071,25.09,1.13,1179.73,1267,1606.45,0.44,3386.04
Handloom Saree,Terracotta,825,898,29.8,0.74,1800.73,2042,2303.45,0.41,3708.61
Metal Craft,Cane,1168,792,53.55,4.12,830.24,935,984.26,0.44,3624.81
Cane Furniture,Terracotta,420,939,57.2,4.71,734.12,871,953.6,0.91,2909.78
Bamboo Basket,Silk,426,281,33.32,0.87,1760.67,2142,2395.94,0.61,2491.27
Handmade Jewellery,Wood,630,536,12.81,3.78,2697.7,2856,3382.57,0.6,3419.55
Metal Craft,Silk,1316,326,40.86,0.23,1186.46,1274,1338.42,0.41,3147.41
Handmade Jewellery,Terracotta,425,1085,53.55,0.16,2518.12,2675,3016.31,0.46,3933.54
Wooden Craft,Brass,1476,1065,28.86,2.12,1943.66,2407,2604.89,0.8,5078.37
Jute Bag,Cane,123,300,38.59,3.1,404.56,445,552.55,0.36,1133.27
Embroidered Cloth,Terracotta,1167,181,23.89,4.86,1573.94,1669,2043.67,0.62,3107.51
Cane Furniture,Brass,381,1089,18.65,4.56,3324.35,3770,4605.13,0.22,4330.43
Embroidered Cloth,Brass,982,319,35.37,2.97,1855.34,1994,2436.75,0.25,3067.46
Handmade Jewellery,Beads,1013,407,56.57,1.14,3190.53,3697,4019.84,0.34,4184.02
Handmade Jewellery,Beads,1432,304,58.43,0.19,2298.36,2807,3151.03,0.56,4214.19
Embroidered Cloth,Beads,475,586,34.08,4.22,1712.2,1856,2080.39,0.93,2796.86
Embroidered Cloth,Terracotta,402,393,40.54,4.62,1133.15,1468,1825.47,0.66,2371.41
Pottery,Wood,606,250,16.94,3.74,1604.83,2079,2679.56,0.62,2654.36
Handloom Saree,Bamboo,817,628,40.07,1.6,2043.26,2284,2701.49,0.78,3597.5
Handloom Saree,Cotton,178,926,24.08,4.51,149.54,173,216.37,0.81,1992.93
Embroidered Cloth,Jute,1070,602,12.68,1.13,784.73,914,1140.34,0.36,3066.22
Handmade Jewellery,Silk,837,160,15.53,4.32,2273.2,2732,3497.16,0.9,3187.01
Embroidered Cloth,Clay,1444,336,19.72,2.77,960.7,1153,1474.13,0.86,3337.45
Handloom Saree,Jute,886,1063,21.52,4.53,2767.17,3250,3601.54,0.52,4641.05
Pottery,Wood,857,807,50.73,3.44,166.11,202,223.22,0.61,2834.44
Jute Bag,Cotton,1435,949,14.64,4.26,3338.55,3727,4311.35,0.22,5375.87
Terracotta,Brass,356,382,35.35,2.58,811.63,880,933.92,0.66,1881.92
Jute Bag,Silk,886,1009,38.99,0.36,3098.71,3294,4064.56,0.75,4633.71
Wooden Craft,Clay,93,597,28.55,4.46,2350.65,2991,3817.19,0.45,2969.99
Jute Bag,Clay,1455,786,53.66,3.49,2996.94,3640,4515.36,0.35,5315.33
Wooden Craft,Bamboo,106,91,31.52,1.07,3737.29,3984,4826.52,0.28,2752.9
Handmade Jewellery,Silk,932,136,48.91,4.39,2689.38,3425,4382.94,0.29,3803.52
Handloom Saree,Jute,1459,900,30.55,4.11,2785.9,3505,4195.48,0.86,5519.99
Terracotta,Wood,88,554,19.54,1.92,3210.64,3717,4142.1,0.55,3253.93
Bamboo Basket,Bamboo,1046,536,10.2,3.58,3575.01,3974,4346.76,0.54,4651.27
Cane Furniture,Jute,1200,568,21.51,3.57,1728.22,1963,2087.4,0.98,3971.66
Cane Furniture,Cotton,1365,621,47.33,4.99,3344.74,3822,4188.89,0.65,5302.58
Metal Craft,Silk,381,164,38.19,0.38,2853.16,3071,3668.28,0.72,2876.33
Wooden Craft,Brass,535,108,57.6,4.35,1784.33,2172,2489.8,0.65,2559.87
Terracotta,Cane,1480,326,55.34,0.53,1150.26,1422,1567.19,0.21,3405.46
Bamboo Basket,Clay,1005,756,33.7,0.85,2245.98,2443,2913.91,0.71,4062.58
Wooden Craft,Beads,779,123,37.49,2.18,2635.55,3418,3820.33,0.25,3271.95
Handmade Jewellery,Terracotta,340,981,15.34,1.13,2828.35,3253,3608.6,0.6,3858.95
Pottery,Silk,627,261,40.58,1.17,151.07,163,198.36,0.36,1544.81
Wooden Craft,Jute,336,433,10.75,3.78,1962.32,2509,3115.31,0.25,2532.1
Terracotta,Jute,1172,749,38.25,3.38,1079.31,1157,1292.22,0.39,3556.05
Bamboo Basket,Cane,505,393,20.33,3.14,1049.86,1395,1527.57,0.47,2145.03
Jute Bag,Terracotta,1271,833,25.84,1.08,3410.42,3775,4323.06,0.8,5281.65
Embroidered Cloth,Clay,1369,330,52.29,3.83,1299.13,1601,1867.37,0.89,3585.23
Terracotta,Cotton,1009,686,16.37,1.5,1031.54,1153,1480.69,0.21,3128.37
Cane Furniture,Brass,390,470,32.82,3.26,1734.91,2177,2522.93,0.98,2789.65
Jute Bag,Silk,1212,176,23.23,3.32,778.93,877,1008.21,0.22,2572.76
Handloom Saree,Silk,320,562,59.12,1.53,886.56,987,1108.95,0.58,2180.43
Handloom Saree,Terracotta,1175,387,14.9,1.08,3307.78,3651,3891.29,0.49,4263.31
Cane Furniture,Beads,258,1138,24.54,3.02,2972.25,3517,4300.9,0.36,4230.84
Handloom Saree,Silk,1222,702,59.12,2.66,935.88,1169,1385.09,0.62,3509.04
Handmade Jewellery,Bamboo,1431,724,43.68,1.34,2702.51,3113,3688.12,0.77,5095.14
Bamboo Basket,Wood,591,946,30.85,0.92,1822.75,2410,3089.0,0.76,3695.0
Jute Bag,Wood,1292,470,28.64,2.38,1928.15,2359,2853.1,0.86,3961.66
Bamboo Basket,Cane,1051,214,38.43,2.89,1564.02,1747,2042.38,0.21,2950.63
Pottery,Terracotta,815,495,51.6,3.95,1140.97,1410,1593.91,0.62,3075.0
Bamboo Basket,Bamboo,471,692,7.83,1.57,3494.67,3859,4992.57,0.75,4039.84
Bamboo Basket,Bamboo,900,1025,27.93,4.16,1031.63,1275,1585.74,0.88,3885.87
Handloom Saree,Bamboo,655,633,21.68,3.74,2386.28,2883,3489.4,0.42,3529.33
Handloom Saree,Brass,1117,931,33.36,4.64,2654.23,2843,3230.63,0.54,4580.23
Wooden Craft,Beads,457,1110,46.7,4.13,344.24,408,436.71,0.75,2723.23
Jute Bag,Cane,1333,791,47.7,0.23,931.82,1089,1154.5,0.45,3696.7
Handloom Saree,Wood,1190,737,33.38,3.01,2749.36,3117,3845.6,0.26,4564.56
Pottery,Cane,910,917,16.85,4.32,1178.61,1404,1807.8,0.37,3435.21
Bamboo Basket,Jute,290,278,18.39,2.26,893.4,1004,1164.41,0.79,1614.53
Jute Bag,Terracotta,1093,1110,51.45,4.78,2211.46,2626,2806.74,0.78,4910.94
Cane Furniture,Wood,138,1084,14.3,1.88,1549.7,1746,2168.1,0.37,2859.51
Terracotta,Cotton,260,78,38.85,2.02,1208.29,1323,1644.35,0.48,1517.91
Embroidered Cloth,Brass,209,393,8.34,2.15,422.92,454,542.79,0.34,1308.7
Pottery,Silk,1035,1001,13.92,2.78,1663.92,1991,2209.56,0.7,4243.41
Terracotta,Clay,682,265,18.35,3.08,1525.2,1967,2157.55,0.28,2520.66
Terracotta,Cotton,372,1049,12.44,1.04,701.73,828,986.72,0.41,2719.98
Cane Furniture,Brass,1064,514,57.07,4.45,459.73,552,627.63,0.39,2816.56
Embroidered Cloth,Beads,925,592,5.36,2.44,507.1,553,711.0,0.56,2585.61
Handloom Saree,Cane,1429,598,28.82,3.31,2687.66,3114,3890.33,0.55,4699.32
Cane Furniture,Jute,1481,650,28.05,2.48,1484.79,1668,1925.63,0.42,3807.28
Jute Bag,Terracotta,405,620,59.22,4.72,3094.53,3291,3679.08,0.89,3871.28
Pottery,Wood,168,115,11.96,3.88,1614.33,2063,2250.13,0.91,1909.4
Cane Furniture,Silk,206,138,29.39,3.06,2520.66,2906,3385.44,0.5,2268.56
Cane Furniture,Brass,1062,1027,20.12,3.97,455.07,594,719.25,0.94,3606.85
Pottery,Jute,547,174,22.95,2.13,681.55,739,890.8,0.97,1631.79
Cane Furniture,Bamboo,1124,891,10.74,1.82,2423.23,2770,3217.97,0.93,4788.53
Cane Furniture,Cane,1019,1121,28.37,1.42,3147.63,3780,4798.64,0.83,5145.61
Wooden Craft,Beads,389,647,49.58,0.73,2851.45,3652,4122.9,0.89,3901.84
Handloom Saree,Beads,1297,57,29.33,4.03,2680.5,2871,3671.1,0.6,3744.73
Embroidered Cloth,Jute,663,738,51.04,0.17,3033.82,3350,4160.67,0.27,3790.92
Cane Furniture,Beads,295,1183,27.93,1.94,2666.48,3288,4164.53,0.53,4153.35
Cane Furniture,Beads,160,532,44.3,2.15,2154.5,2352,3040.84,0.48,2674.23
Pottery,Bamboo,501,393,40.65,4.56,3067.82,3918,5090.84,0.51,3636.12
Handloom Saree,Wood,158,184,8.51,4.82,1531.06,1975,2315.14,0.62,1843.59
Handloom Saree,Wood,1399,516,17.35,0.36,1468.47,1648,1930.23,0.33,3442.33
Cane Furniture,Jute,229,587,31.32,1.77,813.65,912,1163.78,0.4,1875.03
Metal Craft,Beads,1242,298,16.85,2.06,2184.9,2497,2803.42,0.25,3649.04
Handloom Saree,Brass,587,826,8.55,2.02,2916.49,3100,3623.66,0.8,4000.34
Bamboo Basket,Wood,823,469,56.93,0.39,1797.4,2277,2792.59,0.66,3316.83
Bamboo Basket,Jute,529,526,29.77,4.11,2319.57,2514,2868.99,0.62,3171.48
Wooden Craft,Cane,1343,1094,39.97,4.46,1489.48,1638,1831.29,0.84,4556.35
Handmade Jewellery,Cane,1131,1199,23.47,4.56,3190.65,3682,4621.96,0.89,5601.71
Terracotta,Brass,54,406,33.55,0.34,2058.16,2668,3310.1,0.88,2471.85
Embroidered Cloth,Beads,1282,1136,18.07,3.78,3057.83,3654,3950.44,0.95,5830.87
Terracotta,Terracotta,863,757,42.44,2.1,1722.93,1923,2236.46,0.45,3622.45
Embroidered Cloth,Cotton,852,559,50.34,3.64,1107.33,1199,1376.27,0.21,2889.09
Handmade Jewellery,Wood,1412,189,43.57,3.27,1417.69,1542,1727.54,0.83,3368.34
Wooden Craft,Silk,1071,688,51.27,0.27,2778.49,3301,3999.51,0.81,4452.62
Embroidered Cloth,Cane,1404,771,30.88,4.9,1659.03,1857,2244.54,0.27,4021.55
Handloom Saree,Bamboo,232,766,50.81,0.17,2045.28,2606,3005.55,0.82,3137.64
Embroidered Cloth,Clay,140,525,19.35,0.21,3538.32,3790,4142.1,0.33,3046.31
Handloom Saree,Terracotta,126,379,54.24,4.55,1179.53,1350,1440.65,0.5,2088.6
Handmade Jewellery,Jute,1475,830,55.63,3.8,1869.28,2094,2237.73,0.59,4564.14
Terracotta,Cane,558,666,20.54,1.51,1336.62,1447,1829.33,0.85,2619.75
Terracotta,Cane,886,1001,26.3,1.07,1130.93,1206,1269.59,0.2,3238.3
Handloom Saree,Silk,97,413,52.11,1.05,1772.61,1910,2009.92,0.98,2196.09
Terracotta,Brass,108,820,27.35,0.73,2698.19,3066,3643.58,0.26,3205.18
Terracotta,Cane,530,870,32.82,4.52,2227.16,2369,2575.19,0.99,3798.78
Wooden Craft,Clay,333,634,59.51,2.91,1838.06,2418,2907.28,0.69,3306.98
Embroidered Cloth,Wood,751,881,24.82,1.74,2386.12,3137,3999.8,0.78,4294.99
Handloom Saree,Terracotta,1266,1033,36.29,1.44,2618.74,2770,3427.84,0.43,4937.71
Cane Furniture,Beads,1255,352,47.43,2.99,1769.64,2304,2465.81,0.31,3594.21
Cane Furniture,Wood,933,326,58.11,1.76,863.74,996,1101.29,0.97,2753.64
Handmade Jewellery,Terracotta,100,714,31.57,3.38,531.33,600,658.09,0.74,1991.42
Metal Craft,Clay,876,490,39.58,4.02,875.62,963,1228.93,0.74,2754.7
Embroidered Cloth,Cotton,1437,253,28.34,3.58,2795.77,3137,3602.6,0.3,4116.46
Jute Bag,Cotton,548,314,16.84,4.97,446.84,551,640.31,0.49,1806.97
Jute Bag,Wood,337,137,24.63,1.55,2713.33,2991,3307.8,0.82,2563.36
Cane Furniture,Jute,324,190,9.01,3.33,2398.89,3113,3706.09,0.67,2696.35
Handmade Jewellery,Beads,643,542,34.25,2.91,477.98,537,686.85,0.21,2104.17
Cane Furniture,Silk,1360,1050,41.02,1.47,1171.21,1329,1525.19,0.48,4280.36
Pottery,Brass,74,983,49.44,4.81,886.82,1176,1420.09,0.55,2703.66
Embroidered Cloth,Bamboo,1247,930,35.41,3.8,3240.67,3825,4606.24,0.43,5316.21
Metal Craft,Brass,301,1104,28.67,1.12,594.84,728,891.57,0.58,2841.91
Pottery,Bamboo,1373,174,35.98,3.38,3457.53,3903,4206.08,0.28,4459.21
Handloom Saree,Beads,461,983,31.94,1.18,1619.34,1796,2193.69,0.29,3166.61
Jute Bag,Brass,429,418,21.85,1.98,1126.35,1186,1419.74,0.36,1899.96
Pottery,Wood,1443,923,42.76,2.88,2819.15,3537,4487.49,0.32,5283.89
Wooden Craft,Brass,601,183,10.23,0.44,1160.19,1336,1464.16,0.38,1978.17
Jute Bag,Cane,188,667,49.91,4.93,2542.87,2796,2978.61,0.91,3214.34
Handloom Saree,Terracotta,456,1124,24.86,3.62,1514.77,1907,2318.86,0.55,3628.71
Jute Bag,Beads,675,1127,52.01,3.69,2747.93,2901,3156.77,0.49,4416.7
Bamboo Basket,Wood,1453,212,42.56,4.26,1897.84,2101,2285.45,0.93,3772.1
Handloom Saree,Wood,396,770,20.54,2.86,2489.7,2875,3569.13,0.42,3338.1
Bamboo Basket,Terracotta,1177,262,52.08,3.79,2675.51,2876,3346.59,0.36,3938.85
Pottery,Silk,363,819,35.7,2.11,1483.84,1939,2486.73,0.52,3096.55
Embroidered Cloth,Brass,960,492,37.29,2.69,312.52,396,440.4,0.38,2508.7
Cane Furniture,Silk,1033,775,8.01,0.49,2331.75,2911,3125.61,0.51,4302.96
Bamboo Basket,Cane,209,959,48.28,1.63,2911.74,3598,3901.46,0.57,4132.46
Cane Furniture,Silk,1416,894,36.8,3.28,2957.65,3773,3962.59,0.9,5540.3
Pottery,Jute,925,907,31.03,2.15,320.3,410,456.57,0.91,3126.85
Wooden Craft,Cane,177,581,51.74,4.01,1026.1,1205,1459.15,0.57,2164.85
Cane Furniture,Clay,1129,698,57.02,2.73,980.8,1152,1289.53,0.7,3557.51
Bamboo Basket,Brass,1289,1087,55.47,1.86,198.23,219,247.14,0.76,3744.5
Terracotta,Cotton,59,693,19.57,0.74,770.34,923,1124.6,0.55,1872.51
Embroidered Cloth,Jute,494,1156,16.11,3.51,2347.9,2881,3634.58,0.92,4231.47
Bamboo Basket,Clay,1089,458,52.19,2.92,3554.37,3794,4139.84,0.63,4559.32
Handloom Saree,Bamboo,712,408,56.41,3.09,2310.93,2624,3064.22,0.31,3374.43
Handmade Jewellery,Cotton,361,176,29.89,2.72,564.73,646,815.1,0.4,1361.19
Terracotta,Bamboo,250,415,20.78,0.61,2142.32,2787,3438.9,0.23,2639.7
Handloom Saree,Terracotta,1252,994,39.45,4.11,613.44,715,778.79,0.58,3699.29
Handmade Jewellery,Terracotta,1376,679,23.72,0.61,1896.62,2347,2821.4,0.49,4269.95
Cane Furniture,Brass,392,444,29.78,0.93,650.5,800,847.42,0.72,2005.82
Cane Furniture,Brass,447,916,12.02,2.23,309.53,354,427.82,0.38,2109.64
Terracotta,Jute,686,853,31.73,3.04,2192.68,2471,2912.58,0.89,3804.24
Jute Bag,Silk,860,604,31.7,0.64,877.96,970,1048.7,0.72,2894.56
Metal Craft,Wood,169,1024,5.49,3.2,1070.3,1128,1344.41,0.34,2405.55
Cane Furniture,Jute,106,631,24.45,4.51,2550.83,2850,3603.86,0.44,2981.01
Handloom Saree,Silk,663,698,58.66,4.7,1537.66,1979,2373.21,0.42,3284.76
Wooden Craft,Beads,373,970,22.61,2.23,2895.91,3410,4145.89,0.6,3984.54
Handloom Saree,Cotton,204,916,12.23,4.01,3631.12,3970,4438.81,0.99,4183.84
Metal Craft,Brass,1197,851,52.34,3.21,2199.84,2710,3074.88,0.36,4554.96
Wooden Craft,Silk,444,970,22.64,4.81,1674.3,2180,2401.51,0.82,3599.86
Pottery,Silk,414,230,15.5,2.08,301.32,393,470.16,0.42,1278.29
Bamboo Basket,Cotton,1398,891,44.03,3.84,610.47,665,770.27,0.31,3757.2
Handmade Jewellery,Wood,657,959,27.46,3.28,3134.94,3430,3710.03,0.74,4410.59
Embroidered Cloth,Cotton,1451,480,15.13,1.48,3071.99,3267,3773.58,0.91,4632.79
Embroidered Cloth,Clay,910,894,33.61,1.2,1686.29,2088,2605.19,0.33,3864.18
Terracotta,Silk,63,332,11.88,1.46,1790.97,2176,2416.87,0.47,1909.63
Jute Bag,Brass,1046,309,36.48,3.57,1450.85,1616,1729.88,0.45,2901.46
Cane Furniture,Cane,430,300,5.25,1.55,2878.23,3134,3713.67,0.46,2762.33
Handloom Saree,Cotton,1040,555,56.14,3.75,484.14,615,691.28,0.31,2940.61
Bamboo Basket,Wood,492,314,23.39,3.19,526.78,615,779.94,0.3,1649.87
Metal Craft,Wood,891,349,26.52,2.06,3046.39,3422,4338.0,0.71,3821.16
Wooden Craft,Brass,1392,1111,24.73,2.12,2603.68,3467,4321.42,0.71,5419.16
Terracotta,Bamboo,213,150,24.09,0.93,1561.26,1734,1887.07,0.52,1786.07
Cane Furniture,Jute,1370,718,7.83,3.48,2335.74,2484,2655.39,0.63,4429.83
Embroidered Cloth,Bamboo,1150,787,40.41,3.87,1010.43,1263,1327.65,0.52,3783.17
Bamboo Basket,Bamboo,557,104,19.52,1.9,2491.26,3112,3371.92,0.35,2776.96
Wooden Craft,Clay,1080,781,15.04,4.22,338.41,361,397.58,0.76,3034.13
Bamboo Basket,Clay,510,226,27.18,4.88,1498.47,1874,1985.82,0.46,2291.53
Terracotta,Beads,334,1029,32.9,2.46,888.95,1050,1350.42,0.51,2752.32
Pottery,Silk,389,540,39.29,4.5,1531.23,1731,1840.9,0.32,2576.06
Metal Craft,Cotton,1264,96,41.23,4.62,2767.04,3082,3592.82,0.68,3799.94
Embroidered Cloth,Cotton,812,785,49.61,3.37,2021.08,2648,3083.24,0.79,4066.84
Cane Furniture,Brass,723,598,16.99,4.64,2230.99,2719,3350.18,0.69,3644.62
Wooden Craft,Cotton,196,331,12.83,0.11,2069.95,2606,3324.75,0.59,2319.71
Wooden Craft,Cane,611,380,19.18,2.97,1203.15,1550,1715.96,0.3,2448.67
Jute Bag,Cotton,180,773,55.71,1.03,2829.33,3560,4570.48,0.55,3626.28
Handmade Jewellery,Terracotta,1165,594,37.39,1.01,2240.21,2486,2795.13,0.95,3966.82
Handmade Jewellery,Terracotta,338,1110,58.2,3.34,995.26,1299,1427.78,0.98,3435.19
Handloom Saree,Terracotta,919,582,16.62,3.07,2187.18,2860,3631.86,0.4,3792.41
Handmade Jewellery,Wood,1084,980,21.29,2.85,524.05,609,772.39,0.61,3321.75
Pottery,Silk,1346,290,9.0,1.02,789.09,1014,1219.76,0.38,2840.19
Cane Furniture,Wood,1316,1124,11.78,2.39,1678.02,1868,2242.05,0.29,4445.23
Bamboo Basket,Jute,1302,121,6.1,3.87,1692.66,1928,2025.84,0.4,3060.2
Pottery,Wood,1332,867,53.16,4.29,1850.17,2189,2652.55,0.24,4454.7
Bamboo Basket,Silk,88,714,45.64,2.79,2237.01,2523,3062.56,0.64,3011.86
Cane Furniture,Beads,155,748,34.85,0.93,1189.43,1302,1581.97,0.7,2212.64
Terracotta,Jute,1493,979,45.7,2.6,1855.98,2041,2372.0,0.29,4496.81
Pottery,Wood,329,1165,47.91,3.95,2562.07,3244,3728.27,0.26,4224.15
Embroidered Cloth,Cane,557,247,40.3,0.86,427.88,530,569.14,0.91,1813.16
Jute Bag,Cotton,1092,84,6.15,3.1,1553.01,1691,1826.93,0.59,2796.76
Wooden Craft,Jute,290,343,37.17,0.52,503.05,617,747.96,0.99,1577.56
Jute Bag,Silk,495,1006,31.82,1.27,2876.44,3048,3912.96,0.53,4045.64
Pottery,Beads,1176,437,27.09,2.12,488.1,623,724.62,0.61,2874.34
Pottery,Bamboo,644,981,22.57,3.26,2658.91,2815,3479.27,0.25,3985.12
Pottery,Wood,308,309,43.83,3.53,1964.35,2278,2628.61,0.26,2521.57
Cane Furniture,Cane,948,952,7.83,2.68,2815.75,3162,3903.7,0.73,4543.84
Cane Furniture,Beads,1160,765,37.83,4.11,2500.05,3277,3974.46,0.98,4881.13
Pottery,Cane,931,769,10.58,1.39,2824.37,3006,3159.14,0.98,4275.55
Metal Craft,Terracotta,371,623,54.08,1.99,1470.2,1626,2034.28,0.4,2554.66
Cane Furniture,Brass,1279,579,40.15,4.4,452.61,556,708.49,0.98,3395.2
Handloom Saree,Silk,1266,196,48.18,0.25,350.2,385,497.71,0.87,2550.52
Handloom Saree,Bamboo,448,386,40.3,3.82,558.38,729,878.89,0.24,1872.09
Bamboo Basket,Clay,753,932,49.93,2.44,974.93,1139,1348.77,0.7,3391.19
Embroidered Cloth,Beads,1078,607,35.88,1.9,1039.4,1120,1425.25,0.46,3197.59
Metal Craft,Bamboo,246,553,23.23,4.88,2142.88,2304,2691.75,0.89,2825.21
Terracotta,Bamboo,1319,843,40.25,0.11,1478.87,1828,2345.74,0.26,4001.76
Bamboo Basket,Wood,160,536,5.25,3.23,1978.95,2091,2424.23,0.96,2604.0
Wooden Craft,Clay,917,945,57.95,0.32,809.26,1022,1240.93,0.61,3323.27
Jute Bag,Beads,1103,968,11.05,1.91,1155.32,1396,1784.76,0.47,3749.67
Cane Furniture,Silk,276,940,21.28,1.4,3108.98,3853,4487.64,0.72,4122.5
Wooden Craft,Clay,1353,791,53.68,0.49,2729.86,3549,4608.11,0.8,5380.9
Embroidered Cloth,Jute,120,1042,33.2,2.8,854.79,961,1090.74,0.25,2330.05
Embroidered Cloth,Bamboo,194,214,31.9,1.17,3234.59,3769,4234.32,0.42,2948.6
Wooden Craft,Bamboo,1136,1105,6.1,3.27,2247.37,2760,3225.42,0.79,4827.13
Handloom Saree,Jute,1092,406,17.68,4.47,3509.61,3836,4755.94,0.49,4356.76
Wooden Craft,Terracotta,275,372,39.78,2.74,146.11,156,201.14,0.68,1334.22
Embroidered Cloth,Cane,1447,470,18.34,1.04,3489.89,3782,4751.03,0.67,4815.71
Bamboo Basket,Terracotta,879,1060,31.02,1.5,907.94,994,1216.96,0.94,3597.57
Wooden Craft,Wood,1442,666,17.73,1.95,2240.38,2534,2727.26,0.91,4586.03
Embroidered Cloth,Beads,1020,480,32.12,3.93,1258.12,1398,1549.3,0.61,3116.58
Handloom Saree,Bamboo,377,861,7.33,4.89,458.52,501,549.08,0.8,2407.96
Handloom Saree,Beads,1347,910,25.46,1.08,1422.9,1626,2047.55,0.25,4130.28
Wooden Craft,Beads,583,619,21.56,4.71,758.47,850,1033.47,0.97,2424.81
Wooden Craft,Cane,606,960,38.95,4.87,497.99,579,708.47,0.97,2956.26
Cane Furniture,Bamboo,91,143,22.51,2.59,2290.84,2914,3247.22,0.91,2401.86
Terracotta,Bamboo,1294,1120,27.44,4.49,731.86,845,984.14,0.64,3915.54
Cane Furniture,Wood,1200,494,47.12,4.65,532.12,582,685.11,0.42,2861.91
Metal Craft,Wood,1262,1078,34.2,4.81,3374.93,3676,4028.5,0.92,5584.08
Handloom Saree,Brass,57,662,32.69,2.9,434.34,535,569.77,0.39,1551.06
Cane Furniture,Clay,587,831,26.29,4.39,2608.08,3283,4056.02,0.25,3930.45
Metal Craft,Cotton,1246,135,43.55,1.8,2134.82,2770,3291.65,0.86,3849.52
Wooden Craft,Bamboo,654,514,41.56,2.32,1493.97,1666,1937.42,0.33,2722.22
Cane Furniture,Wood,1146,750,15.58,4.13,2186.13,2321,2883.6,0.98,4208.77
Bamboo Basket,Terracotta,747,980,8.79,2.67,1293.45,1516,1783.86,0.8,3419.93
Terracotta,Cane,836,1149,23.86,1.57,2635.43,3479,4320.97,0.51,4834.99
Wooden Craft,Wood,798,651,39.27,0.77,264.85,280,324.18,0.25,2293.08
Handmade Jewellery,Silk,334,872,22.03,3.46,570.59,696,801.28,0.77,2361.14
Handloom Saree,Silk,280,131,8.78,2.06,2907.21,3061,3335.6,0.96,2640.69
Handmade Jewellery,Cane,602,832,5.93,3.65,933.56,1133,1350.33,0.83,2917.85
Terracotta,Brass,512,143,25.42,4.27,2110.83,2552,2868.26,0.21,2466.85
Cane Furniture,Cane,1307,360,29.68,0.29,2230.17,2697,3417.82,0.33,3819.85
Terracotta,Cotton,436,993,49.85,2.21,2120.89,2680,3476.75,0.92,4003.78
Jute Bag,Bamboo,1261,395,46.47,4.66,2929.34,3298,4230.94,0.29,4320.29
Wooden Craft,Brass,1231,716,14.51,0.14,2491.85,2692,2906.26,0.47,4193.0
Embroidered Cloth,Cotton,1181,263,44.15,3.69,515.52,646,812.69,0.57,2781.51
Pottery,Jute,1414,108,17.77,0.43,2072.44,2730,3399.8,0.23,3524.69
Handloom Saree,Brass,270,925,19.03,1.7,2620.44,2881,3726.56,0.48,3504.48
Cane Furniture,Terracotta,418,795,57.82,2.21,976.56,1147,1348.32,0.69,2884.58
Cane Furniture,Silk,626,1162,40.73,2.24,337.25,378,437.22,0.56,2984.01
Bamboo Basket,Brass,611,139,34.35,1.52,3077.87,3295,4138.68,0.25,3125.38
Bamboo Basket,Clay,393,1109,54.99,4.46,830.19,925,1122.73,0.36,2885.6
Jute Bag,Silk,1425,369,25.43,4.31,3720.1,3947,4296.8,0.93,4893.49
Pottery,Silk,890,1073,42.7,2.39,3649.69,3863,4606.97,0.93,5215.03
Handloom Saree,Jute,562,957,30.08,4.11,2522.63,3353,4097.19,0.46,4316.19
Bamboo Basket,Terracotta,1021,969,19.03,1.04,1677.1,2011,2273.6,0.78,3989.97
Terracotta,Cotton,85,685,57.94,4.79,1477.44,1814,2243.61,0.22,2576.53
Metal Craft,Wood,413,826,8.19,2.48,378.33,478,604.43,0.35,2155.83
Handmade Jewellery,Bamboo,1471,865,13.83,1.63,588.39,690,771.57,0.37,3592.25
Jute Bag,Cotton,348,1092,43.12,0.4,2552.04,3374,4043.7,0.9,4146.74
Metal Craft,Beads,1447,1052,33.41,0.14,1081.23,1146,1228.78,0.58,4174.84
Bamboo Basket,Terracotta,1492,244,9.33,0.96,935.65,1198,1444.9,0.25,3021.25
Jute Bag,Brass,126,756,28.58,1.75,715.74,906,1055.51,0.41,2073.62
Jute Bag,Terracotta,342,764,55.22,2.84,1555.31,1779,1888.65,0.69,3082.87
Embroidered Cloth,Beads,100,735,46.19,1.32,2437.15,2803,3127.76,0.41,2979.77
Wooden Craft,Brass,423,629,26.53,4.12,218.88,270,326.6,0.7,1886.65
Handloom Saree,Beads,798,1047,34.69,4.95,1905.31,2367,2800.27,0.25,4129.27
Wooden Craft,Cane,416,700,36.4,3.0,2532.75,2901,3476.57,0.93,3474.77
Handloom Saree,Terracotta,363,68,12.1,0.62,1130.8,1228,1475.39,0.78,1501.31
Handmade Jewellery,Brass,770,1083,36.06,4.04,1124.96,1242,1310.33,0.63,3636.97
Terracotta,Terracotta,1290,675,57.78,1.33,2563.2,2949,3728.36,0.89,4903.42
Wooden Craft,Terracotta,1265,1192,48.92,0.97,2417.58,2548,2706.3,0.76,5133.4
Jute Bag,Silk,378,960,49.43,1.83,607.56,688,813.79,0.24,2591.27
Metal Craft,Wood,198,1165,45.53,2.41,620.93,805,958.03,0.26,2812.74
Terracotta,Beads,902,673,10.5,1.57,1592.69,1828,1996.62,0.89,3568.11
Embroidered Cloth,Cotton,993,1064,31.89,0.9,1093.48,1179,1359.65,0.48,3614.05
Bamboo Basket,Bamboo,865,1136,57.9,3.84,2053.27,2187,2343.26,0.64,4394.42
Cane Furniture,Wood,744,1041,27.58,1.5,809.41,897,1022.31,0.77,3300.92
Handmade Jewellery,Bamboo,1491,381,15.92,2.57,1535.39,2002,2577.69,0.29,3718.68
Pottery,Cane,1008,1106,25.83,0.24,2872.01,3031,3631.75,0.33,4731.78
Pottery,Bamboo,664,258,13.15,2.22,1597.06,1845,2308.83,0.59,2421.43
Terracotta,Brass,140,1115,27.77,1.74,1983.72,2198,2473.0,0.53,3097.5
Metal Craft,Cotton,1014,702,31.25,3.37,1328.01,1626,1745.84,0.65,3629.29
Handmade Jewellery,Clay,1122,210,19.97,4.34,2759.03,3121,3659.15,0.55,3699.48
Pottery,Jute,392,955,59.44,4.68,1438.4,1674,1937.74,0.32,3079.65
Handmade Jewellery,Jute,1171,360,43.64,0.39,1993.57,2627,2961.71,0.67,3806.95
Wooden Craft,Silk,866,249,6.98,4.9,961.69,1097,1326.44,0.83,2454.56
Handloom Saree,Brass,391,437,41.86,2.33,3276.54,3643,4370.58,0.5,3362.56
Metal Craft,Beads,653,97,52.77,3.89,751.43,877,1106.0,0.78,1945.31
Handmade Jewellery,Terracotta,1129,436,37.43,1.8,141.16,187,223.45,0.87,2542.94
Terracotta,Terracotta,614,905,50.58,3.65,1820.27,2233,2403.28,0.54,3709.37
Wooden Craft,Cane,1024,1103,46.47,3.92,1014.08,1136,1234.72,0.47,3889.02
Wooden Craft,Brass,826,306,29.16,0.82,2487.79,2653,2856.72,0.31,3230.13
Metal Craft,Cane,1209,1099,47.52,0.77,2575.96,3096,3444.55,0.81,5278.55
Embroidered Cloth,Cane,513,124,41.11,0.37,255.31,272,303.73,0.95,1374.09
Metal Craft,Jute,1113,1195,46.84,0.75,1549.01,1966,2490.11,0.78,4627.0
Bamboo Basket,Jute,56,169,34.25,1.48,1125.54,1271,1621.01,0.31,1169.13
Jute Bag,Silk,249,997,54.69,4.56,1412.46,1551,1798.96,0.32,2964.33
Handmade Jewellery,Clay,1477,877,13.79,2.08,1433.16,1666,2129.41,0.67,4251.06
Handmade Jewellery,Silk,342,280,23.81,2.7,1150.35,1294,1620.56,0.76,1867.68
Pottery,Cotton,1019,548,25.83,4.31,1409.81,1682,2070.44,0.85,3362.01
Embroidered Cloth,Terracotta,64,960,19.13,1.87,694.64,923,1175.84,0.74,2492.82
Embroidered Cloth,Beads,854,1035,40.19,0.47,898.64,1131,1461.57,0.71,3529.22
Wooden Craft,Terracotta,1160,444,57.61,0.72,312.37,359,389.72,0.85,2806.15
Embroidered Cloth,Clay,105,217,31.85,1.16,3211.79,3412,4298.94,0.95,2761.54
Metal Craft,Wood,1423,650,57.34,1.25,1350.35,1523,1679.63,0.23,3948.93
Handmade Jewellery,Beads,73,417,28.99,3.19,119.0,152,177.59,0.78,1179.75
Terracotta,Brass,1362,255,29.26,2.65,2122.9,2404,3085.72,0.22,3522.24
Wooden Craft,Jute,1454,759,28.35,4.19,1848.35,2185,2371.74,0.83,4626.3
Pottery,Brass,470,413,16.14,1.85,1606.87,1931,2459.31,0.25,2324.9
Wooden Craft,Bamboo,423,143,54.47,1.72,1373.43,1743,1996.9,0.97,2245.77
Handmade Jewellery,Terracotta,1348,189,43.83,1.58,470.45,522,552.78,0.77,2541.28
Bamboo Basket,Terracotta,609,970,32.07,2.64,193.75,230,261.0,0.23,2450.45
Pottery,Silk,671,1071,21.14,2.41,1961.87,2241,2711.48,0.67,3849.59
Cane Furniture,Clay,833,1122,23.92,4.58,2889.07,3137,3736.09,0.77,4628.96
Pottery,Silk,406,734,55.97,1.98,621.82,808,859.23,0.66,2294.2
Jute Bag,Cotton,1062,576,35.99,4.86,1208.23,1315,1616.36,0.28,3288.84
Terracotta,Brass,1227,372,14.78,0.95,2241.45,2418,2656.68,0.78,3769.17
Embroidered Cloth,Clay,1487,757,53.2,1.99,1082.93,1291,1496.22,0.6,4021.4
Embroidered Cloth,Beads,1201,423,52.51,0.24,689.84,893,966.86,0.87,3054.72
Handmade Jewellery,Terracotta,1368,171,34.28,1.09,431.42,456,521.03,0.97,2751.87
Terracotta,Cane,395,198,51.82,1.43,871.15,930,1115.3,0.94,1727.39
Terracotta,Cotton,350,947,12.68,3.94,1588.83,1688,2144.08,0.81,3241.18
Bamboo Basket,Jute,169,899,34.92,3.72,488.74,582,628.74,0.65,2159.95
Jute Bag,Silk,1145,672,6.39,2.35,1244.77,1540,1800.86,0.52,3344.89
Handloom Saree,Clay,1311,1167,51.81,4.8,434.37,484,556.04,0.23,4071.63
Pottery,Silk,905,181,40.08,0.9,2606.96,3361,4164.71,0.75,3646.13
Bamboo Basket,Jute,214,374,40.3,4.82,341.91,380,430.67,0.76,1444.34
Terracotta,Cane,434,525,39.16,4.06,1514.21,1696,2149.93,0.35,2520.68
Handloom Saree,Cane,870,1094,58.93,1.56,1291.14,1629,2027.67,0.74,4051.96
Handloom Saree,Silk,656,1151,40.32,0.61,2349.73,2804,3256.94,0.82,4359.49
Wooden Craft,Bamboo,801,284,16.81,3.69,3009.28,3571,3993.02,0.92,3878.11
Handmade Jewellery,Silk,571,1162,59.55,3.15,1745.68,2144,2439.58,0.74,4089.6
Terracotta,Terracotta,1261,785,20.33,2.39,2201.55,2661,3382.51,0.88,4421.73
Embroidered Cloth,Bamboo,1008,696,34.87,1.58,1401.26,1559,1650.65,0.56,3491.16
Handloom Saree,Cotton,310,652,6.33,2.75,1170.46,1430,1581.14,0.75,2388.25
Metal Craft,Beads,817,635,20.23,1.29,847.95,969,1017.8,0.48,2649.09
Handloom Saree,Silk,374,437,5.18,1.48,1831.1,2228,2800.51,0.79,2519.28
Pottery,Terracotta,1109,150,49.38,0.76,710.1,891,1000.89,0.66,2627.06
Handmade Jewellery,Silk,414,416,43.67,4.02,2152.5,2803,3153.67,0.25,3000.06
Jute Bag,Cotton,103,73,44.2,1.07,884.5,1132,1200.98,0.89,1320.09
Cane Furniture,Terracotta,770,433,29.11,3.2,1745.94,1953,2368.69,0.32,2852.97
Metal Craft,Silk,1371,187,43.53,3.08,563.07,629,673.32,0.3,2683.96
Handmade Jewellery,Terracotta,481,1178,42.51,1.93,244.77,307,370.15,0.29,2720.44
Handmade Jewellery,Brass,567,817,15.87,0.31,3032.71,3605,3886.6,0.99,4360.37
Metal Craft,Silk,1452,510,17.56,3.23,1477.93,1852,2202.43,0.8,3882.44
Terracotta,Beads,79,779,29.48,1.43,1033.13,1335,1455.49,0.63,2149.85
Handmade Jewellery,Wood,824,1197,25.56,2.26,3025.65,3220,3542.64,0.44,4577.29
Handmade Jewellery,Beads,1126,1199,44.68,0.53,298.35,325,416.69,0.67,3642.16
Handmade Jewellery,Cane,653,987,14.45,0.15,1498.03,1633,1740.9,0.91,3439.62
Metal Craft,Cotton,166,752,31.44,1.37,2306.25,2823,3547.45,0.78,3437.65
Handloom Saree,Terracotta,733,923,32.68,3.08,3439.62,3686,4044.91,0.24,4610.53
Handloom Saree,Brass,275,644,10.08,0.4,822.95,884,1102.5,0.92,1986.46
Handloom Saree,Jute,251,81,54.77,2.63,3474.93,3926,4663.46,0.31,2979.35
Wooden Craft,Cotton,475,883,16.11,3.32,3606.97,3853,4544.34,0.22,4227.59
Bamboo Basket,Cotton,317,1055,43.41,3.19,2916.46,3208,3815.18,0.37,4151.18
Cane Furniture,Cane,890,1032,42.53,1.66,1291.13,1613,1738.95,0.64,3810.29
Metal Craft,Brass,1197,363,46.56,1.47,1367.82,1698,2187.37,0.27,3228.59
Cane Furniture,Cane,601,510,51.28,1.08,1079.6,1343,1598.96,0.42,2594.2
Pottery,Wood,1479,127,33.38,1.27,178.6,194,244.34,0.21,2239.58
Cane Furniture,Cane,129,277,57.28,1.17,3147.68,3531,4373.68,0.65,2959.01
Handmade Jewellery,Jute,828,980,39.09,2.73,823.45,902,1008.98,0.99,3439.95
Bamboo Basket,Brass,104,363,57.05,3.46,1306.05,1389,1485.94,0.67,1943.68
Wooden Craft,Beads,886,651,39.73,4.95,2517.39,3310,4098.66,0.2,4186.3
Cane Furniture,Brass,1110,74,14.85,2.51,348.49,376,481.36,0.53,1822.38
Pottery,Clay,181,397,31.35,4.74,667.04,881,1057.34,0.72,1843.97
Bamboo Basket,Brass,151,740,57.52,0.2,518.81,685,810.78,0.62,1958.01
Cane Furniture,Terracotta,1344,756,29.81,3.41,558.21,630,724.71,0.29,3442.57
Embroidered Cloth,Jute,547,136,6.88,4.47,277.5,346,367.46,0.52,1405.49
Handmade Jewellery,Beads,1488,652,25.87,4.0,1042.02,1236,1540.38,0.59,3875.3
Embroidered Cloth,Silk,396,421,32.82,0.71,292.09,309,342.0,0.35,1321.42
Terracotta,Beads,337,469,6.33,1.8,735.27,856,1079.0,0.8,1782.2
Handloom Saree,Jute,1338,1111,23.48,3.41,1025.81,1146,1369.19,0.24,4188.09
Cane Furniture,Silk,904,1119,21.22,4.68,1900.6,2334,2736.42,0.96,4458.1
Bamboo Basket,Brass,507,577,26.82,1.02,2812.99,3113,3655.78,0.84,3562.86
Handloom Saree,Wood,661,1188,39.17,1.47,1810.83,2332,2676.14,0.77,4127.66
Jute Bag,Clay,446,202,26.93,0.52,2864.31,3163,4082.36,0.46,2823.44
Handloom Saree,Cane,250,61,42.01,4.03,1756.98,2045,2275.93,0.5,1908.69
Bamboo Basket,Silk,706,210,36.21,0.94,1445.75,1653,1864.12,0.55,2340.11
Bamboo Basket,Jute,131,865,57.99,1.83,1406.02,1769,2234.37,0.36,2749.54
Jute Bag,Silk,1190,625,10.11,3.46,826.19,1025,1180.81,0.23,3127.39
Jute Bag,Cane,710,689,16.32,1.36,1999.34,2525,2862.19,0.73,3439.74
Metal Craft,Jute,1342,477,18.51,1.54,3501.51,3789,4412.2,0.78,4962.93
Terracotta,Silk,225,155,43.82,4.61,1559.2,1736,2166.05,0.34,1810.94
Cane Furniture,Cotton,105,405,7.6,0.5,1532.53,1999,2570.81,0.27,1856.56
Metal Craft,Brass,1373,754,57.72,4.51,1522.26,1680,2063.52,0.69,4235.34
Jute Bag,Wood,729,326,20.91,3.42,296.67,379,430.57,0.73,2020.52
Terracotta,Cane,752,1036,14.65,3.28,216.94,266,293.97,0.57,2762.76
Metal Craft,Jute,1089,265,45.42,4.93,394.06,433,496.02,0.34,2501.16
Jute Bag,Brass,520,257,49.96,3.86,1061.06,1166,1477.56,0.76,2151.15
Bamboo Basket,Clay,407,468,43.35,4.28,1553.0,1743,2160.45,0.67,2684.28
Handloom Saree,Cane,485,299,28.06,4.76,1891.05,2079,2540.7,0.98,2732.96
Handmade Jewellery,Beads,858,880,55.33,2.19,1843.75,2354,2553.32,0.47,3967.54
Terracotta,Wood,1454,1093,46.18,1.28,1525.43,1767,2253.78,0.92,4799.86
Handmade Jewellery,Wood,507,1101,37.47,3.56,2033.34,2523,2786.36,0.4,3885.2
Bamboo Basket,Cotton,795,297,11.26,4.43,2266.76,2400,2659.8,0.85,3072.13
Embroidered Cloth,Clay,553,135,13.94,3.96,3580.38,3842,4506.53,0.59,3458.68
Handloom Saree,Terracotta,549,507,10.21,2.86,792.27,918,1035.14,0.69,2125.88
Terracotta,Wood,883,161,53.9,1.08,2249.07,2769,2908.45,0.39,3169.89
Bamboo Basket,Clay,453,650,56.41,2.63,286.2,342,418.32,0.56,2063.96
Terracotta,Bamboo,962,701,16.87,0.81,1717.01,1951,2253.81,0.97,3625.37
Bamboo Basket,Bamboo,546,822,22.0,3.75,149.61,181,220.61,0.24,2191.96
Pottery,Silk,1049,651,37.43,2.01,1920.2,2323,2605.25,0.48,3851.91
Handmade Jewellery,Cane,697,335,8.38,1.17,2245.42,2422,2704.23,0.52,2963.28
Handloom Saree,Bamboo,987,814,42.41,3.22,2606.22,3005,3450.55,0.49,4493.17
Pottery,Brass,1436,142,31.08,1.45,584.73,751,952.9,0.52,2648.81
Handmade Jewellery,Terracotta,1130,224,29.57,1.69,1125.18,1292,1435.56,0.85,2765.39
Cane Furniture,Silk,759,1143,20.57,2.28,3055.95,3246,4197.64,0.71,4775.92
Handloom Saree,Cane,552,499,59.21,4.09,2362.61,2714,3526.93,0.28,3265.4
Pottery,Clay,567,489,54.65,0.66,1873.79,2180,2388.84,0.53,3106.4
Metal Craft,Wood,332,622,13.23,4.2,244.14,321,338.73,0.29,1772.74
Terracotta,Brass,516,346,47.87,3.79,1524.96,1697,1872.84,0.24,2413.84
Pottery,Cotton,923,544,17.68,0.58,2964.28,3585,3937.18,0.32,4106.0
Cane Furniture,Jute,1426,348,27.11,0.58,2443.43,2913,3367.34,0.63,4152.56
Cane Furniture,Wood,1424,332,56.69,0.9,179.13,219,271.0,0.74,2705.01
Cane Furniture,Wood,685,516,34.58,1.3,727.8,767,904.68,0.27,2214.11
Wooden Craft,Clay,56,89,58.67,3.54,3166.19,3946,4640.42,0.57,2785.1
Pottery,Bamboo,782,888,31.8,3.98,1764.97,2217,2354.69,0.76,3891.88
Pottery,Cane,1168,352,13.35,0.2,3097.03,3849,4090.5,0.5,4309.26
Terracotta,Wood,416,938,32.7,1.45,1592.37,1873,2434.39,0.62,3280.45
Wooden Craft,Silk,912,667,38.68,0.83,3096.19,3264,3981.74,0.56,4325.01
Handmade Jewellery,Wood,109,111,27.89,1.63,924.31,1148,1451.89,0.2,1142.4
Wooden Craft,Jute,982,224,32.27,3.19,511.49,566,658.93,0.48,2125.75
Metal Craft,Bamboo,724,195,21.8,3.09,3523.44,3858,4095.34,0.77,3622.06
Jute Bag,Cotton,756,925,58.52,0.99,2773.04,3667,4078.79,0.47,4711.79
Pottery,Beads,459,446,25.36,1.03,154.91,190,227.68,0.93,1687.59
Pottery,Brass,1474,347,16.24,4.5,3307.12,3703,4649.48,0.81,4873.18
Terracotta,Wood,1047,859,32.35,2.91,1664.4,1872,2084.61,0.22,3776.8
Handmade Jewellery,Cane,1150,399,16.33,4.34,427.61,460,582.5,0.45,2587.95
Cane Furniture,Cane,1191,744,39.09,1.27,1161.29,1274,1594.21,0.6,3751.22
Embroidered Cloth,Brass,410,783,17.36,3.96,2686.68,3033,3544.63,0.8,3704.99
Pottery,Cane,1243,1043,26.68,3.58,2262.05,2655,3400.95,0.89,4939.7
Terracotta,Clay,1448,711,21.99,3.85,2428.01,2696,3035.33,0.42,4564.84
Metal Craft,Bamboo,1436,450,34.92,0.15,2932.21,3841,4761.45,0.56,4767.21
Pottery,Cotton,85,407,9.33,2.62,2255.98,2517,3195.09,0.86,2517.13
Handloom Saree,Cane,1230,925,31.71,2.76,1432.44,1567,1963.94,0.31,3744.7
Handmade Jewellery,Wood,1374,358,54.55,0.71,3308.64,3608,4169.66,0.41,4416.41
Bamboo Basket,Wood,749,439,35.89,0.13,1526.7,1668,2055.23,0.35,2665.96
Pottery,Cotton,1375,1152,38.52,3.66,3365.25,3971,4251.38,0.78,6092.9
Cane Furniture,Silk,984,938,11.85,2.15,2793.06,3060,3539.27,0.45,4424.52
Terracotta,Cane,747,1138,7.14,0.81,2413.0,2778,3119.28,0.54,4260.69
Wooden Craft,Cotton,789,320,51.31,1.53,1444.97,1700,1875.39,0.71,2795.34
Handloom Saree,Brass,1493,646,54.01,3.01,2705.43,3147,3512.24,0.58,4932.26
Wooden Craft,Jute,180,649,10.36,3.21,2085.65,2727,3433.53,0.46,2807.08
Bamboo Basket,Silk,557,730,45.02,2.46,2671.39,3297,4147.15,0.73,3953.14
Cane Furniture,Cane,973,452,51.71,3.7,930.79,1221,1565.86,0.57,2974.42
Bamboo Basket,Cotton,196,381,39.8,4.55,3033.16,3556,4493.78,0.79,3160.31
Bamboo Basket,Cotton,395,1086,8.17,4.66,1798.96,1927,2029.68,0.65,3273.74
Jute Bag,Jute,743,118,5.91,4.43,810.64,1068,1185.42,0.68,2121.42
Pottery,Beads,322,508,55.6,4.81,1696.35,2123,2753.85,0.25,2666.32
Metal Craft,Bamboo,1325,1040,34.39,2.44,2009.69,2637,2902.81,0.59,5019.12
Bamboo Basket,Jute,1168,458,47.98,0.17,1650.05,2200,2344.68,0.53,3650.95
Bamboo Basket,Brass,466,778,16.82,4.25,1784.17,2093,2279.97,0.7,3221.06
Cane Furniture,Beads,531,169,13.62,0.77,2012.01,2535,3141.74,0.97,2632.97
Wooden Craft,Wood,458,443,47.86,3.16,2450.11,3003,3445.12,0.45,3283.36
Pottery,Jute,866,804,39.79,2.73,2477.56,3185,4111.16,0.93,4549.98
Handmade Jewellery,Beads,118,150,58.84,1.83,2139.68,2820,2967.44,0.82,2388.74
Terracotta,Brass,625,185,57.34,1.23,819.6,1077,1216.58,0.65,1967.69
Handmade Jewellery,Silk,334,1101,21.91,4.29,1275.35,1543,1628.37,0.22,3020.6
Pottery,Brass,263,353,10.87,0.37,2187.24,2435,2636.97,0.61,2298.34
Pottery,Cane,1046,750,42.23,2.6,871.22,1050,1162.82,0.46,3323.87
Cane Furniture,Beads,617,713,12.33,0.13,1487.29,1650,1788.75,0.97,3038.18
Handloom Saree,Bamboo,188,1064,6.89,3.66,238.48,284,313.2,0.43,2223.07
Embroidered Cloth,Cane,807,798,18.63,2.93,1429.46,1793,1908.51,0.69,3420.36
Bamboo Basket,Wood,922,285,22.72,0.41,2588.48,2944,3532.55,0.77,3591.63
Terracotta,Wood,780,80,53.0,1.48,1417.86,1778,1986.98,0.28,2261.12
Pottery,Clay,400,66,14.17,0.95,1194.65,1417,1804.66,0.82,1817.34
Cane Furniture,Brass,469,1140,24.67,3.48,3202.77,3426,3632.16,0.32,4361.27
Wooden Craft,Terracotta,1026,260,28.05,4.92,1418.41,1596,1838.03,0.83,3071.41
Handmade Jewellery,Bamboo,764,1191,45.86,3.2,3283.51,3883,4961.5,0.85,5334.11
Handmade Jewellery,Terracotta,427,410,25.87,2.18,562.91,722,840.85,0.92,1970.1
Handmade Jewellery,Silk,1373,420,46.3,2.29,1074.09,1377,1565.99,0.65,3513.69
Wooden Craft,Jute,752,1080,26.14,0.47,991.5,1207,1368.74,0.6,3441.68
Handmade Jewellery,Beads,1036,1007,41.47,3.63,1516.69,1719,1855.36,0.48,4109.93
Cane Furniture,Brass,1290,1099,10.44,4.4,3074.1,3337,3512.98,0.91,5265.24
Pottery,Terracotta,329,847,20.41,3.09,1643.24,1936,2094.84,0.94,3023.34
Wooden Craft,Brass,595,842,8.72,0.72,2723.33,3091,3418.93,0.48,3773.03
Cane Furniture,Cotton,153,1113,27.02,3.86,2052.63,2487,2972.59,0.61,3608.42
Pottery,Cotton,935,473,49.59,0.44,2073.59,2348,2844.63,0.58,3514.69
Wooden Craft,Cotton,1228,962,46.45,0.98,689.81,825,946.71,0.73,3827.04
Terracotta,Beads,794,357,47.58,1.55,909.99,1150,1325.76,0.39,2542.77
Jute Bag,Terracotta,262,668,44.85,2.51,1879.37,2363,2900.38,0.44,2954.42
Pottery,Terracotta,1381,1149,38.1,4.92,2896.1,3537,4069.43,0.35,5696.41
Cane Furniture,Silk,269,1080,21.64,3.56,3033.09,3760,4757.17,0.54,4337.96
Pottery,Terracotta,970,1198,24.89,3.88,233.56,307,362.32,0.85,3379.18
Handloom Saree,Cotton,935,109,52.07,2.1,1232.36,1353,1627.85,0.87,2512.86
Handloom Saree,Bamboo,177,1001,45.23,2.22,1692.21,1931,2484.89,0.34,3022.67
Handloom Saree,Brass,727,553,10.58,3.64,1370.38,1520,1745.0,0.46,2815.97
Cane Furniture,Terracotta,481,975,40.15,0.76,2204.13,2625,2879.02,0.34,3715.49
Pottery,Terracotta,1068,1078,45.47,1.97,447.73,549,604.67,0.42,3404.06
Terracotta,Beads,119,436,8.6,3.54,767.58,868,957.68,0.47,1478.83
Jute Bag,Wood,1452,648,32.4,2.23,2421.72,3140,3560.32,0.69,4876.51
Pottery,Silk,1338,320,28.43,4.03,1271.06,1560,1728.78,0.42,3309.63
Metal Craft,Cotton,344,220,17.94,2.3,300.83,389,455.78,0.53,1217.3
Metal Craft,Wood,881,1094,37.97,3.53,843.83,962,1232.25,0.7,3574.68
Handloom Saree,Wood,262,579,41.16,0.67,2840.0,3670,4721.5,0.55,3526.14
Handloom Saree,Jute,965,279,38.25,2.44,2907.09,3405,3909.13,0.56,3810.63
Terracotta,Silk,1200,191,46.51,1.72,1545.02,1859,2356.91,0.71,3296.61
Terracotta,Clay,50,1128,20.41,3.78,3263.17,3639,4704.41,0.75,4024.04
Handmade Jewellery,Cotton,1177,394,37.73,1.45,928.85,1187,1260.19,0.38,2911.56
Embroidered Cloth,Cotton,209,893,25.98,0.73,2444.75,2731,3226.95,0.73,3135.05
Metal Craft,Jute,282,729,51.01,0.51,3384.34,3897,4724.24,0.97,4102.25
Bamboo Basket,Clay,1161,360,45.47,3.26,2911.62,3735,4042.92,0.71,4595.76
Jute Bag,Silk,1052,887,6.51,0.7,702.76,859,1054.07,0.64,3230.44
Cane Furniture,Clay,59,1035,57.34,2.56,1762.95,2292,2625.12,0.95,3431.72
Jute Bag,Terracotta,1454,718,46.08,3.69,1629.7,1884,2384.59,0.64,4346.5
Handloom Saree,Brass,679,229,48.55,2.22,1614.31,1705,1868.88,0.57,2405.6
Pottery,Terracotta,793,618,54.99,3.06,1947.76,2334,2815.23,0.9,3815.04
Metal Craft,Cotton,1187,1141,35.08,0.73,2586.24,2861,3182.44,0.98,5093.32
Cane Furniture,Bamboo,1483,1122,22.85,3.84,2001.38,2378,2787.99,0.8,5000.34
Pottery,Wood,485,1187,50.11,4.52,2139.67,2635,3060.64,0.73,4274.83
Terracotta,Cane,936,849,25.09,3.61,1720.56,2063,2639.9,0.49,3824.81
Embroidered Cloth,Brass,297,1126,10.77,2.97,668.91,873,1069.5,0.26,2680.75
Embroidered Cloth,Silk,1494,764,51.55,3.41,268.72,301,320.06,0.81,3732.67
Embroidered Cloth,Bamboo,1225,145,10.2,2.08,1100.07,1189,1457.99,0.22,2569.11
Handloom Saree,Wood,1027,928,39.67,3.35,474.38,604,730.51,0.83,3472.79
Terracotta,Cotton,872,55,32.6,3.28,2999.92,3887,4339.82,0.87,3853.97
Jute Bag,Clay,368,1155,41.96,2.42,2705.87,3567,4407.29,0.9,4391.34
Metal Craft,Bamboo,1206,345,13.44,3.04,1865.52,2230,2754.95,0.99,3516.14
Pottery,Jute,842,1181,28.54,3.33,2270.73,2930,3776.91,0.81,4737.17
Wooden Craft,Jute,882,446,10.27,2.88,1189.56,1449,1856.91,0.88,2909.08
Metal Craft,Bamboo,290,607,48.37,2.23,1293.73,1708,2153.39,0.24,2466.45
Handmade Jewellery,Terracotta,122,563,36.78,3.66,1276.73,1569,1822.11,0.74,2210.73
Wooden Craft,Bamboo,1476,1152,43.44,3.06,2457.88,2988,3765.57,0.69,5502.22
Terracotta,Terracotta,1230,379,19.4,4.08,2438.49,3099,3618.21,0.74,4113.53
Metal Craft,Clay,881,840,34.85,4.06,1274.54,1645,2028.56,0.5,3587.22
Wooden Craft,Wood,1355,106,36.13,1.7,449.13,510,556.26,0.97,2606.16
Pottery,Clay,885,538,41.96,1.95,3214.58,3776,4701.68,0.76,4408.14
Handloom Saree,Cane,804,678,25.19,2.86,450.6,544,701.42,0.42,2419.64
Jute Bag,Jute,133,822,50.97,2.51,2742.85,2968,3376.32,0.54,3426.15
Pottery,Wood,1413,989,7.22,4.12,164.89,211,237.84,0.76,3823.65
Bamboo Basket,Brass,777,506,18.87,2.35,1595.31,2026,2364.4,0.81,3143.37
Handmade Jewellery,Beads,687,518,31.37,0.39,1195.22,1371,1582.99,0.32,2655.5
Bamboo Basket,Cotton,644,550,43.28,2.27,1763.53,2303,2562.79,0.78,3312.02
Cane Furniture,Wood,758,857,8.59,0.72,589.84,780,985.17,0.52,2639.22
Embroidered Cloth,Terracotta,125,336,47.85,2.02,1521.25,1880,2426.56,0.99,2245.65
Handmade Jewellery,Bamboo,1038,121,54.8,1.56,557.72,726,826.42,0.75,2366.74
Pottery,Beads,639,239,50.12,3.36,2479.84,2822,3193.29,0.73,3229.44
Terracotta,Beads,1327,1045,50.24,3.52,3433.65,3932,4919.22,0.31,5781.37
Cane Furniture,Jute,1290,747,7.69,3.03,2236.41,2619,3040.27,0.38,4249.55
Terracotta,Bamboo,547,961,39.91,3.36,3581.06,3881,4513.29,0.6,4546.2
Cane Furniture,Terracotta,537,131,6.94,0.48,2764.56,2994,3241.7,0.71,2844.89
Cane Furniture,Clay,117,1107,23.23,2.97,1997.55,2455,3055.78,0.26,3396.84
Wooden Craft,Wood,540,866,36.34,3.27,1568.76,1838,2290.82,0.46,3232.79
Pottery,Brass,512,1121,55.62,3.54,2050.69,2408,2608.99,0.51,4095.63
Terracotta,Cane,1363,546,26.87,1.42,3168.73,3671,3887.64,0.27,4793.51
Metal Craft,Jute,778,590,29.61,3.44,328.33,361,399.69,0.32,2370.98
Terracotta,Cotton,93,217,10.87,0.1,689.14,735,860.29,0.44,1073.72
Terracotta,Clay,1029,55,5.54,1.85,1172.13,1358,1470.37,0.52,2398.09
Embroidered Cloth,Clay,773,1154,36.91,1.77,269.1,328,406.91,0.37,3196.0
Pottery,Cotton,997,529,58.06,1.8,3102.31,3564,4085.35,0.95,4570.32
Handloom Saree,Brass,275,74,51.51,3.27,629.87,714,752.28,0.26,1272.04
Handloom Saree,Clay,1012,394,57.56,2.69,456.85,495,523.0,0.93,2678.05
Embroidered Cloth,Wood,899,308,46.24,4.63,2385.83,2541,2725.28,0.81,3608.61
Metal Craft,Brass,358,308,56.14,4.63,2406.71,2976,3373.28,0.22,3033.7
Jute Bag,Jute,487,505,56.22,3.38,1256.49,1625,1785.02,0.48,2685.01
Jute Bag,Cane,122,310,42.05,4.59,1799.9,1998,2116.3,0.52,2006.65
Embroidered Cloth,Bamboo,1234,439,24.53,0.28,833.68,1090,1348.48,0.25,2910.15
Jute Bag,Terracotta,931,975,31.98,4.75,1179.71,1391,1711.99,0.65,3633.54
Handmade Jewellery,Silk,900,976,32.01,3.38,447.49,520,625.95,0.31,3038.71
Handloom Saree,Silk,1016,1160,12.68,2.83,1431.68,1525,1915.35,0.83,4083.5
Cane Furniture,Wood,215,83,45.03,4.51,860.35,1084,1153.93,0.94,1559.64
Pottery,Beads,1049,1030,11.11,2.55,1763.08,2048,2630.8,0.98,4308.61
Wooden Craft,Jute,997,102,27.25,4.31,1410.3,1573,2040.69,0.53,2549.19
Terracotta,Clay,687,715,16.82,4.54,3176.58,3648,4683.78,0.73,4313.34
Jute Bag,Silk,1137,706,19.5,1.13,2412.81,2715,3306.55,0.57,4256.56
Jute Bag,Beads,639,369,34.61,3.21,331.05,435,512.21,0.26,1683.76
Bamboo Basket,Bamboo,677,642,11.07,4.02,2276.22,2502,2966.86,0.91,3668.49
Terracotta,Wood,956,1181,58.92,3.89,2719.66,3185,3476.57,0.98,5142.61
Embroidered Cloth,Cane,537,392,32.12,1.94,1180.76,1541,1936.32,1.0,2491.97
Jute Bag,Clay,908,541,35.26,0.19,1489.25,1839,2109.04,0.96,3346.34
Wooden Craft,Brass,487,335,12.11,2.24,263.55,317,337.49,0.76,1561.64
Handloom Saree,Cotton,1274,638,33.49,0.87,344.63,451,476.1,0.57,3061.12
Embroidered Cloth,Terracotta,258,1061,59.59,2.32,140.86,161,174.61,0.23,2230.51
Pottery,Wood,1489,853,26.65,4.7,3011.46,3546,3941.01,0.2,5285.36
Metal Craft,Terracotta,824,936,38.27,5.0,2401.49,2830,3439.82,0.78,4464.51
Cane Furniture,Silk,119,892,26.3,2.69,2511.49,2895,3290.3,0.52,3408.68
Jute Bag,Beads,1009,954,11.89,1.3,1588.83,1829,2276.46,0.45,3803.81
Metal Craft,Cane,538,545,47.74,2.04,2741.04,3230,4089.7,0.2,3481.6
Metal Craft,Beads,1490,858,5.94,0.82,1545.94,1632,2009.13,0.42,4218.08
Cane Furniture,Cotton,608,827,10.96,3.24,2995.72,3524,4343.64,0.53,4223.21
Bamboo Basket,Clay,1413,897,43.22,0.22,2455.61,3161,3337.65,0.29,5045.76
Pottery,Bamboo,604,115,58.0,4.91,3136.0,3835,4696.78,0.43,3557.89
Handloom Saree,Bamboo,1108,804,58.75,0.44,3439.45,3956,5140.27,0.69,5107.25
Terracotta,Silk,191,695,17.43,1.89,3327.82,3562,4289.73,0.78,3531.4
Jute Bag,Beads,1312,299,34.32,1.47,1045.25,1252,1436.41,0.96,3346.62
Jute Bag,Silk,682,938,52.35,3.16,543.36,716,780.33,0.97,2970.97
Cane Furniture,Silk,1035,686,56.78,3.13,566.79,666,848.31,0.9,3262.97
Cane Furniture,Terracotta,322,240,25.79,4.18,1574.56,1675,2041.78,0.88,2194.19
Jute Bag,Cotton,1176,275,8.9,3.09,3277.55,3545,4463.83,0.95,4130.7
Handmade Jewellery,Cotton,1305,78,54.93,2.68,254.08,289,313.25,0.23,2131.42
Terracotta,Jute,308,73,45.77,4.78,983.05,1296,1558.37,0.62,1697.21
Embroidered Cloth,Cotton,155,664,22.65,2.68,2845.46,3367,4105.35,0.46,3390.7
Bamboo Basket,Wood,764,716,49.11,1.81,2117.63,2592,3270.27,0.82,3941.79
Handmade Jewellery,Bamboo,1158,681,58.88,3.5,738.49,943,1163.96,0.42,3397.3
Handloom Saree,Terracotta,1142,105,22.54,4.15,1348.56,1754,2176.3,0.36,2958.71
Handmade Jewellery,Beads,701,382,50.14,0.96,1149.47,1303,1588.48,0.49,2493.59
Bamboo Basket,Clay,257,656,41.6,4.62,2505.56,2807,3238.07,0.35,3230.34
Handloom Saree,Wood,766,556,23.37,3.17,2368.3,2931,3549.26,0.44,3698.96
Wooden Craft,Jute,137,525,33.92,3.44,697.63,869,940.25,0.86,1721.06
Handmade Jewellery,Clay,1160,455,58.46,0.8,1035.77,1237,1484.89,0.95,3225.05
Terracotta,Cotton,739,722,50.07,1.95,3343.0,3736,4694.37,0.4,4390.83
Pottery,Clay,108,102,24.02,3.23,1756.71,2215,2682.86,0.31,1642.3
Pottery,Bamboo,1187,583,28.86,1.78,1396.43,1783,1898.53,0.76,3613.9
Embroidered Cloth,Silk,699,80,44.5,3.63,384.68,485,575.03,0.59,1686.95
Wooden Craft,Cotton,363,77,36.9,1.67,1053.33,1179,1307.28,0.82,1667.35
Bamboo Basket,Clay,855,258,7.0,1.2,1281.32,1555,1634.53,0.32,2399.79
Handmade Jewellery,Terracotta,1451,482,28.11,4.4,996.11,1245,1473.0,0.22,3512.81
Jute Bag,Terracotta,234,937,6.04,4.44,470.44,499,555.88,0.51,2180.54
Bamboo Basket,Cotton,551,963,52.54,4.97,1088.3,1342,1622.55,0.79,3282.33
Wooden Craft,Brass,356,148,43.5,4.57,1973.05,2427,2606.6,0.94,2563.11
Wooden Craft,Cotton,1264,997,46.13,1.58,2460.09,3030,3502.27,0.77,5087.24
Handmade Jewellery,Terracotta,1090,536,11.4,3.62,2792.55,3350,4114.48,0.21,3967.68
Jute Bag,Jute,937,431,57.75,1.95,1588.62,1951,2262.75,0.42,3241.1
Pottery,Beads,290,885,11.44,1.36,1593.94,1739,2048.87,0.33,2779.81
Bamboo Basket,Terracotta,1004,1196,29.21,3.57,3000.23,3224,4056.06,0.46,4954.6
Handmade Jewellery,Wood,388,128,54.39,1.07,1378.17,1713,1887.86,0.36,2045.43
Cane Furniture,Beads,1113,218,42.7,1.78,1228.59,1613,1761.19,0.53,2863.92
Wooden Craft,Cotton,426,483,18.48,3.44,590.0,662,743.28,0.4,1704.56
Terracotta,Cane,413,157,7.34,1.55,578.36,659,696.39,0.73,1421.17
Terracotta,Clay,414,787,44.61,2.48,379.54,408,512.53,0.32,2175.58
Embroidered Cloth,Cane,199,959,33.09,4.78,1771.65,2043,2216.03,0.88,3237.44
Bamboo Basket,Clay,1199,107,8.76,1.47,2213.94,2863,3261.52,0.64,3404.23
Wooden Craft,Clay,895,139,17.53,4.26,979.98,1202,1426.34,0.56,2397.56
Wooden Craft,Jute,555,232,53.07,3.72,3227.79,3499,4135.79,0.28,3347.83
Cane Furniture,Bamboo,388,1114,15.97,0.15,955.1,1272,1584.89,0.26,2716.11
Bamboo Basket,Terracotta,126,311,47.38,3.51,2892.12,3233,4178.47,0.48,2683.75
Cane Furniture,Terracotta,895,742,50.51,2.57,2981.17,3187,3816.74,0.89,4453.79
Embroidered Cloth,Wood,544,596,55.54,3.04,2316.65,2802,3636.13,0.42,3553.56
Terracotta,Clay,283,760,50.26,4.27,191.53,221,283.21,0.83,2063.05
Handmade Jewellery,Wood,769,179,22.69,0.93,550.47,685,745.48,0.85,1907.22
Metal Craft,Cotton,416,874,14.34,4.27,1517.44,1879,1999.05,0.74,3253.82
Jute Bag,Wood,305,468,53.18,0.54,3246.5,3588,4034.58,0.26,3358.51
Jute Bag,Wood,944,945,18.39,2.35,2790.59,3599,3952.65,0.62,4609.67
Metal Craft,Silk,1443,453,9.84,4.84,2189.71,2903,3157.57,0.77,4436.61
Handmade Jewellery,Cane,1375,927,31.26,3.41,3439.26,3646,4638.3,0.84,5536.0
Metal Craft,Clay,1238,597,57.22,4.97,853.38,1130,1278.93,0.54,3658.73
Jute Bag,Silk,243,313,40.94,0.63,1813.56,1913,2420.84,0.55,2138.86
Handloom Saree,Clay,1245,1161,40.0,4.69,943.83,1173,1318.7,0.26,4183.09
Handloom Saree,Cane,670,1049,40.51,4.08,2578.31,3152,3536.68,0.28,4276.83
Bamboo Basket,Cane,596,499,25.64,0.42,2757.25,2968,3229.63,0.35,3218.41
Bamboo Basket,Cane,1449,250,48.64,1.96,1374.49,1591,1971.57,0.52,3584.57
Embroidered Cloth,Silk,743,485,16.03,3.47,3197.98,3543,4375.66,0.82,3863.4
Metal Craft,Terracotta,774,997,20.7,2.41,3342.06,3879,4289.16,0.68,4890.15
Jute Bag,Silk,511,634,14.64,3.05,2174.34,2623,2779.84,0.93,3426.18
Jute Bag,Silk,1254,89,51.39,0.71,270.88,317,373.84,0.37,2141.72
Terracotta,Terracotta,849,657,16.41,3.2,2190.32,2360,3062.0,0.6,3685.93
Jute Bag,Jute,245,497,34.57,2.47,215.63,241,268.09,0.69,1590.09
Handmade Jewellery,Silk,622,584,40.68,3.88,2092.6,2533,3161.07,0.44,3406.8
Handmade Jewellery,Cotton,59,479,36.14,4.15,3100.26,3900,4671.99,0.76,3398.96
Embroidered Cloth,Bamboo,179,660,51.55,1.24,2180.09,2824,3491.79,0.41,3113.39
Pottery,Beads,888,672,31.12,2.08,1747.99,1874,2146.21,0.37,3322.23
Embroidered Cloth,Brass,1118,101,23.54,2.28,1370.42,1491,1930.83,0.42,2669.52
Wooden Craft,Bamboo,1320,268,31.26,0.89,1488.4,1645,1926.43,0.21,3070.16
Handmade Jewellery,Beads,1098,874,53.68,0.59,2028.35,2272,2769.12,0.21,4262.0
Wooden Craft,Brass,1407,358,14.18,3.67,3089.33,3384,3620.66,0.83,4502.27
Handmade Jewellery,Cane,1461,1122,44.09,1.68,2920.0,3432,3620.45,0.54,5664.55
Pottery,Wood,204,279,37.9,1.7,3107.25,3468,3866.18,0.87,3009.01
Handloom Saree,Silk,493,954,22.94,0.53,3408.84,3871,4617.73,0.62,4422.83
Wooden Craft,Cane,1461,1197,11.09,4.49,168.6,217,250.25,0.27,4008.11
Handmade Jewellery,Silk,476,1058,53.98,2.92,2302.43,2959,3502.61,0.51,4102.89
Metal Craft,Jute,54,681,36.3,3.18,1376.28,1728,1827.54,0.88,2555.49
Terracotta,Terracotta,904,1179,19.76,4.68,1556.11,1695,1815.16,0.34,3917.47
Metal Craft,Silk,751,803,24.03,2.58,532.68,709,887.6,0.3,2534.39
Handloom Saree,Bamboo,1366,566,54.26,4.87,1823.33,2287,2461.7,0.24,4178.91
Bamboo Basket,Cane,56,371,48.12,0.73,2626.1,2767,3421.85,0.41,2398.63
Wooden Craft,Wood,883,484,52.28,3.7,2029.42,2545,2759.92,0.6,3689.59
Cane Furniture,Clay,352,251,52.84,0.95,142.36,163,210.07,0.87,1364.01
Bamboo Basket,Bamboo,720,98,17.92,3.38,3310.65,3569,4508.1,0.46,3260.78
Pottery,Cotton,1336,192,42.44,4.64,1330.24,1682,1937.68,0.82,3421.01
Pottery,Terracotta,1498,580,49.64,3.8,1878.47,2200,2472.61,0.63,4571.34
Handmade Jewellery,Jute,1117,773,57.03,2.51,461.09,613,764.65,0.41,3182.2
Embroidered Cloth,Terracotta,1297,591,53.41,4.03,1433.24,1892,2228.53,0.37,3977.84
Wooden Craft,Jute,1476,1162,19.71,4.31,974.91,1044,1219.29,0.21,4330.46
Cane Furniture,Silk,1133,519,30.64,3.04,3324.46,3675,4197.06,0.89,4598.2
Wooden Craft,Bamboo,823,1058,23.45,4.97,211.39,226,242.81,0.86,3070.98
Handmade Jewellery,Cotton,1326,1045,11.92,1.15,1422.68,1530,1713.07,0.66,4292.23
Wooden Craft,Cane,966,1101,53.93,1.07,1238.49,1457,1832.54,0.45,4037.87
Wooden Craft,Beads,1352,1037,40.19,0.56,3522.23,3995,4573.06,0.48,5690.23
Pottery,Terracotta,568,243,24.44,2.51,2024.01,2455,2661.68,0.56,2776.2
Jute Bag,Terracotta,1415,919,45.34,3.64,1954.78,2279,2756.79,0.7,4754.25
Terracotta,Clay,378,121,50.7,1.73,646.5,719,772.96,0.9,1494.94
Handmade Jewellery,Brass,451,171,9.83,0.12,1525.47,1723,2031.9,0.4,1785.06
Pottery,Wood,277,502,47.63,1.24,3409.73,3882,4599.55,0.33,3578.74
Jute Bag,Cotton,1283,1162,35.04,4.01,1511.78,1864,2144.7,0.22,4578.7
Terracotta,Wood,549,673,40.3,2.05,1239.84,1310,1437.53,0.44,2789.28
Bamboo Basket,Brass,536,597,50.84,1.1,2802.0,2969,3496.34,0.43,3531.51
Cane Furniture,Bamboo,893,1175,47.68,0.26,3306.02,3801,4473.63,0.58,5217.72
Terracotta,Wood,147,1082,56.8,0.23,2376.14,2624,2841.83,0.42,3443.26
Pottery,Brass,1311,718,44.52,3.39,1308.73,1474,1623.52,0.47,3799.74
Embroidered Cloth,Beads,151,437,58.73,4.78,3255.54,3432,3728.03,0.28,3063.31
Handmade Jewellery,Beads,621,766,56.5,4.64,3092.81,3805,4865.96,0.23,4408.56
Wooden Craft,Cane,1065,1075,40.82,3.25,1573.56,1887,2228.98,0.44,4201.84
Bamboo Basket,Brass,456,213,24.13,2.39,1851.88,2346,2505.24,0.24,2384.75
Metal Craft,Cotton,1067,99,28.43,4.46,2619.5,2847,3494.48,0.42,3343.25
Bamboo Basket,Clay,1022,456,59.84,1.2,446.18,508,653.93,0.51,2757.87
Bamboo Basket,Cane,814,603,15.81,2.34,1112.87,1390,1703.26,0.94,3024.35
Metal Craft,Jute,927,761,32.02,2.25,860.27,1030,1331.77,0.86,3235.23
Metal Craft,Jute,1111,77,48.84,2.27,2821.44,3347,4056.47,0.69,3716.62
Jute Bag,Cane,315,810,58.09,0.84,1159.01,1246,1348.63,0.46,2686.47
Handloom Saree,Terracotta,153,421,41.37,0.65,571.95,621,759.34,0.99,1550.53
Handloom Saree,Beads,1273,661,27.32,0.81,1381.86,1748,1909.5,0.27,3687.6
Embroidered Cloth,Beads,417,850,20.07,1.27,581.39,700,811.57,0.23,2393.02
Metal Craft,Clay,635,696,59.59,4.55,2531.06,3300,3899.85,0.46,4010.12
Terracotta,Bamboo,1008,487,32.99,2.86,2433.15,3160,3399.8,0.52,4125.65
Cane Furniture,Silk,849,263,22.47,0.41,2874.38,3276,3732.14,0.24,3411.78
Pottery,Cotton,180,953,36.57,1.9,1753.77,2064,2477.93,0.23,3005.09
Handloom Saree,Beads,417,588,40.87,2.78,512.18,630,664.89,0.85,2164.25
Jute Bag,Beads,230,79,29.15,1.43,2024.46,2516,3157.88,0.69,2019.71
Embroidered Cloth,Cane,734,1114,60.0,3.02,2683.14,3051,3559.18,0.72,4754.71
Jute Bag,Brass,261,521,31.8,0.96,1446.7,1885,2423.93,0.83,2452.68
Bamboo Basket,Wood,1207,224,24.35,0.77,2767.72,3067,3660.36,0.23,3803.3
Metal Craft,Silk,287,124,45.2,1.91,379.22,417,493.23,0.58,1180.98
Embroidered Cloth,Wood,1145,239,40.0,3.54,907.74,1142,1371.6,0.55,2738.34
Jute Bag,Cotton,104,134,46.24,1.97,649.5,741,931.11,0.73,1157.01
Bamboo Basket,Cane,674,301,9.23,2.97,1777.3,1936,2289.69,0.81,2696.37
Handloom Saree,Terracotta,1076,449,11.42,0.17,262.79,331,415.89,0.3,2234.56
Handmade Jewellery,Terracotta,704,290,48.92,2.57,2189.86,2661,3336.97,0.35,3181.27
Pottery,Brass,529,1030,41.6,4.05,854.7,1089,1290.01,0.52,3228.03
Cane Furniture,Terracotta,1257,366,13.49,2.55,2364.54,2949,3594.45,0.49,4187.53
Wooden Craft,Beads,73,880,12.36,1.12,3652.35,3988,4452.94,0.22,3600.74
Jute Bag,Cane,735,359,36.88,0.78,139.63,156,200.92,0.49,1875.58
Terracotta,Bamboo,275,682,42.6,3.09,2885.95,3754,4057.73,0.54,3858.18
Jute Bag,Clay,479,994,19.67,4.26,1619.13,1973,2445.0,0.82,3459.36
Cane Furniture,Beads,399,979,35.68,1.82,2072.09,2516,2959.93,0.7,3556.31
Metal Craft,Cane,128,595,39.5,2.03,3029.76,3669,4384.75,0.8,3585.68
Wooden Craft,Silk,666,1158,13.74,4.83,2907.68,3198,3531.08,0.92,4898.65
Metal Craft,Brass,280,927,53.71,1.62,2192.02,2887,3691.29,0.28,3528.93
Jute Bag,Brass,1346,404,44.84,3.99,689.89,758,938.72,0.88,3181.58
Handloom Saree,Wood,1003,845,17.31,2.83,1315.43,1473,1617.33,0.71,3453.48
Metal Craft,Beads,368,1161,52.89,0.73,1042.95,1374,1603.37,0.54,3177.1
Embroidered Cloth,Jute,396,583,36.08,1.16,3125.2,3366,4370.62,0.98,3570.78
Embroidered Cloth,Cotton,702,556,54.89,1.94,384.55,438,494.53,0.56,2368.24
Pottery,Cotton,664,325,42.23,0.8,1218.04,1303,1401.25,0.38,2252.56
Jute Bag,Brass,1204,88,51.35,3.66,2045.36,2243,2646.88,0.23,3330.96
Terracotta,Cotton,256,164,15.96,4.15,932.43,1221,1461.29,0.68,1553.3
Wooden Craft,Terracotta,626,1169,54.01,0.4,533.44,606,703.08,0.52,3115.48
Terracotta,Cotton,501,158,18.87,4.92,2311.64,2788,3585.9,0.86,2950.14
Metal Craft,Beads,80,457,32.88,3.5,3367.94,3881,4734.13,0.44,3357.1
Handmade Jewellery,Terracotta,1382,648,48.23,0.17,228.61,284,361.25,0.36,3222.3
Terracotta,Clay,225,429,53.39,3.88,2804.63,2961,3660.49,0.89,3058.57
Jute Bag,Jute,1184,668,56.86,3.4,1388.94,1836,2092.63,0.88,3941.26
Cane Furniture,Beads,193,668,8.4,3.11,2830.81,3527,4442.66,0.36,3154.06
Terracotta,Silk,962,217,18.24,4.81,1762.14,2316,2520.17,0.54,3170.66
Bamboo Basket,Brass,1255,609,11.91,3.55,2718.68,3365,4130.12,0.67,4747.12
Cane Furniture,Jute,217,159,53.18,3.24,414.49,446,535.19,0.76,1388.72
Pottery,Brass,310,429,21.8,0.78,2239.27,2966,3176.21,0.82,2954.3
Cane Furniture,Bamboo,880,599,40.61,3.82,2265.94,2906,3606.35,0.71,4141.24
Pottery,Cotton,1393,458,8.74,1.13,1005.81,1199,1518.93,0.5,3376.76
Terracotta,Cane,1339,548,26.3,0.13,653.57,848,916.17,0.76,3149.44
Metal Craft,Cotton,1315,551,55.92,1.09,655.01,747,794.12,0.98,3433.59
Bamboo Basket,Jute,391,1074,41.33,1.89,2512.26,2659,3336.66,0.26,3911.9
Handloom Saree,Jute,1136,617,9.08,2.19,3277.11,3634,4108.77,0.4,4429.29
Wooden Craft,Beads,641,1067,42.85,1.79,1515.98,1746,2252.86,0.47,3718.91
Metal Craft,Cane,342,525,52.34,2.14,1978.73,2184,2650.23,0.54,2803.1
Pottery,Clay,941,848,52.17,4.05,2546.5,3149,3844.41,0.9,4632.5
Wooden Craft,Brass,1130,889,30.12,0.83,2026.48,2401,2715.97,0.31,4253.93
Cane Furniture,Jute,1291,666,45.36,2.4,2583.75,2864,3480.6,0.6,4474.69
Handmade Jewellery,Clay,1074,1163,34.85,4.27,2702.31,3337,3680.31,0.96,5315.47
Cane Furniture,Silk,762,800,51.59,4.69,1704.47,2095,2708.0,0.9,3753.21
Bamboo Basket,Bamboo,1436,1091,50.48,4.33,1473.11,1714,1948.44,0.87,4748.13
Cane Furniture,Bamboo,1029,1083,9.05,1.82,3124.4,3978,4847.06,0.49,5221.02
Pottery,Bamboo,304,1011,51.36,0.2,531.72,627,670.29,0.86,2717.48
Handloom Saree,Brass,435,991,13.95,0.44,1985.3,2110,2664.94,0.88,3502.61
Wooden Craft,Jute,710,281,21.83,3.9,1818.17,1981,2314.77,0.77,2827.41
Jute Bag,Brass,1255,605,33.73,3.25,1462.29,1685,1898.02,0.31,3570.94
Jute Bag,Brass,1163,1098,9.83,2.35,1371.7,1745,1895.79,0.58,4099.75
Terracotta,Bamboo,1083,292,48.24,1.69,370.63,459,543.95,0.91,2510.67
Handmade Jewellery,Jute,1232,630,51.35,1.4,2879.45,3779,4815.48,0.63,5011.71
Bamboo Basket,Clay,1497,535,48.76,3.41,1562.28,1782,2051.47,0.57,4004.92
Wooden Craft,Jute,446,174,56.27,1.03,1391.25,1569,1961.41,0.35,2104.26
Cane Furniture,Beads,179,450,20.87,2.32,1210.94,1286,1636.71,1.0,1956.28
Handloom Saree,Beads,449,405,12.43,1.57,2025.46,2134,2650.23,0.75,2608.9
Cane Furniture,Wood,149,52,34.56,3.77,2847.75,3750,4200.61,0.49,2651.52
Handmade Jewellery,Cotton,458,1154,33.46,2.04,2529.42,3212,3776.61,0.79,4555.47
Bamboo Basket,Brass,499,391,22.39,0.32,2802.67,3158,3648.99,0.94,3249.13
Wooden Craft,Wood,1402,436,44.38,1.19,2300.78,2690,2963.39,0.2,4107.48
Jute Bag,Silk,135,345,40.1,3.67,263.08,310,386.56,0.6,1235.21
Bamboo Basket,Silk,422,355,42.08,3.27,924.77,1131,1452.4,0.25,1969.4
Wooden Craft,Cane,399,775,49.94,1.86,564.03,681,848.19,0.35,2334.87
Embroidered Cloth,Silk,690,911,27.8,0.15,558.89,738,933.07,0.62,2867.64
Terracotta,Clay,1453,436,53.53,3.35,1653.76,1942,2354.04,0.65,4100.88
Metal Craft,Bamboo,1291,1129,34.29,0.2,1452.44,1692,1885.66,0.41,4284.82
Metal Craft,Brass,1259,932,18.7,2.91,2199.92,2907,3594.15,0.55,4673.62
Embroidered Cloth,Wood,407,637,29.35,1.98,2923.65,3257,3692.33,0.93,3606.25
Handmade Jewellery,Bamboo,697,950,9.83,3.34,2958.67,3859,4312.97,0.86,4704.48
Handmade Jewellery,Terracotta,1103,955,5.44,4.18,3064.09,3412,3824.17,0.66,5049.98
Jute Bag,Terracotta,1273,845,14.17,4.23,2254.06,2698,2898.43,0.8,4637.11
Terracotta,Clay,1337,317,54.49,3.54,1622.71,2091,2645.49,0.73,3827.79
Metal Craft,Terracotta,369,790,35.34,2.53,477.61,566,699.39,1.0,2462.77
Cane Furniture,Terracotta,1148,623,23.82,1.67,2931.42,3854,4778.24,0.85,4913.46
Handmade Jewellery,Wood,835,584,57.76,4.9,2624.98,2819,3660.29,0.54,3884.73
Pottery,Wood,449,758,8.93,3.74,1070.89,1335,1533.6,0.87,2682.48
Cane Furniture,Bamboo,836,782,41.27,4.55,2530.51,2849,3392.83,0.32,4015.8
Handmade Jewellery,Clay,313,517,48.03,0.92,1274.33,1360,1497.79,0.95,2396.21
Cane Furniture,Silk,1227,968,37.01,1.66,751.29,983,1251.41,0.34,3586.38
Metal Craft,Bamboo,1091,968,7.24,0.17,1225.53,1599,1935.41,0.84,3732.2
Cane Furniture,Cotton,961,865,49.21,3.55,1019.1,1239,1512.7,0.29,3364.52
Pottery,Jute,1321,659,13.29,3.2,1478.64,1847,2176.14,0.75,3939.14
Pottery,Cotton,892,94,30.28,2.9,3612.11,3936,4846.14,0.4,3648.02
Metal Craft,Bamboo,1032,254,7.92,0.39,2302.39,2450,2723.68,0.6,3281.24
Embroidered Cloth,Brass,1216,246,19.67,2.43,1077.8,1365,1576.12,0.43,2899.89
Handmade Jewellery,Beads,86,871,43.96,2.38,3270.28,3861,4402.53,0.58,3690.51
Bamboo Basket,Brass,981,894,23.2,3.53,3570.94,3856,4968.5,0.66,4984.27
Handloom Saree,Jute,796,676,30.91,0.83,1957.55,2125,2620.08,0.37,3496.56
Bamboo Basket,Terracotta,295,300,40.72,2.44,2387.47,2912,3279.14,0.71,2937.9
Terracotta,Cane,179,301,32.2,1.68,3337.58,3651,4178.38,0.85,3054.44
Terracotta,Cane,1014,780,37.87,2.59,2592.08,3260,3910.41,0.3,4455.66
Wooden Craft,Cotton,723,186,50.51,0.59,3032.74,3745,4455.58,0.4,3592.55
Cane Furniture,Clay,644,703,25.33,1.89,3001.89,3988,5122.4,0.56,4321.86
Handloom Saree,Bamboo,229,1144,21.3,1.8,1932.99,2336,2799.63,0.29,3389.42
Handloom Saree,Bamboo,736,650,26.3,4.84,3180.43,3620,4355.22,0.33,4128.3
Jute Bag,Clay,1099,1137,32.12,1.33,1070.76,1304,1393.44,0.89,4108.56
Handmade Jewellery,Cotton,100,447,46.21,2.65,582.0,679,826.82,0.47,1442.76
Pottery,Terracotta,525,633,34.72,2.09,1581.06,1692,2041.71,0.85,3011.79
Handloom Saree,Cane,228,937,43.53,0.37,2423.86,2754,3423.81,0.69,3543.56
Cane Furniture,Clay,709,296,15.19,4.55,1182.42,1493,1720.19,0.79,2536.51
Jute Bag,Silk,1058,704,40.19,2.2,3216.17,3459,3650.74,0.92,4741.56
Wooden Craft,Silk,1067,506,36.48,0.58,782.21,829,1061.23,0.49,2763.5
Metal Craft,Terracotta,1380,984,27.2,3.32,1938.58,2368,2604.1,0.61,4786.57
Metal Craft,Silk,535,384,36.73,0.48,1549.39,1907,2311.02,0.41,2635.06
Jute Bag,Beads,1159,793,44.68,1.38,244.82,288,334.97,0.82,3163.1
Embroidered Cloth,Terracotta,1142,803,59.39,2.99,515.13,584,758.87,0.32,3262.8
Jute Bag,Bamboo,618,226,37.8,4.7,1243.52,1410,1748.33,0.35,2201.92
Wooden Craft,Terracotta,880,498,53.06,4.05,459.93,576,709.96,0.35,2444.36
Cane Furniture,Brass,252,1017,23.94,0.76,1314.31,1551,1995.88,0.62,2942.41
Jute Bag,Silk,269,1081,42.72,3.12,1118.53,1195,1386.87,0.24,2739.7
Embroidered Cloth,Clay,841,486,6.26,4.61,641.62,730,887.73,0.73,2683.95
Handloom Saree,Cotton,1267,127,42.12,3.47,3611.54,3836,4441.7,0.34,4264.51
Bamboo Basket,Cane,385,952,49.44,3.31,1032.26,1215,1462.75,0.97,3145.3
Metal Craft,Clay,66,992,17.42,2.54,2157.03,2837,3206.67,0.7,3313.64
Metal Craft,Jute,90,721,43.74,2.9,3097.89,3667,4674.17,0.84,3626.46
Terracotta,Brass,74,645,45.83,2.57,220.94,257,323.83,0.92,1676.98
Wooden Craft,Jute,808,217,45.19,0.22,2272.07,2728,3011.14,0.89,3206.96
Metal Craft,Jute,291,840,50.57,1.64,2086.7,2589,2875.16,0.21,3373.32
Bamboo Basket,Beads,1305,1041,28.17,1.52,1736.83,1852,2066.28,0.52,4303.96
Handloom Saree,Terracotta,1126,903,22.14,2.84,1908.33,2241,2502.71,0.26,4091.92
Cane Furniture,Beads,386,749,19.47,1.9,2226.0,2461,3187.02,0.31,3050.98
Embroidered Cloth,Terracotta,83,944,22.65,2.06,970.98,1219,1580.19,0.87,2631.41
Embroidered Cloth,Terracotta,786,647,18.3,0.51,1310.96,1563,1888.17,0.64,2975.35
Bamboo Basket,Cane,757,552,59.99,2.09,285.0,311,365.49,0.33,2378.72
Pottery,Jute,318,785,19.02,4.96,770.58,914,1139.54,0.28,2225.08
Bamboo Basket,Jute,791,1087,36.81,3.28,1641.82,1981,2558.52,0.27,3973.08
Cane Furniture,Wood,768,791,17.58,1.48,2817.74,3043,3816.87,0.91,4104.47
Metal Craft,Jute,1042,239,20.15,2.69,709.7,864,921.85,0.39,2569.67
Handloom Saree,Jute,1395,1188,55.56,2.24,739.81,941,994.84,0.61,4340.01
Cane Furniture,Brass,1214,1009,53.68,1.02,787.88,892,990.44,0.62,4011.12
Metal Craft,Silk,322,1143,11.45,0.81,2176.29,2431,3112.3,0.73,3556.16
Embroidered Cloth,Wood,455,1194,55.09,1.16,2551.09,2994,3518.05,0.86,4346.42
Wooden Craft,Brass,761,283,42.93,1.33,920.46,1195,1319.44,0.54,2332.93
Handloom Saree,Clay,112,206,11.72,3.43,2839.02,3204,4047.71,0.43,2507.28
Jute Bag,Silk,1329,870,33.16,4.98,129.0,153,170.62,0.57,3348.22
Handloom Saree,Jute,1360,797,25.66,2.89,539.63,650,724.33,0.71,3597.31
Embroidered Cloth,Jute,55,254,14.46,2.77,2051.68,2242,2582.21,0.75,1962.7
Cane Furniture,Jute,1370,663,44.53,1.93,3236.3,3900,5010.7,0.74,5091.2
Pottery,Terracotta,394,1100,42.63,3.16,1223.92,1382,1716.29,0.58,3269.86
Jute Bag,Wood,1383,1073,16.29,3.4,1446.19,1650,2139.18,0.47,4373.86
Embroidered Cloth,Clay,232,284,53.72,3.31,2457.72,3206,3776.8,0.46,2981.1
Wooden Craft,Beads,1406,662,42.31,1.72,444.88,470,561.16,0.98,3334.58
Wooden Craft,Clay,776,1003,45.04,4.44,188.82,219,233.44,0.75,3077.89
Cane Furniture,Wood,256,627,36.44,3.92,1875.38,2303,2741.26,0.41,2719.94
Cane Furniture,Cotton,1175,586,49.23,4.63,762.64,823,1065.14,0.86,3319.94
Handloom Saree,Beads,896,147,54.62,4.94,1902.71,2369,2882.7,0.94,3233.56
Metal Craft,Clay,688,134,7.64,4.37,2871.66,3673,3999.5,0.29,3123.8
Pottery,Brass,219,615,26.85,2.46,2515.81,3267,3921.97,0.72,3111.68
Jute Bag,Jute,124,107,15.85,1.91,238.64,288,309.66,0.34,569.68
Bamboo Basket,Brass,1033,609,47.13,1.62,454.16,514,654.08,0.96,2849.82
Handloom Saree,Cotton,1418,379,55.47,1.44,2898.04,3791,4687.76,0.34,4657.6
Cane Furniture,Cotton,683,218,44.56,1.57,1413.89,1558,1966.04,0.8,2434.18
Embroidered Cloth,Bamboo,181,259,24.22,0.35,1419.98,1671,1852.24,0.38,1708.16
Metal Craft,Wood,1066,224,57.9,4.32,698.59,894,1031.39,0.44,2608.67
Wooden Craft,Brass,1264,190,38.81,1.95,673.89,825,910.06,0.69,2598.31
Bamboo Basket,Wood,1430,610,23.88,0.98,1111.84,1340,1427.04,0.48,3834.44
Bamboo Basket,Bamboo,403,935,46.55,1.83,181.79,196,237.47,0.85,2552.22
Metal Craft,Beads,1489,1097,52.85,0.29,809.21,1062,1244.56,0.33,4314.63
Wooden Craft,Brass,517,355,27.66,1.24,2005.24,2646,2843.57,0.28,2753.95
Handmade Jewellery,Cane,594,922,8.84,2.48,1200.36,1370,1516.43,0.63,3008.75
Handmade Jewellery,Wood,1180,930,8.23,0.73,1726.7,2028,2403.29,0.24,3918.88
Pottery,Cane,931,524,24.03,4.35,2105.16,2230,2889.35,0.62,3587.36
Embroidered Cloth,Wood,1325,416,10.43,3.42,1797.8,2173,2633.48,0.99,3874.0
Jute Bag,Bamboo,1350,850,21.4,0.35,1988.8,2463,2730.02,0.48,4459.59
Cane Furniture,Wood,321,529,10.82,4.53,1726.96,1986,2101.02,0.63,2452.73
Cane Furniture,Cotton,737,979,22.14,2.27,2158.74,2766,3291.81,0.34,4038.24
Bamboo Basket,Jute,273,863,45.15,0.98,2714.65,2921,3785.77,0.52,3491.06
Jute Bag,Silk,233,1130,9.24,1.88,1926.93,2337,2663.11,1.0,3642.0
Terracotta,Bamboo,1305,349,20.41,1.54,416.43,550,649.87,0.41,2638.13
Bamboo Basket,Jute,407,614,41.3,0.13,1092.26,1206,1406.9,0.93,2327.49
Metal Craft,Clay,185,678,57.17,4.81,778.79,973,1129.52,0.71,2236.9
Wooden Craft,Clay,1072,327,35.61,2.33,1786.37,2249,2390.15,0.81,3459.1
Handmade Jewellery,Silk,319,594,33.72,2.7,3097.1,3503,4284.64,0.31,3639.66
Handmade Jewellery,Beads,501,487,23.39,2.44,3063.03,3898,4109.35,0.33,3760.89
Embroidered Cloth,Bamboo,213,926,47.05,3.87,2002.78,2345,2898.84,0.64,3237.71
Handmade Jewellery,Bamboo,606,810,48.42,2.2,3129.88,3910,5039.58,0.59,4307.24
Jute Bag,Wood,1260,703,20.64,0.55,1381.29,1510,1664.48,0.94,3824.66
Handloom Saree,Brass,823,1066,50.72,4.2,2824.52,3379,4084.93,0.64,4902.62
Cane Furniture,Terracotta,1179,416,10.74,4.3,744.83,936,1062.08,0.69,3041.36
Metal Craft,Jute,1141,1046,36.21,4.77,161.8,181,230.21,0.37,3342.36
Wooden Craft,Clay,518,251,51.0,2.48,1481.43,1944,2093.56,0.83,2636.61
Handmade Jewellery,Cotton,220,662,30.02,4.62,2458.77,3016,3328.42,1.0,3341.41
Cane Furniture,Brass,76,1123,48.11,2.47,919.99,1139,1475.41,0.55,2634.78
Metal Craft,Beads,1464,324,36.74,0.9,1060.64,1393,1734.52,0.76,3342.81
Pottery,Silk,162,306,31.53,3.36,1506.75,1851,2093.31,0.31,2067.49
Cane Furniture,Silk,1346,247,10.07,4.99,287.39,376,474.71,0.86,2648.47
Cane Furniture,Terracotta,367,409,42.22,0.18,2516.1,3099,4021.89,0.95,3167.17
Bamboo Basket,Silk,409,1093,6.11,4.79,1409.66,1739,1934.25,0.8,3260.74
Cane Furniture,Clay,277,901,20.17,2.28,3196.89,3961,4365.33,0.66,4211.3
Terracotta,Cotton,109,155,9.23,2.37,3294.84,3804,4464.84,0.48,2801.39
Pottery,Clay,664,251,38.64,0.92,2653.15,3314,4233.58,0.58,3589.35
Embroidered Cloth,Bamboo,1366,427,37.12,3.35,3596.31,3927,4494.67,0.4,4743.36
Handloom Saree,Wood,371,299,57.98,1.01,1597.45,1862,2307.71,0.21,2363.29
Pottery,Beads,66,137,28.05,0.61,3172.39,3783,4162.22,0.67,2682.62
Handmade Jewellery,Bamboo,1379,476,37.53,3.74,345.66,400,428.87,0.4,2966.07
Cane Furniture,Terracotta,194,1132,16.29,1.83,1059.7,1273,1635.93,0.81,2952.6
Cane Furniture,Cane,445,962,27.81,4.03,2773.44,3056,3325.87,0.39,3974.5
Pottery,Bamboo,1077,462,36.95,4.15,694.89,752,870.73,0.59,2789.11
Terracotta,Silk,628,472,30.78,4.23,1164.46,1270,1544.62,0.54,2462.67
Pottery,Wood,764,884,7.45,1.41,1963.63,2604,2859.06,0.67,3831.15
Handmade Jewellery,Jute,90,419,15.35,2.66,2946.69,3424,3861.87,0.93,3039.75
Handmade Jewellery,Brass,301,389,39.25,2.8,2540.55,2828,3533.08,0.68,2981.49
Bamboo Basket,Terracotta,322,1069,18.95,2.96,2651.14,3015,3330.28,0.38,3751.41
Handmade Jewellery,Silk,490,1114,36.51,2.05,1774.67,2245,2691.29,0.49,3739.29
Terracotta,Silk,1394,1112,34.03,4.17,1147.86,1231,1335.39,0.34,4252.17
Terracotta,Wood,1475,537,18.55,3.07,3170.09,3905,5013.99,0.71,5042.3
Handmade Jewellery,Jute,1240,166,27.99,1.64,1695.06,1994,2446.5,0.81,3313.17
Metal Craft,Bamboo,1233,907,15.71,0.42,1661.89,2166,2567.13,0.89,4375.91
Handmade Jewellery,Terracotta,259,817,55.57,0.9,1423.7,1836,2282.54,0.59,2869.19
Metal Craft,Silk,169,476,26.63,4.76,1627.38,1900,2279.1,0.21,2247.07
Embroidered Cloth,Jute,1181,1199,18.45,3.34,3297.49,3659,3995.3,0.53,5508.05
Wooden Craft,Wood,1368,580,21.9,1.39,2727.14,3452,4328.3,0.62,4598.74
Pottery,Bamboo,1244,301,42.61,1.54,816.69,1058,1121.31,0.48,3108.0
Jute Bag,Silk,241,693,59.11,2.43,153.5,175,224.45,0.36,1679.21
Jute Bag,Clay,1118,988,26.41,1.28,3412.67,3797,4001.42,0.75,5239.06
Embroidered Cloth,Cane,390,746,23.42,3.29,1667.59,2070,2266.85,0.81,3193.21
Jute Bag,Bamboo,370,692,18.19,0.94,402.38,443,570.88,0.83,1861.6
Jute Bag,Clay,892,411,44.91,2.28,1712.2,2042,2226.36,0.6,3284.0
Embroidered Cloth,Beads,982,130,14.61,1.96,2640.99,2960,3554.27,0.77,3415.62
Terracotta,Cotton,204,1105,17.36,3.03,3216.68,3791,4346.98,0.44,4103.7
Handloom Saree,Beads,1448,65,57.21,3.3,2287.71,2558,2844.32,0.85,3797.29
Pottery,Wood,344,978,12.23,3.65,2286.17,2961,3785.98,0.42,3647.94
Cane Furniture,Jute,269,908,27.22,2.49,2756.05,3336,3837.08,0.6,3775.55
Metal Craft,Cane,1131,1071,18.1,0.43,1373.26,1635,1999.58,0.24,3842.52
Jute Bag,Silk,1139,505,36.65,1.78,2241.06,2482,2799.78,0.43,3765.98
Cane Furniture,Brass,818,672,35.07,1.71,2471.58,3120,3320.27,0.79,4007.42
Bamboo Basket,Silk,554,159,17.17,4.99,1420.78,1707,1995.59,0.74,2292.54
Jute Bag,Silk,1251,980,51.52,2.72,138.7,160,204.23,0.93,3604.72
Jute Bag,Clay,149,339,10.56,4.48,3146.93,3659,4408.77,0.84,3005.32
Wooden Craft,Beads,757,727,14.69,3.71,2192.89,2458,2904.33,0.82,3757.63
Terracotta,Jute,1490,910,43.84,4.01,1263.84,1502,1941.02,0.23,4291.9
Embroidered Cloth,Cotton,462,86,7.71,0.4,2683.44,3331,4045.19,0.86,2660.07
Handmade Jewellery,Beads,1198,1007,18.35,2.92,502.02,663,779.1,0.52,3429.36
Handloom Saree,Cane,407,130,39.4,2.95,1639.36,1790,2270.95,0.76,2176.35
Terracotta,Cane,1067,1152,11.04,4.08,448.45,587,695.38,0.76,3665.59
Handmade Jewellery,Terracotta,188,723,9.76,0.8,1143.51,1433,1752.52,0.78,2423.51
Handmade Jewellery,Cane,288,524,19.47,0.7,1446.8,1686,2054.03,0.55,2214.59
Embroidered Cloth,Silk,716,500,46.43,3.97,2485.67,3273,4054.68,0.5,3692.57
Bamboo Basket,Bamboo,1001,918,5.49,1.41,2180.37,2494,2773.14,0.92,4183.81
Wooden Craft,Beads,1090,417,29.05,1.1,2027.29,2347,2777.27,0.99,3584.84
Wooden Craft,Silk,909,429,47.9,4.52,1570.02,1768,1871.29,0.71,3220.0
Metal Craft,Beads,897,973,48.6,3.2,1206.81,1532,1981.91,0.48,3661.81
Handmade Jewellery,Cane,1452,276,25.07,1.35,2739.35,3202,3805.2,0.35,4238.87
Metal Craft,Clay,584,774,31.03,2.3,391.29,473,610.36,0.55,2406.51
Bamboo Basket,Cotton,799,101,10.59,4.19,788.74,890,1044.88,0.24,1870.57
Handloom Saree,Clay,57,173,27.75,4.02,2720.73,3314,3646.99,0.85,2718.48
Handmade Jewellery,Beads,1085,688,42.71,3.15,3133.67,3744,4325.72,0.43,4796.93
Pottery,Cane,835,987,22.65,1.54,3371.77,3861,4129.17,0.48,4921.16
Cane Furniture,Beads,1467,77,21.62,4.23,1732.14,1830,2129.16,0.65,3297.97
Metal Craft,Silk,1093,472,44.9,0.49,169.17,220,243.32,0.77,2616.29
Pottery,Clay,320,1126,24.61,3.48,2588.17,2967,3625.35,0.23,3904.39
Bamboo Basket,Cotton,929,442,43.32,2.12,972.38,1044,1238.57,0.74,2782.82
Handmade Jewellery,Clay,144,589,34.54,4.18,496.84,658,843.26,0.99,1841.92
Pottery,Cane,178,556,27.26,2.04,552.75,727,766.25,0.7,1745.91
Embroidered Cloth,Cane,369,107,10.59,1.69,167.68,190,201.11,0.5,1090.3
Handmade Jewellery,Clay,886,574,21.72,3.61,750.46,884,1097.87,0.78,2813.37
Handmade Jewellery,Beads,571,154,18.36,2.28,1730.35,2085,2624.8,0.98,2417.19
Pottery,Bamboo,1010,113,37.84,0.93,1894.58,2082,2629.05,0.41,2889.67
Metal Craft,Silk,1111,231,59.3,4.76,241.23,275,342.33,0.33,2448.98
Handloom Saree,Jute,182,1061,42.0,0.68,713.73,860,986.8,0.64,2535.98
Terracotta,Terracotta,191,1053,23.0,1.8,2656.85,2854,3156.83,0.75,3613.28
Cane Furniture,Clay,389,915,13.5,1.25,2256.02,2899,3724.88,0.48,3515.03
Cane Furniture,Cane,1003,177,11.79,4.49,3066.27,3501,3681.95,0.99,3921.06
Pottery,Bamboo,1124,858,34.06,3.3,1131.96,1357,1607.3,0.24,3562.28
Bamboo Basket,Cotton,864,432,41.4,3.71,564.34,639,781.59,0.74,2565.64
Embroidered Cloth,Brass,1457,368,10.44,2.79,1139.6,1364,1550.24,0.51,3355.21
Embroidered Cloth,Bamboo,379,105,42.3,4.03,3268.45,3993,4947.37,0.38,3318.87
Wooden Craft,Terracotta,1135,1004,51.68,2.16,2893.8,3779,4015.8,0.51,5388.16
Pottery,Silk,1452,368,14.09,3.17,2387.68,2920,3148.99,0.91,4443.87
Embroidered Cloth,Terracotta,637,1012,22.47,2.25,1359.45,1602,2017.69,0.92,3555.3
Terracotta,Terracotta,407,785,16.15,0.34,3117.18,3999,4619.52,0.33,3997.49
Handmade Jewellery,Clay,1107,271,13.23,3.96,3019.48,3561,4586.95,0.4,4082.59
Cane Furniture,Jute,631,395,22.41,0.77,2231.32,2444,2673.21,0.96,3008.25
Jute Bag,Beads,993,644,21.51,3.73,2846.31,3067,3870.01,0.29,4143.29
Cane Furniture,Cane,865,152,13.2,1.95,160.73,208,232.09,0.61,1668.09
Wooden Craft,Cotton,231,120,26.43,0.58,1160.96,1465,1792.16,0.86,1669.57
Wooden Craft,Brass,1234,663,59.16,4.95,3522.54,3843,4767.8,0.86,5286.93
Terracotta,Bamboo,369,1081,33.79,4.92,727.34,928,1202.38,0.59,2837.64
Handmade Jewellery,Cane,321,1173,50.99,2.79,2091.06,2491,3076.17,1.0,4047.0
Wooden Craft,Silk,752,932,32.75,2.29,1876.99,2180,2533.92,0.35,3627.58
Terracotta,Jute,1099,1172,27.65,2.89,802.54,1036,1090.73,0.74,3908.27
Terracotta,Cotton,769,740,31.26,2.03,244.05,259,295.93,0.36,2309.18
Jute Bag,Jute,676,119,48.55,4.53,2108.91,2294,2929.99,0.94,2924.86
Wooden Craft,Cotton,545,1111,27.71,3.69,2035.18,2685,2972.13,0.92,4261.04
Bamboo Basket,Terracotta,561,153,6.97,2.17,1466.27,1732,1956.41,0.68,2153.05
Cane Furniture,Bamboo,966,815,42.75,1.31,2257.37,2784,2941.18,0.25,4322.71
Handloom Saree,Beads,987,702,12.82,2.65,2527.99,3065,3418.23,0.25,4135.86
Bamboo Basket,Silk,120,718,57.94,1.43,2597.43,3081,3430.04,0.38,3331.99
Cane Furniture,Clay,1001,229,25.77,2.15,1542.5,1926,2219.18,0.89,3128.48
Jute Bag,Wood,1325,640,49.79,0.65,1919.37,2485,2996.72,0.75,4203.32
Bamboo Basket,Jute,260,220,56.89,4.32,500.13,539,644.05,0.45,1363.5
Pottery,Bamboo,706,877,57.39,4.5,598.16,655,815.68,0.61,2917.0
Handmade Jewellery,Wood,1152,293,23.03,4.4,2138.88,2797,3606.2,0.37,3705.9
Handmade Jewellery,Terracotta,300,261,7.91,1.54,1274.11,1345,1566.1,0.95,1873.04
Cane Furniture,Terracotta,1219,789,58.8,2.96,2213.83,2353,2646.88,0.88,4545.26
Pottery,Terracotta,84,479,33.81,3.47,385.21,450,563.04,0.78,1479.07
Pottery,Jute,183,710,57.15,0.15,972.46,1212,1508.58,0.91,2517.37
Wooden Craft,Terracotta,60,724,49.85,0.52,966.44,1122,1377.13,0.44,2051.95
Embroidered Cloth,Silk,827,710,43.67,2.86,1121.33,1360,1566.28,0.5,3077.7
Metal Craft,Bamboo,706,930,6.58,2.41,139.75,186,230.56,0.32,2581.3
Jute Bag,Beads,1008,204,16.98,3.09,2996.16,3825,4286.67,0.52,3986.12
Embroidered Cloth,Bamboo,637,962,30.82,1.37,2493.98,2989,3662.06,0.72,4099.45
Handmade Jewellery,Bamboo,385,1078,33.72,3.65,1831.36,2349,2823.83,0.87,3830.5
Bamboo Basket,Silk,362,913,10.6,3.86,126.67,153,180.21,0.96,2341.65
Bamboo Basket,Wood,1280,676,7.85,1.05,1926.35,2553,3301.17,0.97,4339.08
Metal Craft,Terracotta,56,583,35.66,3.42,2977.48,3607,3793.78,0.53,3247.6
Terracotta,Brass,1462,1037,20.77,4.93,978.58,1181,1328.05,0.72,4345.7
Handmade Jewellery,Cane,711,1094,14.22,0.53,3106.56,3798,4005.04,0.88,4768.3
Embroidered Cloth,Bamboo,549,375,28.16,1.74,1063.71,1145,1207.68,0.82,2189.96
Embroidered Cloth,Brass,674,340,52.84,3.87,190.19,208,225.4,0.79,1866.88
Wooden Craft,Cotton,1177,451,14.44,4.93,2832.64,3074,3822.18,0.74,4125.76
Embroidered Cloth,Wood,1448,753,59.87,1.07,1470.43,1612,1881.63,0.93,4276.26
Metal Craft,Cane,738,916,12.52,4.26,2129.65,2684,3296.16,0.56,4114.41
Jute Bag,Bamboo,447,325,9.57,2.66,3043.36,3239,3621.65,0.93,3186.91
Handloom Saree,Clay,69,296,38.81,3.2,1073.1,1182,1292.08,0.7,1544.64
Jute Bag,Beads,1421,726,31.22,3.71,1550.42,1766,1857.38,0.76,4231.93
Wooden Craft,Terracotta,1093,480,46.58,3.33,1117.02,1250,1478.92,0.44,3091.71
Handloom Saree,Terracotta,521,339,53.63,2.49,2741.97,3204,3608.39,0.28,3215.16
Handloom Saree,Cane,1055,350,22.47,2.93,1866.56,2110,2522.6,0.95,3475.92
Terracotta,Terracotta,698,271,14.47,1.39,2133.98,2333,2654.76,0.78,2879.54
Handloom Saree,Clay,1318,1091,59.39,1.33,1508.43,1700,1856.43,0.42,4610.7
Pottery,Jute,220,421,45.47,1.64,2799.51,3731,4831.53,0.44,3374.05
Terracotta,Terracotta,418,1179,9.28,3.35,2967.72,3946,4193.81,0.87,4746.1
Jute Bag,Silk,1307,481,20.54,2.42,1616.96,2100,2441.19,0.46,3729.26
Terracotta,Jute,486,827,17.66,0.76,700.15,769,900.01,0.86,2492.31
Embroidered Cloth,Cotton,1459,878,27.42,4.85,1170.22,1552,1640.37,0.62,4399.18
Pottery,Clay,605,1145,54.16,3.28,2457.76,3020,3380.25,0.38,4302.25
Terracotta,Cane,609,1064,55.32,4.17,3129.0,3364,4120.2,0.35,4588.32
Handmade Jewellery,Jute,596,464,15.22,4.72,2978.23,3374,3615.83,0.71,3539.01
Bamboo Basket,Silk,117,1067,26.62,0.59,1244.14,1379,1782.24,0.58,2732.54
Jute Bag,Bamboo,550,755,15.97,2.67,1271.1,1651,1770.09,0.79,2997.18
Handloom Saree,Silk,153,713,56.89,4.73,221.88,270,350.9,0.42,1694.47
Terracotta,Cane,481,958,11.16,2.88,3607.29,3968,4179.11,0.86,4485.74
Handloom Saree,Bamboo,264,311,19.03,0.43,2044.2,2320,2494.12,0.89,2291.31
Handloom Saree,Jute,418,919,30.63,3.81,1811.7,1929,2106.82,0.79,3287.54
Wooden Craft,Bamboo,596,300,57.03,3.52,509.19,603,647.38,0.68,1895.09
Embroidered Cloth,Beads,162,117,59.66,3.35,2962.97,3352,4348.73,0.86,2607.97
Cane Furniture,Silk,293,1049,28.58,2.83,1588.27,1935,2328.33,0.48,3255.41
Cane Furniture,Beads,1130,1009,17.34,4.02,2267.66,2950,3815.22,0.24,4708.47
Terracotta,Brass,1463,1047,40.35,0.26,1431.82,1605,1808.95,0.88,4570.33
Cane Furniture,Cotton,1189,668,26.59,4.24,2276.34,2993,3703.07,0.24,4406.04
Metal Craft,Silk,271,964,9.88,1.64,439.8,483,542.81,0.41,2119.39
Handmade Jewellery,Brass,164,958,8.68,3.96,2978.5,3307,3555.96,0.97,3762.43
Terracotta,Clay,53,52,43.7,0.26,1831.24,2188,2412.02,0.23,1678.94
Wooden Craft,Terracotta,881,1116,54.83,2.16,2540.91,2877,3144.01,0.25,4700.0
Wooden Craft,Silk,796,564,22.79,0.15,2427.25,3006,3522.68,0.52,3695.13
Bamboo Basket,Cotton,1121,1180,28.23,3.24,1694.96,1905,2181.19,0.53,4546.22
Jute Bag,Terracotta,116,810,27.91,3.61,215.33,245,306.08,0.35,1589.17
Handloom Saree,Silk,1453,762,48.91,0.52,282.26,361,431.12,0.72,3461.75
Metal Craft,Wood,1466,673,13.45,4.95,840.76,996,1256.61,0.27,3583.84
Cane Furniture,Clay,1496,548,10.84,0.6,2832.09,3343,3893.25,0.48,4550.86
Pottery,Bamboo,621,235,40.38,2.59,2667.42,3399,3632.62,0.54,3213.76
Embroidered Cloth,Brass,344,1166,10.1,2.85,3277.18,3696,4437.99,0.3,4384.21
Embroidered Cloth,Jute,173,1024,18.27,4.96,2148.65,2860,3311.97,0.76,3776.97
Bamboo Basket,Terracotta,550,328,6.47,0.72,514.27,648,763.66,0.72,1946.99
Jute Bag,Wood,1242,311,32.49,1.34,1925.85,2180,2796.7,0.24,3305.65
Jute Bag,Cotton,184,308,9.69,3.33,3027.83,3515,4211.92,0.47,2886.33
Handmade Jewellery,Bamboo,1120,143,22.12,3.55,3263.56,3493,3981.99,0.69,3843.93
Handloom Saree,Brass,975,776,5.54,3.6,662.45,802,918.38,0.88,3145.26
Wooden Craft,Beads,1186,491,58.12,0.19,562.55,708,753.9,0.27,2821.59
Embroidered Cloth,Beads,842,175,21.94,2.04,993.14,1293,1582.22,0.94,2472.18
Handmade Jewellery,Bamboo,1490,1195,23.05,0.65,1092.64,1372,1672.13,0.41,4486.55
Embroidered Cloth,Jute,1316,1163,9.96,1.11,1519.62,1877,2167.44,0.52,4516.7
Handloom Saree,Jute,606,1013,11.07,3.55,2041.41,2189,2680.31,0.37,3685.93
Cane Furniture,Wood,457,376,54.45,0.95,2814.73,3742,4694.19,0.79,3603.51
Wooden Craft,Terracotta,397,1136,49.12,4.99,2011.25,2564,3224.82,0.69,3951.56
Cane Furniture,Terracotta,1220,124,9.2,3.14,1222.09,1538,1697.4,0.25,2783.41
Terracotta,Wood,252,521,57.32,3.45,2852.8,3347,4321.78,0.45,3495.14
Terracotta,Jute,656,399,30.96,1.49,1594.32,1996,2360.4,0.64,2726.89
Pottery,Cotton,305,393,42.93,2.9,2843.63,3301,4004.38,0.55,3139.44
Cane Furniture,Beads,365,889,14.67,3.39,2585.18,3193,3459.56,0.56,3633.88
Embroidered Cloth,Cane,61,844,14.77,1.9,2006.91,2533,3189.24,0.3,2846.53
Pottery,Bamboo,85,1039,21.22,4.53,1003.77,1066,1345.96,0.86,2484.88
Pottery,Wood,1244,1112,33.95,1.68,1907.05,2121,2401.27,0.61,4625.49
Embroidered Cloth,Wood,736,69,10.41,3.0,1570.8,1916,2352.62,0.67,2479.82
Cane Furniture,Bamboo,729,132,18.14,2.52,1712.68,1849,2242.3,0.66,2397.78
Pottery,Bamboo,327,389,39.55,4.65,792.09,942,1135.13,0.69,2034.49
Handloom Saree,Cane,1156,1130,14.2,3.43,1378.49,1458,1652.89,0.99,4243.37
Jute Bag,Cotton,807,907,48.43,4.02,2309.47,2684,3368.76,0.71,4166.4
Bamboo Basket,Jute,1323,1153,51.44,1.82,1187.26,1254,1505.07,0.75,4499.88
Jute Bag,Beads,1277,260,58.67,2.77,1982.8,2312,2987.96,0.26,3524.48
Metal Craft,Silk,511,549,25.64,4.56,1160.05,1415,1836.77,0.71,2491.63
Handloom Saree,Wood,485,134,51.24,1.51,175.96,221,260.38,0.74,1312.54
Handmade Jewellery,Terracotta,475,191,6.98,2.05,940.63,1181,1481.79,0.33,1599.09
Cane Furniture,Wood,653,750,19.18,1.22,3183.84,3939,4155.47,0.45,4281.69
Metal Craft,Clay,1381,423,36.05,0.26,1185.68,1469,1587.87,0.43,3370.58
Handmade Jewellery,Brass,1231,357,54.02,1.78,659.33,792,972.08,0.61,2961.28
Wooden Craft,Jute,1218,720,47.77,4.47,603.21,761,963.35,0.36,3615.92
Pottery,Beads,497,633,19.55,0.75,335.13,434,531.56,0.25,1886.07
Handmade Jewellery,Silk,661,506,6.18,3.35,1895.75,2233,2520.81,0.2,2995.04
Cane Furniture,Bamboo,1079,940,20.87,4.4,2410.75,3115,3877.74,0.81,4859.91
Bamboo Basket,Bamboo,190,681,5.96,1.98,2266.22,2951,3437.6,0.99,3153.59
Jute Bag,Bamboo,841,95,54.85,3.88,3170.06,3576,3843.32,0.37,3583.91
Metal Craft,Silk,1168,909,5.97,3.75,996.17,1323,1595.72,0.93,3747.64
Embroidered Cloth,Bamboo,453,285,56.14,2.37,695.85,782,876.37,0.99,1899.46
Bamboo Basket,Clay,699,755,47.25,1.94,2485.03,3308,3642.1,0.6,4097.73
Handloom Saree,Bamboo,130,422,54.81,1.94,511.92,567,727.76,0.93,1613.2
Handloom Saree,Wood,1248,267,15.86,4.46,3161.98,3675,4614.07,0.76,4267.09
Handloom Saree,Wood,1424,604,12.29,0.94,889.9,1072,1377.49,0.29,3309.36
Metal Craft,Cane,281,922,14.49,0.7,838.94,1035,1120.55,0.48,2460.59
Bamboo Basket,Bamboo,1412,175,20.88,4.11,2871.83,3062,3915.11,0.23,3901.63
Handmade Jewellery,Cane,1138,1129,36.65,0.94,2502.61,3152,3769.88,0.7,5156.84
Metal Craft,Beads,770,1162,20.7,4.4,2402.85,2715,3204.71,0.75,4430.65
Handloom Saree,Terracotta,839,388,37.91,0.24,1323.69,1420,1616.9,0.67,2697.55
Cane Furniture,Bamboo,253,473,21.02,2.95,2736.15,3094,3747.74,0.89,3153.11
Metal Craft,Terracotta,1164,247,16.89,2.02,2138.5,2668,2807.64,0.72,3502.7
Bamboo Basket,Clay,1305,88,50.48,1.1,1373.47,1592,1957.26,0.91,3039.55
Wooden Craft,Clay,600,389,55.93,4.98,2429.48,3115,3615.86,0.38,3486.72
Wooden Craft,Terracotta,1295,141,30.5,3.79,3058.01,3776,4756.24,0.83,4361.26
Handmade Jewellery,Cane,1327,878,18.97,1.38,1857.85,2232,2893.54,0.52,4392.36
Handloom Saree,Cotton,1331,151,32.15,0.43,800.3,1047,1138.15,0.76,2743.52
Jute Bag,Brass,1411,1157,42.29,2.93,2825.92,3095,4022.85,0.42,5399.34
Bamboo Basket,Jute,1219,1040,15.69,4.58,1856.68,2001,2456.38,0.22,4164.8
Handmade Jewellery,Terracotta,692,537,51.67,0.6,262.04,310,357.92,0.44,2143.78
Metal Craft,Jute,1465,758,10.0,3.51,3102.25,3332,4128.13,0.26,4878.59
Embroidered Cloth,Clay,163,427,28.56,2.11,1997.49,2321,2696.79,0.97,2390.07
Handmade Jewellery,Silk,1463,94,46.48,1.68,2343.94,2679,3157.58,0.44,3851.06
Terracotta,Clay,1127,522,41.45,4.76,166.8,202,232.28,0.54,2716.66
Bamboo Basket,Cotton,1065,978,21.42,1.92,949.71,1059,1259.47,0.64,3520.33
Pottery,Cotton,1065,491,38.62,4.34,1371.9,1699,2080.83,0.2,3376.25
Jute Bag,Beads,763,884,28.0,4.26,1256.21,1587,1985.2,0.66,3420.19
Pottery,Bamboo,373,1090,15.2,4.36,1270.19,1629,1932.49,0.48,3383.9
Terracotta,Cane,540,454,9.18,3.31,587.43,669,852.13,0.62,2130.47
Bamboo Basket,Brass,183,1007,18.09,1.74,1439.51,1701,2140.59,0.79,2948.84
Handloom Saree,Beads,911,568,40.98,1.05,610.44,724,851.68,0.31,2466.28
Bamboo Basket,Terracotta,407,434,8.26,4.86,1471.6,1886,2057.03,0.73,2423.94
Pottery,Wood,1129,122,26.9,2.36,318.7,411,462.78,0.33,2099.83
Cane Furniture,Beads,1337,340,40.86,0.68,2665.46,2916,3550.6,0.99,4171.51
Terracotta,Terracotta,565,147,31.18,1.66,2323.0,2776,3378.36,0.33,2681.45
Jute Bag,Silk,1468,605,23.38,3.3,881.39,1115,1192.08,0.79,3707.1
Cane Furniture,Beads,214,687,11.39,0.99,1891.0,2188,2346.81,0.34,2436.63
Cane Furniture,Cotton,1166,496,10.4,3.0,2418.96,3071,3661.14,0.97,4286.8
Cane Furniture,Wood,293,72,50.57,4.26,3387.8,3665,4319.74,0.86,3050.99
Metal Craft,Silk,185,1150,47.98,4.13,141.19,150,176.22,0.44,2403.25
Bamboo Basket,Beads,571,211,42.48,2.26,158.45,183,228.95,0.8,1562.45
Metal Craft,Clay,654,492,45.52,4.3,3566.0,3944,4711.78,0.95,4252.78
Metal Craft,Wood,1370,537,23.08,1.33,3079.86,3814,4325.86,0.25,4823.14
Pottery,Cotton,748,207,52.43,2.17,2976.06,3433,4055.84,0.35,3556.2
Handmade Jewellery,Terracotta,252,1138,13.9,3.81,2548.07,2887,3336.9,0.3,3651.89
Handloom Saree,Silk,1216,1080,22.53,3.26,1337.5,1692,1879.63,0.83,4433.05
Terracotta,Jute,829,687,38.49,2.13,3329.59,3651,3943.1,0.72,4428.08
Wooden Craft,Bamboo,133,656,16.27,1.06,296.91,329,383.46,0.47,1547.75
Embroidered Cloth,Cane,1352,865,44.64,3.48,1904.23,2238,2783.67,0.8,4552.96
Terracotta,Bamboo,1316,377,9.05,3.53,1112.2,1428,1561.89,0.77,3327.46
Cane Furniture,Jute,298,1108,22.9,0.27,913.49,1075,1337.26,0.8,2816.5
Cane Furniture,Wood,1104,575,28.6,3.35,310.37,327,396.85,0.88,2798.45
Wooden Craft,Beads,1029,784,27.64,1.89,1557.27,1668,1761.69,0.28,3553.29
Jute Bag,Terracotta,469,702,40.61,3.56,837.47,963,1222.78,0.78,2642.57
Handmade Jewellery,Cotton,686,81,55.22,1.39,641.23,677,734.19,0.25,1657.93
Embroidered Cloth,Clay,794,131,47.14,0.49,2502.26,2866,3705.47,0.65,3179.94
Cane Furniture,Silk,733,405,30.99,4.37,1866.76,2382,2770.09,1.0,3238.45
Terracotta,Beads,597,751,57.44,3.13,2989.11,3874,4608.38,0.28,4246.2
Terracotta,Cotton,928,1181,49.09,1.46,605.46,663,824.65,0.32,3516.02
Bamboo Basket,Jute,536,463,35.2,3.03,716.26,934,1083.12,0.41,2092.95
Jute Bag,Beads,1378,1140,53.11,3.01,635.89,780,882.06,0.65,4287.1
Metal Craft,Cane,862,121,38.24,4.97,1161.42,1499,1925.38,0.84,2581.22
Embroidered Cloth,Cotton,966,779,8.28,1.56,1420.88,1568,1724.04,0.78,3409.69
Metal Craft,Beads,1451,505,36.9,2.88,2399.79,2560,3278.02,0.78,4343.16
Bamboo Basket,Silk,720,74,38.95,1.63,2203.65,2937,3520.6,0.96,3050.04
Handloom Saree,Bamboo,467,1154,14.18,4.09,2185.37,2356,2982.7,0.47,3814.73
Metal Craft,Cane,177,926,48.64,4.6,1856.39,2361,3051.48,0.43,3206.75
Embroidered Cloth,Beads,1308,180,44.96,1.81,722.77,808,983.96,0.84,2823.66
Handmade Jewellery,Jute,1459,1143,29.64,1.61,1145.92,1398,1589.87,0.31,4567.54
Jute Bag,Cotton,220,1105,10.35,1.55,2142.05,2626,3003.23,0.31,3581.78
Jute Bag,Clay,746,799,19.12,1.36,2721.79,3183,3800.26,0.65,4127.75
Embroidered Cloth,Bamboo,1334,877,20.66,4.42,591.38,659,749.22,0.49,3594.49
Terracotta,Wood,1468,858,44.46,1.54,1369.44,1487,1837.87,0.93,4350.38
Embroidered Cloth,Clay,331,856,57.45,2.61,2811.18,3585,3787.27,0.41,3889.49
Handmade Jewellery,Bamboo,736,672,55.57,2.29,2658.28,2983,3567.91,0.24,3887.92
Bamboo Basket,Clay,1377,933,44.78,1.53,1661.87,1811,2048.17,0.98,4637.88
Jute Bag,Cane,1463,89,41.33,1.04,1637.94,2143,2414.12,0.28,3418.52
Bamboo Basket,Jute,1003,711,35.4,3.46,2960.49,3160,3620.28,0.38,4252.74
Bamboo Basket,Beads,315,157,55.58,2.49,314.89,388,468.11,0.34,1140.87
Terracotta,Terracotta,895,333,41.42,1.68,1626.51,2056,2472.19,0.74,3231.78
Embroidered Cloth,Silk,976,1075,57.74,1.13,2468.93,3281,3725.86,0.98,5139.7
Wooden Craft,Clay,444,841,53.27,3.03,2798.53,3609,4343.49,0.85,4268.23
Metal Craft,Cotton,243,228,49.31,1.44,298.62,367,460.96,0.33,1115.35
Bamboo Basket,Beads,126,648,26.25,1.81,2654.08,3446,4173.23,0.78,3303.97
Pottery,Clay,418,337,22.33,4.24,238.44,276,292.39,0.33,1510.15
Pottery,Jute,59,991,36.15,0.49,2687.74,3132,3468.77,0.31,3356.31
Handmade Jewellery,Silk,1340,858,17.01,3.32,2797.35,3288,4268.85,0.55,5153.5
Cane Furniture,Silk,1484,1194,7.87,2.94,1779.61,1962,2119.31,0.74,4952.88
Handloom Saree,Jute,1355,706,36.18,3.44,2605.69,3251,3721.56,0.84,4973.7
Metal Craft,Bamboo,830,171,48.77,0.86,1486.86,1775,1884.19,0.71,2638.97
Wooden Craft,Jute,1412,1135,33.19,1.77,2768.41,3506,3777.82,0.89,5760.21
Pottery,Brass,1205,842,12.37,2.11,3171.55,3436,3632.47,0.71,4766.04
Pottery,Jute,865,513,12.56,0.47,1554.92,1876,2399.69,0.73,3061.99
Wooden Craft,Terracotta,1453,815,23.11,0.14,1496.14,1819,2260.18,0.48,4114.93
Bamboo Basket,Wood,437,114,8.64,2.69,2954.52,3916,4866.51,0.71,3154.32
Wooden Craft,Brass,500,945,33.27,3.51,1507.13,1759,2063.63,0.98,3579.96
Jute Bag,Bamboo,290,663,50.09,3.77,1070.17,1309,1447.11,0.91,2527.69
Jute Bag,Beads,1421,740,22.62,3.57,487.28,643,820.61,0.61,3555.23
Wooden Craft,Cane,979,860,16.96,2.47,2987.38,3292,4158.4,0.79,4638.03
Wooden Craft,Jute,746,760,12.51,2.6,1730.88,1917,2054.92,0.36,3447.76
Metal Craft,Jute,528,880,26.14,1.87,947.89,999,1138.23,0.7,2826.87
Handmade Jewellery,Cotton,336,504,7.77,4.44,2215.74,2409,2535.71,0.9,2927.49
Terracotta,Jute,1433,716,56.52,1.79,2772.0,3250,3637.75,0.65,5019.47
Bamboo Basket,Terracotta,1310,784,21.25,4.77,300.43,389,420.15,0.68,3373.46
Metal Craft,Jute,877,647,36.16,3.03,3230.5,3433,4369.63,0.4,4212.41
Handmade Jewellery,Clay,416,820,39.08,4.27,3078.58,3744,4350.35,0.43,4082.0
Wooden Craft,Wood,1142,631,34.3,1.17,1512.58,1907,2284.72,0.96,3826.89
Bamboo Basket,Terracotta,414,1041,23.41,1.84,3188.55,3439,3719.83,0.2,4046.62
Handmade Jewellery,Cane,1046,957,28.19,2.84,1892.77,2223,2836.96,0.25,4091.43
Bamboo Basket,Wood,700,497,44.37,3.48,137.48,159,197.22,0.71,2169.74
Jute Bag,Beads,336,80,13.42,3.2,1599.15,1793,2021.06,0.73,1912.69
Cane Furniture,Cane,415,341,47.14,0.99,1064.24,1273,1439.67,0.72,2114.06
Pottery,Beads,1069,113,54.37,0.59,1543.67,1873,2226.41,0.22,2695.81
Handmade Jewellery,Cane,393,701,46.42,2.75,3493.44,3881,4892.75,0.28,3927.94
Metal Craft,Silk,1425,1078,23.96,3.94,2304.34,2698,3042.51,0.66,5053.06
Wooden Craft,Beads,611,247,6.76,2.54,2428.29,2586,2819.96,0.8,2957.78
Cane Furniture,Bamboo,901,1096,53.12,3.71,1519.29,1683,2099.18,0.59,3974.01
Handmade Jewellery,Jute,1024,726,45.76,0.41,2753.56,3046,3289.71,0.63,4486.16
Cane Furniture,Terracotta,1357,756,9.22,2.95,2697.9,3379,3713.29,0.67,5063.94
Metal Craft,Bamboo,363,600,57.98,1.81,2678.4,2850,3250.63,0.79,3380.21
Handmade Jewellery,Cane,643,979,19.16,1.49,2332.42,2999,3895.82,0.48,4048.06
Pottery,Cotton,828,869,24.39,3.38,1299.59,1460,1548.78,0.5,3322.85
Terracotta,Brass,1444,625,45.46,1.84,1642.42,2070,2311.45,0.34,4159.53
Wooden Craft,Bamboo,928,798,43.56,2.62,2766.42,3262,4022.89,0.24,4336.91
Handmade Jewellery,Cane,1050,925,50.22,1.96,2727.51,3402,3574.96,0.38,4822.6
Jute Bag,Cotton,164,501,36.89,2.76,3006.31,3823,4717.0,0.36,3348.15
Embroidered Cloth,Bamboo,426,920,42.02,2.14,1708.26,2205,2544.92,0.61,3438.39
Cane Furniture,Terracotta,1039,350,34.71,3.27,992.95,1184,1502.01,0.64,2764.12
Bamboo Basket,Wood,752,1166,40.63,3.21,2456.36,3116,3706.84,0.6,4660.54
Metal Craft,Brass,538,782,40.48,3.02,1307.33,1630,1725.33,0.77,3007.63
Wooden Craft,Clay,737,153,26.22,0.88,3225.11,3630,4351.56,0.67,3679.36
Embroidered Cloth,Bamboo,157,848,19.38,0.63,178.16,219,266.7,0.47,1628.05
Metal Craft,Clay,834,120,36.22,1.56,2014.73,2305,2531.03,0.37,2814.69
Embroidered Cloth,Silk,1001,305,55.58,2.01,1541.03,1849,2215.8,0.67,3041.59
Metal Craft,Clay,910,1039,36.29,3.26,2741.48,3435,4325.38,0.3,4934.45
Cane Furniture,Wood,1351,1089,45.82,3.55,1046.21,1307,1693.62,0.51,4439.23
Handmade Jewellery,Cotton,1446,1125,34.97,1.59,2340.62,2776,3130.5,0.64,5364.67
Handloom Saree,Wood,1175,936,59.22,4.02,524.95,643,802.83,0.26,3672.56
Handmade Jewellery,Bamboo,1400,59,42.79,4.62,1961.37,2428,3123.47,0.61,3712.33
Embroidered Cloth,Silk,1128,935,21.37,1.99,3112.58,3956,4426.2,0.96,5393.68
Embroidered Cloth,Silk,530,579,49.25,1.33,222.08,266,296.58,0.43,1935.59
Wooden Craft,Jute,685,129,58.47,2.65,1261.26,1497,1633.27,0.51,2231.19
Handloom Saree,Wood,648,703,27.96,0.11,2038.38,2165,2762.83,0.32,3186.94
Bamboo Basket,Silk,1089,327,13.72,0.95,769.49,819,883.64,0.37,2419.34
Bamboo Basket,Wood,482,58,21.7,1.88,1531.27,1945,2043.41,0.29,1934.77
Bamboo Basket,Beads,101,237,31.09,0.8,3360.0,3712,4594.32,0.46,2790.9
Metal Craft,Silk,640,1171,13.37,4.23,2968.57,3250,3686.47,0.84,4593.02
Metal Craft,Terracotta,95,1174,59.24,1.07,2662.19,2888,3242.37,0.47,3808.17
Handloom Saree,Cotton,543,756,55.44,0.73,1940.16,2467,3132.45,0.76,3439.0
Handloom Saree,Wood,1295,1043,36.16,1.98,2286.0,2540,3176.65,0.5,4761.85
Terracotta,Wood,447,948,44.9,2.31,2627.87,3501,4298.35,0.65,4255.52
Cane Furniture,Beads,1241,799,13.21,4.0,1702.0,1822,2020.15,0.98,4171.73
Wooden Craft,Cotton,987,1068,6.59,3.67,1584.22,1864,2114.57,0.72,3997.96
Wooden Craft,Bamboo,955,1063,56.55,3.55,2015.41,2174,2457.38,0.74,4389.37
Terracotta,Silk,208,989,36.07,1.04,2670.35,3140,3969.33,0.36,3613.88
Embroidered Cloth,Clay,179,554,39.37,3.56,2549.44,3238,4062.41,0.64,3316.39
Handloom Saree,Jute,335,1189,43.63,4.82,3137.01,3340,3754.7,0.36,4233.91
Cane Furniture,Clay,1357,440,21.25,2.41,2356.13,2689,3097.23,0.28,4104.55
Handmade Jewellery,Jute,237,453,23.85,2.29,248.46,303,379.7,0.92,1587.35
Embroidered Cloth,Clay,992,818,48.27,2.87,2393.43,2617,3378.51,0.49,4174.01
Terracotta,Bamboo,949,443,32.0,3.01,2463.84,3256,4012.68,0.25,3986.58
Handmade Jewellery,Wood,1169,1066,16.01,1.34,1257.67,1479,1602.67,0.57,4073.05
Handmade Jewellery,Silk,496,386,56.56,1.05,2987.46,3676,4481.71,0.45,3537.77
Bamboo Basket,Cane,929,228,31.86,4.65,1644.53,1986,2556.67,0.95,3175.0
Pottery,Wood,230,1002,53.53,0.5,1881.67,2009,2323.73,0.93,3244.43
Cane Furniture,Bamboo,345,1139,43.14,3.7,3464.97,3993,4981.2,0.38,4571.83
Jute Bag,Wood,1007,132,5.74,3.92,1418.44,1558,1853.69,0.75,2609.15
Wooden Craft,Beads,1062,1119,12.79,2.52,1119.49,1411,1541.87,0.8,4133.78
Jute Bag,Jute,1098,613,18.17,1.95,2353.04,2776,3061.39,0.22,3947.41
Metal Craft,Silk,1363,208,58.65,0.74,1088.64,1186,1516.36,0.52,3045.37
Handloom Saree,Cane,748,730,52.36,4.34,826.46,1010,1101.55,0.58,2984.47
Wooden Craft,Wood,102,552,14.53,0.2,2184.56,2722,2955.58,0.46,2455.37
Cane Furniture,Jute,1262,571,16.36,3.27,2572.74,3075,3510.7,0.27,4391.07
Terracotta,Cane,654,156,12.64,4.26,2730.71,2984,3372.61,0.84,2952.49
Wooden Craft,Silk,635,292,40.65,2.53,1124.87,1318,1582.4,0.21,2218.5
Pottery,Beads,499,314,33.47,3.62,2332.05,3087,3726.96,0.74,3198.34
Cane Furniture,Bamboo,1078,294,37.25,1.03,2053.87,2302,2827.27,0.56,3444.13
Handmade Jewellery,Bamboo,925,200,54.88,0.53,1699.51,1971,2507.33,0.24,2790.6
Jute Bag,Terracotta,248,57,57.83,0.93,416.97,476,548.88,0.6,1020.83
Metal Craft,Clay,579,996,33.68,1.24,1244.68,1480,1593.48,0.27,3238.17
Pottery,Brass,188,971,50.08,2.34,2580.78,2968,3717.81,0.25,3571.91
Cane Furniture,Terracotta,592,135,26.21,2.12,1052.27,1310,1579.13,0.41,1963.0
Wooden Craft,Terracotta,132,96,44.72,1.37,1597.45,2072,2338.13,0.74,1892.07
Jute Bag,Beads,685,791,43.28,3.24,236.01,256,312.86,0.9,2613.75
Cane Furniture,Cotton,733,682,17.61,3.63,474.25,564,702.38,0.51,2459.8
Bamboo Basket,Brass,1215,79,21.73,2.06,227.58,268,343.6,0.27,2020.73
Embroidered Cloth,Silk,817,596,41.91,0.24,2618.39,3180,3673.27,0.46,3748.35
Metal Craft,Terracotta,617,811,47.28,3.09,2973.18,3552,3939.12,0.8,4453.41
Terracotta,Bamboo,569,156,23.06,0.67,3385.29,3977,4666.37,0.85,3511.74
Wooden Craft,Silk,591,838,35.62,4.22,1055.6,1376,1644.16,0.48,2987.44
Bamboo Basket,Bamboo,1341,1126,53.06,0.47,1430.05,1850,1954.99,0.74,4789.77
Metal Craft,Bamboo,425,257,10.79,4.34,3514.21,3780,4560.84,0.59,3430.97
Cane Furniture,Cotton,1372,945,20.88,4.33,1642.09,1897,2234.61,0.98,4533.24
Handmade Jewellery,Clay,651,1045,40.87,1.6,602.98,759,963.76,0.74,3091.46
Handloom Saree,Clay,1063,403,36.59,0.86,1188.41,1283,1665.14,0.95,2999.15
Handmade Jewellery,Beads,196,878,15.52,1.88,466.99,577,651.09,0.68,2115.12
Metal Craft,Cane,1041,559,10.47,3.95,2175.51,2390,2708.4,0.37,3792.68
Pottery,Beads,349,195,36.32,2.34,884.75,973,1132.69,0.34,1605.27
Cane Furniture,Cotton,953,547,24.33,3.21,3191.59,3846,4831.17,0.88,4414.23
Bamboo Basket,Jute,238,982,23.69,4.04,1418.1,1774,1873.4,0.7,3015.89
Bamboo Basket,Terracotta,520,461,45.69,0.26,3054.48,3853,4226.81,0.96,3825.0
Wooden Craft,Clay,562,162,15.42,1.46,170.56,190,222.1,0.47,1219.58
Terracotta,Beads,520,97,36.96,4.57,2309.29,2514,2745.03,0.49,2511.86
Wooden Craft,Brass,307,93,54.86,0.45,1430.93,1735,1886.88,0.67,1865.13
Pottery,Terracotta,1003,976,52.07,4.2,856.08,1103,1326.59,0.75,3789.01
Jute Bag,Beads,189,111,57.67,2.01,1340.67,1613,2057.81,0.7,1919.03
Embroidered Cloth,Wood,575,399,21.16,2.55,1753.47,2234,2770.04,0.98,2990.61
Pottery,Clay,69,352,26.58,2.39,673.25,725,933.38,0.53,1407.06
Wooden Craft,Silk,818,808,5.14,4.23,3004.16,3647,4331.14,0.53,4465.12
Cane Furniture,Cane,1440,108,8.33,3.57,3314.31,3647,4598.23,0.97,4414.12
Handloom Saree,Cotton,1474,283,19.84,4.4,694.47,859,959.6,0.59,2925.22
Cane Furniture,Cotton,1473,87,51.26,4.06,198.54,252,315.59,0.35,2492.56
Embroidered Cloth,Cane,534,132,54.03,4.98,1550.01,1662,1805.52,0.25,2183.91
Bamboo Basket,Wood,400,1006,25.62,2.21,619.19,674,833.09,0.82,2802.23
Pottery,Brass,118,323,28.35,4.5,1260.88,1535,1625.3,0.31,1668.63
Terracotta,Cotton,437,465,56.15,3.17,1990.37,2185,2820.68,0.21,2676.17
Metal Craft,Clay,818,242,33.52,2.29,2104.39,2537,2842.74,0.52,3239.92
Jute Bag,Terracotta,1419,224,30.73,3.5,2146.47,2577,3232.96,0.67,4030.99
Handloom Saree,Terracotta,1330,705,34.95,1.5,964.74,1138,1394.76,0.27,3482.62
Wooden Craft,Cane,1384,660,12.34,2.94,463.19,489,554.46,0.67,3301.25
Handloom Saree,Cotton,391,984,44.02,4.54,1764.79,2159,2757.46,0.56,3680.06
Bamboo Basket,Jute,1396,701,47.46,4.38,3123.1,3915,4724.52,0.24,5280.6
Embroidered Cloth,Bamboo,364,689,6.71,3.19,162.09,180,223.3,0.42,1760.58
Cane Furniture,Beads,71,125,21.1,1.16,1927.04,2082,2387.93,0.92,1814.93
Wooden Craft,Cotton,913,943,37.39,2.41,2910.62,3652,4549.93,0.23,4999.34
Wooden Craft,Clay,1058,416,37.21,0.12,2725.71,2886,3366.48,0.74,3780.35
Metal Craft,Bamboo,953,68,10.33,1.15,1956.81,2300,2935.2,0.27,2531.23
Metal Craft,Wood,787,502,26.38,4.16,546.93,641,764.54,0.73,2401.26
Metal Craft,Beads,1316,995,32.32,3.78,2449.85,2634,3183.86,0.91,4999.36
Embroidered Cloth,Bamboo,1293,61,47.41,4.43,1747.64,1865,2265.6,0.9,3335.02
Metal Craft,Jute,884,70,12.82,4.19,141.24,155,186.46,0.86,1770.55
Bamboo Basket,Wood,998,529,12.45,1.87,1494.47,1582,1740.04,0.83,3135.47
Wooden Craft,Cane,1108,702,57.22,0.65,2244.59,2390,2599.56,0.79,3900.98
Embroidered Cloth,Clay,462,1162,25.75,2.29,1511.38,1877,2074.07,0.9,3617.24
Handloom Saree,Beads,530,229,33.07,3.56,2983.56,3176,3812.27,0.32,3071.84
Cane Furniture,Clay,268,1118,38.64,3.41,1721.99,2033,2273.88,0.44,3295.91
Terracotta,Wood,399,164,23.7,3.56,1951.01,2471,3095.26,0.33,2295.92
Embroidered Cloth,Brass,577,439,39.07,1.54,1136.79,1333,1482.66,0.62,2442.37
Metal Craft,Jute,757,263,24.48,4.03,132.3,162,170.98,0.31,1734.11
Jute Bag,Beads,1120,713,21.52,4.84,342.94,386,499.21,0.22,2845.66
Cane Furniture,Terracotta,1219,61,42.96,3.32,2948.65,3912,4510.15,0.7,4311.36
Embroidered Cloth,Bamboo,991,1136,20.67,0.76,1905.7,2247,2425.04,0.43,4298.22
Handmade Jewellery,Brass,612,91,58.06,5.0,1041.8,1364,1682.26,0.76,2345.3
Jute Bag,Jute,1321,519,52.88,2.34,2834.87,3497,4343.44,0.71,4708.41
Jute Bag,Wood,1395,438,26.97,1.53,2514.24,3186,3772.92,0.74,4590.79
Pottery,Wood,1485,305,23.33,4.51,1569.14,1862,2201.66,0.97,3536.45
Terracotta,Jute,711,1065,8.0,4.5,1223.92,1372,1574.4,0.87,3530.23
Handmade Jewellery,Wood,100,633,7.32,4.98,2772.33,3539,4390.78,0.38,3274.95
Embroidered Cloth,Brass,612,1180,36.33,3.32,2553.79,3032,3586.72,0.41,4480.49
Handloom Saree,Clay,508,169,38.7,3.25,2954.89,3560,4455.74,0.24,3067.39
Jute Bag,Bamboo,901,999,13.67,3.49,3024.39,3446,4008.99,0.78,4822.78
Wooden Craft,Brass,791,401,24.87,1.27,1277.44,1515,1644.59,0.34,2654.17
Cane Furniture,Cane,1326,939,46.72,0.18,2503.99,3098,3856.2,0.82,5039.47
Cane Furniture,Terracotta,292,57,27.28,3.21,2632.79,2777,2924.49,0.56,2328.34
Metal Craft,Terracotta,707,564,12.51,2.98,2451.49,3107,3809.29,0.82,3779.64
Bamboo Basket,Clay,745,571,8.1,4.07,2167.1,2850,3525.66,0.58,3538.91
Jute Bag,Silk,808,491,19.5,0.79,2468.33,3150,3761.94,0.38,3822.12
Pottery,Cane,1017,307,51.8,0.58,1884.44,2425,2827.32,0.77,3350.7
Metal Craft,Jute,1162,93,42.43,2.75,525.01,610,733.27,0.49,2205.51
Bamboo Basket,Beads,203,79,37.48,4.6,2600.13,2841,3173.34,0.44,2299.76
Handmade Jewellery,Silk,667,1119,5.38,4.38,568.85,731,943.34,0.92,3383.32
Embroidered Cloth,Cane,1496,518,34.01,4.52,1228.11,1375,1663.75,0.38,3820.79
Metal Craft,Jute,594,672,11.82,3.19,2414.14,2687,3396.53,0.61,3550.65
Terracotta,Cane,649,220,11.9,2.31,2937.85,3707,4109.63,0.46,3430.11
Wooden Craft,Silk,685,1016,40.03,1.28,1714.15,2232,2796.33,0.95,3992.56
Pottery,Brass,1306,1002,21.83,2.12,2073.6,2293,2778.87,0.41,4627.84
Jute Bag,Cane,379,132,14.52,4.05,1118.51,1286,1538.75,0.71,1776.45
Jute Bag,Silk,1222,142,31.76,3.82,758.58,923,1029.5,0.29,2428.52
Wooden Craft,Cotton,1256,1082,59.74,2.14,1769.76,2311,2521.7,0.94,5089.66
Jute Bag,Clay,126,664,59.57,3.27,982.71,1090,1297.33,0.33,2180.71
Handmade Jewellery,Silk,1443,1193,46.57,0.9,2873.61,3133,3773.13,0.34,5553.13
Handloom Saree,Beads,866,730,33.0,2.83,1619.55,1877,2145.96,0.52,3582.91
Jute Bag,Cane,1088,495,13.22,0.81,363.87,406,445.56,0.41,2424.1
Bamboo Basket,Terracotta,242,356,34.5,1.14,1922.98,2418,2871.09,0.26,2338.78
Terracotta,Jute,808,122,39.82,4.57,2101.54,2425,3060.64,0.96,3110.23
Handloom Saree,Cane,601,973,38.66,0.28,1067.48,1285,1552.84,0.22,3115.02
Metal Craft,Bamboo,529,356,39.3,1.49,1068.17,1293,1401.17,0.82,2373.93
Bamboo Basket,Cane,1319,967,41.6,0.44,2284.26,2809,3131.68,0.59,4901.31
Jute Bag,Bamboo,1333,1008,57.34,1.18,149.9,199,209.69,0.22,3467.22
Jute Bag,Clay,455,586,53.71,1.15,3531.37,3889,4204.17,0.31,3762.48
Jute Bag,Brass,85,65,16.55,3.25,2669.05,2846,3072.14,0.82,2251.96
Handmade Jewellery,Terracotta,847,1002,22.31,2.78,529.06,607,666.84,0.76,3144.82
Embroidered Cloth,Cotton,204,568,12.36,2.33,3136.93,3746,4769.66,0.77,3513.57
Embroidered Cloth,Beads,1287,363,32.2,3.65,641.55,729,900.11,0.7,2985.42
Wooden Craft,Terracotta,1017,679,37.31,4.98,2711.86,3280,4144.38,0.89,4543.68
Jute Bag,Bamboo,1000,334,5.12,2.55,1979.62,2189,2462.61,0.79,3228.94
Metal Craft,Silk,1178,571,17.42,1.02,3390.36,3604,3930.28,0.72,4381.9
Handloom Saree,Cane,254,168,26.76,2.48,896.79,1181,1341.52,0.72,1547.26
Bamboo Basket,Brass,800,443,38.07,1.4,2750.02,3342,3882.2,0.29,3769.25
Pottery,Bamboo,306,750,17.72,1.98,1679.2,2105,2247.65,0.33,2926.92
Wooden Craft,Cane,57,184,14.38,2.18,2181.39,2662,3282.93,0.23,2006.75
Embroidered Cloth,Jute,1374,1003,17.12,3.68,1927.28,2059,2377.34,0.38,4449.63
Bamboo Basket,Cotton,996,846,18.09,3.39,686.27,846,921.14,0.7,3120.1
Terracotta,Cotton,907,394,8.09,3.77,285.98,336,396.99,0.36,2181.14
Cane Furniture,Silk,835,671,54.83,1.65,1430.51,1568,1747.78,0.41,3246.07
Metal Craft,Bamboo,313,1008,19.98,3.01,2423.47,3106,4025.66,0.33,3809.91
Embroidered Cloth,Clay,1142,957,50.07,2.35,1610.03,1903,2118.07,0.67,4283.35
Handmade Jewellery,Clay,1154,85,19.55,4.73,2417.13,2546,2844.92,0.31,3423.68
Handloom Saree,Beads,534,713,9.96,0.33,895.64,1112,1356.43,0.64,2472.87
Terracotta,Terracotta,873,538,27.4,2.23,2442.98,2942,3455.79,0.66,3862.99
Embroidered Cloth,Cotton,1314,725,8.38,0.68,2021.99,2454,3066.88,0.23,4069.86
Handmade Jewellery,Jute,1274,334,47.42,3.91,460.93,510,588.03,0.52,2689.12
Cane Furniture,Wood,1381,95,56.02,1.57,398.27,482,589.92,0.35,2496.67
Handmade Jewellery,Clay,931,875,46.27,1.46,1460.17,1825,1933.53,0.85,3883.79
Jute Bag,Clay,1069,164,21.72,1.64,1144.28,1233,1536.88,0.22,2442.07
Cane Furniture,Cane,498,244,21.21,2.5,1625.56,1908,2086.65,0.34,2203.62
Wooden Craft,Wood,849,710,48.41,3.88,584.71,683,793.89,0.94,3012.62
Handmade Jewellery,Bamboo,924,791,37.95,1.87,1481.36,1735,2226.42,0.63,3577.02
Embroidered Cloth,Wood,795,614,25.44,1.6,2254.21,2713,3388.18,0.38,3569.25
Jute Bag,Wood,194,469,20.52,1.69,158.67,193,226.68,0.54,1291.16
Pottery,Silk,773,792,5.16,1.17,572.77,610,655.52,0.41,2626.26
Handloom Saree,Jute,329,975,49.42,0.86,2414.52,2991,3494.41,0.8,3888.28
Cane Furniture,Wood,494,848,39.46,3.36,740.18,918,973.86,0.7,2761.25
Handmade Jewellery,Jute,1494,155,31.04,4.53,2695.67,2962,3671.73,0.36,4003.42
Handmade Jewellery,Cane,851,498,28.13,1.0,166.13,194,218.43,0.51,2206.53
Handloom Saree,Beads,802,376,46.02,1.01,2362.38,2925,3568.47,0.25,3512.38
Metal Craft,Terracotta,763,481,18.74,3.31,2665.56,3058,3776.5,0.48,3553.27
Handloom Saree,Silk,793,1051,39.78,2.91,1112.62,1248,1454.76,0.45,3510.36
Wooden Craft,Terracotta,178,423,56.14,4.46,2047.7,2387,2647.11,0.23,2405.2
Handloom Saree,Brass,1124,1040,12.12,0.71,359.56,458,529.92,0.98,3415.24
Metal Craft,Silk,567,239,15.56,4.31,1607.13,1720,1817.36,0.53,2371.2
Handloom Saree,Brass,1416,486,23.74,1.32,612.51,725,923.57,0.37,2944.65
Pottery,Clay,1406,327,51.55,2.78,539.36,694,770.04,0.93,3122.0
Cane Furniture,Beads,169,762,21.14,4.08,2091.46,2502,3019.37,0.86,3124.01
Handmade Jewellery,Wood,954,63,25.29,0.95,126.48,153,176.24,0.55,1759.82
Handloom Saree,Jute,544,493,44.12,3.7,1977.57,2363,2787.58,0.72,3075.63
Metal Craft,Terracotta,1247,287,34.72,3.88,2410.73,3109,3805.09,0.63,4063.53
Jute Bag,Bamboo,168,663,12.23,2.5,423.24,471,536.16,0.35,1600.34
Metal Craft,Cane,642,858,46.03,1.48,2904.21,3058,3507.47,0.97,4329.84
Handmade Jewellery,Silk,976,64,48.02,4.73,2697.21,2924,3571.02,0.85,3413.97
Metal Craft,Cotton,997,732,17.03,1.07,1408.4,1756,2093.01,0.26,3398.59
Terracotta,Terracotta,757,368,39.78,1.62,907.37,995,1054.95,0.94,2514.14
Pottery,Cane,436,67,11.62,1.36,1775.56,2161,2311.81,0.68,2113.09
Pottery,Cane,1369,888,21.14,1.54,2562.69,3132,3861.43,0.95,5046.46
Jute Bag,Beads,417,392,25.68,4.75,1013.1,1246,1496.77,0.38,2299.93
Terracotta,Jute,404,155,58.55,4.48,2183.01,2402,3106.13,0.32,2532.5
Pottery,Clay,502,127,30.76,3.17,3248.55,3734,4785.79,0.4,3191.5
Terracotta,Clay,1499,278,31.34,3.78,288.57,383,454.16,0.7,2701.81
Wooden Craft,Wood,1461,394,12.99,2.25,2439.24,2797,3098.77,0.8,4143.23
Jute Bag,Wood,303,994,52.45,0.16,1659.29,1806,2310.15,0.86,3240.4
Bamboo Basket,Wood,439,899,24.68,1.92,2119.62,2534,2733.86,0.32,3371.39
Cane Furniture,Brass,330,507,18.83,1.05,3670.89,3923,4143.14,0.7,3605.58
Pottery,Cane,1318,821,21.63,4.14,1333.69,1550,1716.35,0.87,4026.68
Wooden Craft,Cotton,1085,833,5.03,0.2,1357.17,1730,2130.48,0.25,3649.9
Handmade Jewellery,Bamboo,411,621,45.98,4.91,990.57,1128,1353.67,0.62,2550.49
Terracotta,Terracotta,1079,619,13.04,0.85,1206.28,1374,1755.54,0.96,3369.85
Jute Bag,Jute,480,927,55.22,0.18,1887.03,2449,2937.1,0.76,3745.31
Terracotta,Beads,311,791,11.71,4.19,2708.93,3168,3919.41,0.47,3449.39
Bamboo Basket,Brass,657,786,40.09,4.83,730.88,902,1131.06,0.41,2719.14
Metal Craft,Brass,840,221,17.84,3.07,2943.57,3248,3815.73,0.33,3264.69
Handmade Jewellery,Wood,1029,1173,35.15,1.43,2701.25,3287,3825.6,0.72,5230.54
Pottery,Terracotta,663,1049,48.1,1.44,597.02,746,843.17,0.44,3019.9
Embroidered Cloth,Bamboo,767,629,33.44,4.44,160.2,206,244.41,0.99,2508.41
Embroidered Cloth,Cane,1294,831,55.16,2.61,3358.87,3656,3872.64,0.49,5382.73
Handloom Saree,Terracotta,636,440,22.39,2.51,2275.16,2624,3229.68,0.49,3295.07
Handloom Saree,Clay,159,379,55.81,3.2,1228.11,1505,1951.48,0.49,2003.66
Handmade Jewellery,Cane,409,1045,15.94,3.93,286.67,367,438.55,0.68,2395.72
Bamboo Basket,Terracotta,836,1080,32.41,1.31,1469.13,1921,2095.18,0.7,3883.83
Wooden Craft,Brass,337,768,35.23,0.97,946.6,1066,1347.89,0.32,2338.1
Embroidered Cloth,Silk,261,526,19.86,1.16,3629.42,3824,4439.72,0.64,3476.8
Terracotta,Cotton,1003,720,10.76,1.53,1987.0,2385,3049.06,0.72,3809.97
Pottery,Cotton,276,229,57.07,1.68,2449.52,3143,3374.29,0.29,2760.32
Embroidered Cloth,Clay,152,1109,9.82,3.44,988.76,1045,1355.43,0.26,2455.18
Handloom Saree,Beads,735,312,5.14,2.66,758.05,957,1127.95,0.68,2251.44
Metal Craft,Cotton,67,765,15.19,3.07,853.86,1063,1328.33,0.36,1956.46
Bamboo Basket,Cane,485,697,17.37,2.63,1599.32,1939,2372.17,0.96,2853.73
Handmade Jewellery,Beads,1480,743,13.79,2.88,2873.71,3785,4449.73,0.81,5323.7
Pottery,Cotton,1187,1070,18.57,3.09,3550.91,3760,4760.35,0.49,5270.13
Wooden Craft,Beads,552,238,52.29,4.97,1646.11,1741,2184.88,0.82,2522.2
Terracotta,Terracotta,854,481,6.49,1.12,1299.12,1461,1608.37,0.51,2813.55
Bamboo Basket,Brass,1141,203,21.99,1.79,3159.68,3418,3830.65,0.4,3779.33
Jute Bag,Jute,1218,327,13.81,4.32,2146.02,2691,3210.15,0.83,3871.3
Jute Bag,Brass,1397,1005,42.28,0.25,1063.74,1257,1597.9,0.77,4281.87
Handmade Jewellery,Silk,894,1158,19.21,1.96,1251.16,1388,1590.01,0.31,3785.53
Handmade Jewellery,Cotton,176,1159,53.71,2.84,1937.55,2143,2680.04,0.81,3496.78
Handmade Jewellery,Jute,1297,926,36.86,4.57,3457.66,3739,4498.97,0.44,5332.24
Jute Bag,Terracotta,1188,685,43.21,2.11,2521.93,2745,3266.75,0.46,4371.95
Handmade Jewellery,Beads,52,1004,18.14,2.82,187.86,210,255.65,0.29,1812.8
Wooden Craft,Cane,575,439,37.79,1.32,302.55,402,427.23,0.73,2083.07
Handmade Jewellery,Clay,467,1051,42.98,0.47,548.2,708,773.34,0.58,2950.36
Wooden Craft,Wood,1221,433,39.32,2.64,2401.3,3003,3851.46,0.35,4091.64
Metal Craft,Terracotta,730,866,40.52,0.76,1687.49,1906,2441.9,0.32,3373.64
Jute Bag,Jute,1171,299,17.76,0.8,2270.86,2524,2668.93,0.4,3513.07
Embroidered Cloth,Jute,534,989,31.6,2.04,3070.3,3246,3734.73,0.45,4200.52
Bamboo Basket,Silk,1454,1008,27.12,0.21,2434.12,2759,3090.56,0.52,4990.2
Handloom Saree,Cane,446,881,7.62,1.15,2175.79,2423,2992.2,0.59,3363.32
Cane Furniture,Bamboo,1446,1151,15.62,0.85,1172.15,1355,1535.88,0.41,4380.81
Terracotta,Cotton,363,269,15.13,0.97,1825.04,2082,2634.3,0.68,2241.32
Metal Craft,Bamboo,1033,733,15.62,2.15,2523.83,3253,3520.58,0.38,4207.54
Bamboo Basket,Brass,1284,782,21.85,2.38,1408.31,1567,1919.79,0.59,3913.36
Wooden Craft,Cane,61,862,47.7,1.15,1832.33,2349,2998.61,0.34,3020.38
Handloom Saree,Clay,257,985,14.96,1.43,962.33,1235,1426.54,0.43,2541.23
Cane Furniture,Jute,333,1130,29.2,4.9,2331.37,2969,3706.22,0.88,4189.69
Embroidered Cloth,Wood,423,807,48.33,3.34,679.52,774,892.94,0.9,2556.93
Handmade Jewellery,Beads,787,1157,7.11,1.14,2422.21,2577,2752.55,0.48,4145.93
Cane Furniture,Bamboo,410,618,59.23,4.59,126.75,150,181.55,0.83,2078.67
Metal Craft,Brass,947,468,35.74,1.15,185.0,228,244.63,0.46,2302.79
Cane Furniture,Silk,854,732,22.45,1.58,227.96,292,369.1,0.67,2635.49
Handloom Saree,Jute,947,236,23.95,2.97,848.37,1063,1333.82,0.73,2549.21
Bamboo Basket,Bamboo,1427,272,46.84,2.41,1153.89,1382,1697.42,0.44,3307.48
Pottery,Silk,774,314,45.63,2.36,2685.61,3048,3950.74,0.85,3606.6
Pottery,Beads,669,365,14.47,1.74,264.59,300,343.12,0.43,1637.46
Handmade Jewellery,Jute,550,555,59.62,2.0,634.6,742,872.74,0.54,2385.25
Embroidered Cloth,Brass,428,505,58.31,3.87,323.53,379,414.69,0.25,1678.72
Embroidered Cloth,Terracotta,809,495,9.48,0.38,2909.29,3814,4156.17,0.82,4049.45
Handloom Saree,Cotton,821,977,52.04,3.8,629.5,755,952.23,0.43,3274.07
Handloom Saree,Beads,463,764,55.19,2.28,810.14,932,1082.59,0.79,2820.01
Pottery,Beads,621,115,45.32,2.39,502.71,619,679.76,0.52,1728.65
Metal Craft,Bamboo,1224,462,24.62,2.09,3162.62,3430,3642.33,0.81,4370.68
Terracotta,Brass,284,691,31.57,4.75,1916.74,2055,2613.31,0.23,2815.52
Pottery,Jute,101,595,47.53,1.12,477.67,505,583.7,0.36,1663.37
Cane Furniture,Terracotta,1444,786,43.23,2.2,1536.22,1991,2137.51,0.77,4394.56
Bamboo Basket,Brass,1117,502,17.54,2.74,964.43,1089,1214.69,0.41,2976.77
Wooden Craft,Brass,181,204,35.87,3.66,1677.84,1885,2020.91,0.7,2069.87
Handloom Saree,Terracotta,1335,791,44.3,2.8,1171.72,1404,1774.44,0.83,4004.92
Handloom Saree,Cotton,70,685,46.17,4.73,1259.45,1665,2019.21,0.51,2419.14
Bamboo Basket,Silk,1206,103,43.76,3.89,252.04,280,350.54,0.84,2360.97
Metal Craft,Silk,797,185,17.78,4.68,585.63,768,987.76,0.64,2207.12
Terracotta,Bamboo,643,655,12.86,3.41,1872.32,2442,3157.54,0.53,3380.8
Bamboo Basket,Brass,300,340,14.81,0.89,365.06,454,490.56,0.23,1094.55
Metal Craft,Clay,236,719,44.44,0.79,1304.78,1632,1935.35,0.27,2373.82
Jute Bag,Cotton,700,875,45.92,2.13,2769.14,3115,3666.55,0.33,4136.55
Metal Craft,Bamboo,831,954,36.07,4.97,2203.3,2696,3252.37,0.4,4219.41
Jute Bag,Bamboo,175,179,36.69,0.98,2842.9,3350,3954.15,0.84,2722.48
Embroidered Cloth,Clay,664,472,45.31,0.3,774.44,837,885.7,0.45,2204.06
Bamboo Basket,Beads,910,211,16.46,1.04,1682.69,2049,2310.87,0.9,2981.06
Embroidered Cloth,Terracotta,601,775,20.1,0.98,1013.38,1327,1537.7,0.51,2806.34
Metal Craft,Jute,164,400,58.53,1.7,585.28,763,956.8,0.91,1718.98
Handloom Saree,Cane,210,163,42.65,3.57,1497.85,1635,1826.46,0.75,1877.29
Bamboo Basket,Bamboo,1368,413,28.13,4.45,2597.23,3019,3436.14,0.94,4366.24
Wooden Craft,Brass,919,541,42.32,1.45,2615.92,3064,3220.73,0.23,3884.32
Cane Furniture,Bamboo,1442,994,41.21,2.73,2694.03,2982,3344.73,0.75,5251.36
Embroidered Cloth,Silk,111,928,29.3,1.3,472.17,623,685.9,0.36,1917.49
Handloom Saree,Bamboo,1148,645,9.03,3.33,1819.11,2185,2360.9,0.58,3883.79
Pottery,Cane,975,127,25.81,2.53,2213.82,2352,2920.94,0.97,3202.59
Pottery,Wood,1037,598,13.89,4.1,3272.39,3945,4876.28,0.96,4763.87
Cane Furniture,Brass,1031,647,30.37,0.72,1571.95,1655,1899.93,0.4,3370.52
Terracotta,Cotton,724,188,14.25,2.27,3055.39,3881,4860.36,0.52,3464.74
Cane Furniture,Brass,899,776,34.23,4.59,785.22,1004,1188.15,0.71,3382.11
Handloom Saree,Terracotta,1309,141,17.81,2.25,1719.89,1904,2416.8,0.79,3394.69
Pottery,Clay,1270,1119,16.15,4.83,2064.4,2599,3064.18,0.71,4960.3
Cane Furniture,Cane,656,821,17.35,1.73,712.44,781,851.3,0.86,2799.72
Handloom Saree,Jute,772,919,20.5,3.07,317.99,354,419.42,0.82,2884.21
Handloom Saree,Beads,1229,267,19.98,2.02,1447.33,1926,2272.33,0.45,3192.43
Bamboo Basket,Bamboo,458,570,36.19,2.18,1592.28,2026,2279.15,0.29,2832.64
Pottery,Jute,1285,168,39.1,1.66,2894.56,3635,4320.57,0.29,4052.21
Handloom Saree,Silk,56,917,26.9,0.56,2188.92,2532,3271.77,0.59,3029.3
Jute Bag,Clay,260,956,18.93,3.78,1458.94,1629,1819.98,0.78,2845.19
Handloom Saree,Jute,485,443,36.7,3.4,908.81,1115,1359.86,0.61,2207.47
Pottery,Terracotta,563,342,6.87,2.04,968.0,1134,1416.4,0.67,2224.78
Terracotta,Cotton,1283,1198,57.17,3.13,2831.28,3653,4343.74,0.23,5696.16
Cane Furniture,Bamboo,625,891,42.2,0.32,3297.83,3472,3727.48,0.37,4220.69
Handmade Jewellery,Jute,475,1117,5.47,3.29,2237.08,2398,2692.85,0.64,3721.15
Handmade Jewellery,Clay,1456,1101,35.59,1.47,3157.75,3407,4084.53,0.56,5568.49
Handmade Jewellery,Wood,1422,883,32.99,4.01,1061.68,1150,1479.12,0.3,4063.01
Terracotta,Beads,532,566,9.35,4.02,815.69,870,1086.11,0.9,2513.93
Terracotta,Wood,818,857,11.0,3.67,2106.9,2297,2969.05,0.27,3764.99
Cane Furniture,Silk,70,681,32.32,4.94,1800.82,2350,3052.0,0.34,2598.06
Metal Craft,Brass,61,184,11.68,4.9,1087.01,1377,1451.42,0.31,1424.13
Bamboo Basket,Cotton,1338,98,35.56,0.64,1495.8,1708,2087.32,0.24,2903.65
Metal Craft,Cotton,863,694,18.14,0.94,2891.84,3048,3547.13,0.61,3990.02
Handmade Jewellery,Beads,1267,409,41.32,3.93,3113.23,3881,4860.59,0.93,4778.39
Cane Furniture,Clay,69,205,39.89,2.46,161.65,177,199.19,0.93,1008.01
Terracotta,Wood,1187,403,16.56,3.36,2189.27,2376,2564.77,0.28,3559.51
Wooden Craft,Cotton,1240,164,34.75,2.03,1671.52,2093,2225.51,0.46,3272.4
Metal Craft,Terracotta,506,360,25.43,3.48,2902.16,3386,4038.46,0.64,3315.09
Metal Craft,Cotton,1324,236,43.81,4.37,1576.39,1671,2120.15,0.67,3287.94
Bamboo Basket,Bamboo,477,424,45.33,0.21,2449.71,3186,3530.04,0.54,3171.81
Handmade Jewellery,Clay,127,537,5.96,2.47,3151.28,3511,3740.18,0.63,3175.77
Embroidered Cloth,Silk,929,924,52.5,1.33,1181.42,1279,1506.33,0.37,3461.92
Metal Craft,Beads,1258,183,57.74,0.17,2687.07,3285,3993.71,0.64,4046.33
Cane Furniture,Cotton,406,927,24.09,0.63,778.03,898,1126.34,0.61,2490.47
Handloom Saree,Beads,715,1179,53.4,1.72,858.07,1020,1083.82,0.52,3537.17
Pottery,Terracotta,1169,589,54.95,1.99,1456.83,1879,2224.81,0.39,3843.29
Jute Bag,Bamboo,130,390,30.16,0.9,2099.37,2285,2692.04,0.89,2384.46
Metal Craft,Beads,1360,305,58.49,4.69,623.21,688,749.33,0.57,3197.77
Bamboo Basket,Cotton,588,331,21.75,3.25,1445.0,1548,1722.26,0.66,2505.49
Jute Bag,Clay,998,109,37.11,2.4,820.09,974,1226.62,0.45,2277.51
Bamboo Basket,Jute,710,76,20.91,0.65,3002.2,3812,4505.82,0.24,3226.82
Jute Bag,Silk,1231,135,48.33,4.76,1017.14,1258,1336.5,0.89,3077.15
Embroidered Cloth,Silk,1171,1128,29.04,0.23,1955.45,2232,2837.74,0.71,4546.42
Cane Furniture,Cotton,333,162,40.83,1.7,913.51,971,1149.47,0.49,1552.57
Handloom Saree,Wood,537,325,5.13,3.71,1660.77,2043,2545.18,0.6,2591.65
Jute Bag,Cane,63,1087,50.16,0.44,2632.2,3255,4122.94,0.78,3775.09
Cane Furniture,Jute,897,1000,43.27,0.69,3202.87,3942,4864.25,0.64,4909.5
Bamboo Basket,Beads,367,459,15.59,4.19,2382.75,3008,3651.25,0.94,3278.08
Embroidered Cloth,Cane,1443,713,59.79,1.12,640.79,696,877.98,0.68,3498.99
Wooden Craft,Brass,1048,749,38.53,3.01,2482.65,3309,4251.38,0.56,4558.04
Handmade Jewellery,Silk,499,265,9.1,0.96,3547.02,3750,4163.16,0.86,3325.19
Jute Bag,Jute,918,1024,25.36,3.41,674.86,770,931.19,0.67,3254.11
Pottery,Cane,672,483,35.5,3.77,2927.06,3570,4479.5,0.22,3745.27
Bamboo Basket,Bamboo,602,911,8.9,1.15,2375.54,3017,3783.89,0.53,3878.52
Wooden Craft,Jute,947,665,30.58,2.03,2853.16,3689,4146.34,0.78,4595.91
Metal Craft,Cane,398,92,15.16,4.05,1005.63,1209,1384.29,0.36,1525.78
Cane Furniture,Brass,328,508,33.06,4.74,1530.6,1994,2345.47,0.65,2511.64
Metal Craft,Cane,714,93,12.29,1.07,2461.15,2943,3736.12,0.92,2822.24
Terracotta,Cotton,147,863,45.94,3.51,202.78,221,262.75,0.84,2078.37
Handloom Saree,Beads,1109,656,56.55,1.75,611.83,751,817.39,0.71,3189.04
Bamboo Basket,Clay,650,535,8.01,3.3,1168.85,1280,1660.05,0.62,2663.47
Handmade Jewellery,Bamboo,1442,259,38.81,3.32,1191.12,1526,1767.97,0.26,3341.77
Jute Bag,Wood,154,752,6.69,4.96,2404.8,2997,3517.24,0.83,3266.1
Bamboo Basket,Brass,806,1138,24.42,2.26,2926.02,3440,4020.23,0.44,4787.94
Handmade Jewellery,Wood,1484,547,46.65,1.78,1673.52,2055,2403.34,0.92,4413.89
Cane Furniture,Jute,1456,211,48.96,2.52,1098.64,1359,1697.95,0.34,3276.68
Cane Furniture,Wood,717,741,11.22,1.8,2097.14,2242,2485.67,0.97,3506.82
Metal Craft,Beads,280,703,47.68,1.8,1722.29,1896,2389.67,0.93,2790.16
Jute Bag,Jute,400,852,5.71,3.64,2906.98,3259,4043.88,0.25,3542.81
Cane Furniture,Silk,1258,995,19.63,0.39,1745.13,1988,2375.32,0.9,4359.36
Metal Craft,Bamboo,475,344,19.31,0.11,3500.33,3813,4688.77,0.6,3481.51
Embroidered Cloth,Bamboo,544,975,22.31,2.18,3078.73,3250,3878.26,0.86,4206.33
Bamboo Basket,Clay,538,225,56.16,4.5,503.55,616,728.07,0.72,1848.65
Handmade Jewellery,Clay,934,237,9.7,4.36,2424.44,2871,3494.88,0.97,3572.17
Terracotta,Clay,564,329,11.36,2.83,1122.91,1206,1294.44,0.58,2210.59
Jute Bag,Cane,791,132,37.17,3.45,201.37,232,294.21,0.97,1955.66
Cane Furniture,Cotton,1341,164,16.27,2.25,2817.77,3557,3877.73,0.9,4179.37
Jute Bag,Clay,874,903,21.21,0.56,453.81,500,564.09,0.6,2754.68
Cane Furniture,Bamboo,945,1004,14.54,1.44,170.51,212,261.35,0.68,2983.09
Pottery,Silk,347,303,39.63,1.47,2731.67,3515,4257.76,0.99,3427.69
Embroidered Cloth,Clay,1184,399,40.35,0.23,3386.73,3937,4773.18,0.23,4445.23
Cane Furniture,Cane,1235,924,56.21,3.71,3201.1,3613,4245.3,0.87,5444.89
Cane Furniture,Brass,351,185,51.02,4.24,2071.09,2274,2924.39,0.39,2371.83
Handmade Jewellery,Wood,521,459,6.37,2.66,3024.54,3303,3673.26,0.24,3251.62
Metal Craft,Wood,1177,413,44.18,0.5,3591.6,3907,4407.95,0.62,4566.01
Wooden Craft,Silk,815,342,47.11,1.95,1999.12,2663,3389.7,0.79,3324.09
Terracotta,Jute,804,926,59.39,3.25,747.12,885,1047.87,0.89,3324.74
Handmade Jewellery,Jute,232,296,23.65,1.6,2101.02,2269,2624.12,0.78,2403.36
Terracotta,Cane,1361,557,49.2,1.35,3422.32,3677,4337.64,0.94,4937.51
Cane Furniture,Beads,1106,550,32.94,1.73,1607.52,1748,1906.51,0.73,3501.81
Jute Bag,Clay,982,457,5.29,1.39,562.47,701,903.84,0.66,2569.89
Wooden Craft,Clay,528,637,30.88,0.73,2630.75,3284,3761.91,0.66,3741.58
Jute Bag,Brass,1298,688,26.03,4.2,958.77,1231,1596.35,0.82,3643.99
Wooden Craft,Beads,785,785,16.65,4.55,1052.18,1162,1431.05,0.97,3246.04
Handmade Jewellery,Silk,578,927,28.39,0.16,1210.13,1413,1758.0,0.39,3114.59
Wooden Craft,Bamboo,490,1045,39.56,2.99,3012.47,3618,4094.23,0.93,4655.28
Bamboo Basket,Cane,465,674,23.19,2.7,371.62,399,447.39,0.88,2307.64
Wooden Craft,Beads,308,171,37.9,4.21,997.4,1096,1247.04,0.59,1625.47
Pottery,Bamboo,760,343,33.36,3.15,1951.96,2391,2729.53,0.27,3098.36
Metal Craft,Clay,697,62,54.89,2.77,1851.63,2454,2759.33,0.37,2872.75
Pottery,Silk,911,923,28.55,2.46,2244.65,2968,3196.42,0.67,4449.49
Embroidered Cloth,Cotton,899,792,58.01,4.2,1744.47,2189,2359.05,0.96,4006.5
Metal Craft,Silk,153,336,58.34,3.24,3104.74,3906,5008.51,0.66,3194.56
Metal Craft,Clay,404,459,52.06,0.94,519.01,624,662.23,0.67,1892.6
Cane Furniture,Beads,1499,1118,20.42,3.02,898.46,1190,1410.46,0.29,4450.29
Metal Craft,Bamboo,1155,389,53.87,2.13,388.48,452,512.57,0.47,2622.34
Handloom Saree,Terracotta,1354,1186,18.91,0.93,2628.12,3046,3441.86,0.33,5310.0
Wooden Craft,Cane,327,1174,18.58,4.25,1029.51,1314,1395.42,0.75,3198.16
Metal Craft,Silk,435,1038,37.27,0.32,1698.16,2150,2787.27,0.81,3600.43
Embroidered Cloth,Jute,1421,401,32.08,4.72,1767.12,2228,2603.48,0.38,3902.57
Handloom Saree,Cotton,1300,947,52.28,3.54,2469.34,2652,3167.57,0.75,4969.59
Wooden Craft,Terracotta,195,1169,6.36,0.62,134.78,157,171.74,0.46,2234.42
Handmade Jewellery,Beads,744,820,46.75,0.61,140.63,175,204.11,0.9,2652.04
Cane Furniture,Cotton,1381,70,21.49,4.18,1909.36,2133,2524.3,0.88,3423.91
Bamboo Basket,Clay,1117,90,7.0,2.49,2178.11,2882,3485.24,0.42,3139.65
Terracotta,Cotton,1015,943,53.3,3.45,216.35,237,290.45,0.82,3206.0
Handmade Jewellery,Bamboo,410,181,32.35,1.16,734.94,802,850.8,0.86,1705.92
Metal Craft,Silk,771,1148,52.68,4.71,3120.17,3907,4677.9,0.52,5013.18
Bamboo Basket,Wood,699,1046,20.45,0.34,2501.63,3300,3807.91,0.33,4420.15
Pottery,Brass,1225,587,32.99,1.19,3782.82,3984,4815.81,0.76,4982.22
Wooden Craft,Cane,649,146,5.23,1.54,1279.14,1469,1820.14,0.6,2141.32
Embroidered Cloth,Clay,405,76,34.79,3.04,2320.07,2944,3486.57,0.54,2559.84
Pottery,Brass,627,411,40.38,1.8,1424.73,1881,2347.13,0.6,2766.89
Handloom Saree,Bamboo,426,708,29.8,1.39,2222.77,2422,2857.84,0.46,3177.12
Handmade Jewellery,Bamboo,828,847,14.7,2.82,2247.65,2990,3190.87,0.8,4063.15
Wooden Craft,Bamboo,55,359,24.71,1.05,950.61,1175,1507.73,0.7,1454.99
Embroidered Cloth,Brass,872,107,52.9,1.76,531.67,667,832.34,0.43,2048.03
Handmade Jewellery,Cotton,423,649,19.11,1.89,1237.27,1646,1770.42,0.68,2584.34
Wooden Craft,Wood,325,897,19.18,2.03,2866.62,3101,3980.45,1.0,3790.6
Jute Bag,Wood,344,424,35.65,0.43,2650.41,3447,3709.9,0.31,3167.4
Terracotta,Jute,962,897,31.21,2.6,1130.86,1292,1674.94,0.22,3367.96
Embroidered Cloth,Brass,946,969,15.1,4.61,2056.71,2601,3024.96,0.42,4387.58
Wooden Craft,Cotton,1348,266,26.37,3.79,2948.97,3635,4283.32,0.62,4541.19
Bamboo Basket,Wood,1442,297,31.39,3.17,1561.1,2081,2531.5,0.33,3692.85
Wooden Craft,Terracotta,83,690,29.11,2.53,2539.37,3094,3708.35,0.72,3235.74
Handloom Saree,Wood,523,200,10.77,1.87,824.03,953,1078.0,0.99,1888.56
Terracotta,Cane,678,479,22.91,3.22,952.4,1119,1272.88,0.27,2333.47
Handloom Saree,Wood,679,1066,30.15,1.13,475.5,609,790.45,0.86,3037.03
Handmade Jewellery,Cotton,340,708,28.21,4.68,2438.86,3063,3901.95,0.91,3610.24
Bamboo Basket,Bamboo,513,548,55.25,2.54,1367.56,1571,1845.82,0.26,2613.07
Metal Craft,Brass,455,1000,18.53,0.81,427.89,478,506.57,0.31,2308.41
Terracotta,Jute,54,668,52.07,1.07,2437.83,2660,3023.14,0.77,3036.55
Handloom Saree,Jute,525,514,30.87,4.24,2207.79,2828,3273.91,0.83,3453.5
Handmade Jewellery,Terracotta,947,319,54.4,4.37,2301.79,2492,2651.6,0.29,3439.59
Jute Bag,Silk,256,1181,54.96,3.11,2257.0,2464,3009.14,0.58,3840.82
Pottery,Brass,553,60,55.38,4.88,2059.55,2474,2973.18,0.89,2714.27
Handloom Saree,Wood,570,329,53.21,1.28,250.13,276,331.39,0.77,1707.46
Wooden Craft,Bamboo,1170,988,11.9,1.24,455.94,596,714.11,0.61,3468.71
Pottery,Beads,851,150,28.18,1.09,1133.65,1474,1613.52,0.53,2313.06
Bamboo Basket,Terracotta,477,769,21.27,3.99,1192.64,1518,1767.01,0.39,2883.57
Handmade Jewellery,Wood,609,784,37.85,3.06,924.39,977,1156.3,0.27,2789.67
Wooden Craft,Brass,1127,786,17.95,0.46,887.64,1059,1115.41,0.21,3204.14
Metal Craft,Terracotta,941,472,25.6,0.41,1072.51,1297,1646.59,0.62,2786.22
Jute Bag,Cotton,980,504,35.88,1.4,2317.15,2571,3021.18,0.27,3730.88
Embroidered Cloth,Silk,198,200,40.89,0.87,284.11,317,390.52,0.42,1019.83
Wooden Craft,Silk,1484,1003,32.62,0.31,867.48,1039,1270.61,0.8,4111.99
Metal Craft,Bamboo,128,295,42.42,1.25,440.69,471,567.94,0.6,1234.16
Bamboo Basket,Clay,1473,889,14.06,4.99,448.18,510,589.31,0.85,3694.96
Embroidered Cloth,Beads,785,685,28.59,3.79,406.41,490,548.31,0.69,2642.37
Handmade Jewellery,Silk,1159,280,54.71,2.31,2424.91,2728,3494.01,0.87,3992.13
Handloom Saree,Cotton,130,746,43.93,3.06,1219.48,1532,1899.23,0.78,2600.83
Handloom Saree,Jute,848,830,19.83,3.55,1080.81,1203,1387.06,0.69,3224.86
Handloom Saree,Cotton,158,285,39.75,2.65,1429.16,1690,2180.76,0.69,1935.78
Terracotta,Terracotta,80,1013,27.11,3.68,673.48,874,985.62,0.26,2239.16
Wooden Craft,Terracotta,574,776,8.27,1.57,3133.41,3796,4000.79,0.62,4178.0
Embroidered Cloth,Terracotta,1061,498,14.95,4.75,1497.57,1906,2025.68,0.88,3453.86
Handmade Jewellery,Bamboo,464,689,22.9,0.63,2539.01,2882,3220.04,0.77,3561.36
Jute Bag,Brass,476,1100,9.78,2.72,1168.66,1468,1577.5,0.71,3258.19
Metal Craft,Cotton,797,549,23.77,4.95,3443.27,3673,4288.87,0.63,4129.02
Pottery,Wood,1282,1056,8.05,1.56,374.32,422,447.17,0.31,3532.47
Jute Bag,Bamboo,1374,59,36.68,2.24,1960.54,2304,2717.43,0.99,3557.93
Terracotta,Terracotta,1258,816,31.7,0.21,134.07,163,171.99,0.8,3076.62
Bamboo Basket,Silk,354,524,37.48,2.9,2866.84,3636,4579.03,0.96,3746.18
Terracotta,Brass,283,190,8.39,2.84,2438.82,2886,3077.04,0.55,2390.47
Handloom Saree,Brass,425,731,45.55,0.17,2548.76,3269,3791.72,0.6,3729.96
Metal Craft,Silk,891,1125,56.94,1.35,2082.64,2448,3155.25,0.32,4492.76
Terracotta,Jute,1056,213,18.04,0.67,2328.87,2547,2978.44,0.74,3219.83
Bamboo Basket,Terracotta,1022,1087,24.81,4.81,1921.56,2362,2855.14,0.82,4700.29
Cane Furniture,Wood,742,384,36.45,0.48,2282.98,2508,2904.99,0.26,2997.91
Terracotta,Brass,1100,757,19.01,2.2,1211.84,1421,1573.0,0.39,3582.81
Handloom Saree,Clay,700,937,47.84,2.68,2125.75,2621,2896.74,0.91,4164.56
Handmade Jewellery,Brass,456,105,54.93,0.78,148.02,166,188.31,0.59,1368.84
Metal Craft,Bamboo,1373,1063,35.04,0.46,1163.41,1461,1721.19,0.53,4380.51
Handloom Saree,Cotton,190,427,30.52,1.0,2805.62,3382,3931.33,0.84,3106.14
Metal Craft,Brass,1127,650,59.4,2.74,1714.16,2045,2329.65,0.76,4029.2
Metal Craft,Terracotta,1279,223,16.52,0.96,3300.4,3605,3977.06,0.53,4134.04
Handmade Jewellery,Bamboo,677,574,25.24,2.12,2287.46,2451,2706.56,0.5,3337.64
Handmade Jewellery,Brass,1293,655,58.39,4.11,3272.53,3981,4372.82,0.86,5320.49
Embroidered Cloth,Clay,1365,1133,11.76,1.36,2399.17,2613,3080.88,0.9,5044.53
Metal Craft,Wood,637,892,56.97,4.45,3065.18,3759,4340.68,0.84,4695.67
Jute Bag,Silk,359,193,16.6,1.53,297.04,344,374.0,0.55,1096.4
Wooden Craft,Clay,466,760,32.29,3.87,2869.93,3389,4364.88,0.89,3972.26
Terracotta,Beads,444,519,14.64,4.42,1722.11,2178,2812.33,0.22,2685.19
Bamboo Basket,Terracotta,436,391,40.85,2.58,1271.15,1575,1997.17,0.68,2382.75
Jute Bag,Terracotta,1227,658,26.09,4.08,2126.41,2791,3081.32,0.25,4264.83
Cane Furniture,Beads,1492,886,19.43,0.15,846.34,968,1219.28,0.59,3842.47
Terracotta,Cane,639,684,42.88,1.8,1029.28,1126,1313.72,0.52,2740.24
Wooden Craft,Bamboo,1187,1170,8.45,2.25,2848.02,3543,4278.52,0.88,5454.0
Wooden Craft,Terracotta,284,834,31.56,2.23,1041.15,1347,1729.25,0.88,2738.85
Jute Bag,Jute,723,334,59.75,2.17,2996.57,3873,4952.39,0.25,3902.21
Bamboo Basket,Bamboo,459,377,23.07,4.76,1730.52,2294,2715.17,1.0,2844.64
Handmade Jewellery,Cane,729,139,23.76,0.82,3586.73,3814,4642.95,0.88,3641.83
Pottery,Jute,1315,735,39.37,2.96,2162.73,2478,2930.97,0.34,4468.77
Embroidered Cloth,Wood,257,572,5.31,3.43,766.25,858,1040.39,0.44,1748.9
Handmade Jewellery,Silk,153,509,29.95,4.0,3317.86,3882,4314.0,0.61,3374.35
Pottery,Wood,220,84,57.82,3.76,1664.14,2066,2368.18,0.4,2044.92
Terracotta,Beads,593,405,38.93,2.01,943.18,1169,1310.23,0.27,2146.89
Handmade Jewellery,Brass,656,827,30.81,2.55,633.79,671,750.69,0.83,2878.07
Embroidered Cloth,Clay,1020,207,11.56,2.66,3176.36,3907,4884.46,0.96,4056.41
Wooden Craft,Cotton,1212,181,55.54,0.71,216.7,267,342.46,0.45,2331.85
Wooden Craft,Wood,1252,511,30.97,4.74,2936.39,3325,4285.9,0.61,4549.34
Handloom Saree,Beads,314,921,5.22,2.01,2526.63,2753,3100.11,0.21,3372.99
Handmade Jewellery,Cotton,670,306,17.44,1.56,940.07,1132,1441.7,0.85,2288.17
Bamboo Basket,Cotton,188,118,11.88,1.28,604.38,694,840.3,0.44,950.17
Handloom Saree,Terracotta,622,105,17.3,0.7,1157.3,1381,1591.65,0.7,1991.95
Terracotta,Terracotta,1193,999,36.86,3.51,3628.97,3974,4230.18,0.72,5508.17
Handmade Jewellery,Clay,1121,728,23.69,2.64,2963.65,3302,4223.44,0.74,4665.86
Jute Bag,Beads,687,1133,33.5,0.65,2889.19,3691,4497.09,0.67,4783.87
Bamboo Basket,Cane,633,1037,29.37,0.51,1794.68,2269,2897.3,0.64,3748.18
Wooden Craft,Silk,1429,367,43.19,2.08,2097.71,2604,3204.56,0.54,4294.78
Cane Furniture,Clay,1228,178,58.1,4.28,2234.53,2659,3024.71,0.74,3751.34
Handmade Jewellery,Wood,138,222,58.46,4.38,3317.44,3954,5065.42,0.73,3270.03
Bamboo Basket,Bamboo,762,1173,45.38,0.84,1405.43,1710,2217.33,0.85,3893.56
Handloom Saree,Clay,686,948,6.22,0.65,1896.64,2052,2643.03,0.77,3639.1
Bamboo Basket,Silk,804,1192,28.15,1.9,1340.76,1695,2107.46,0.38,3895.62
Handmade Jewellery,Cane,1226,321,32.16,4.63,1909.41,2458,2987.65,0.39,3628.24
Bamboo Basket,Bamboo,209,526,5.9,2.62,1331.7,1620,1991.66,0.22,2136.54
Terracotta,Bamboo,996,263,26.33,1.87,688.27,792,881.11,0.53,2332.61
Cane Furniture,Terracotta,888,668,21.07,2.06,412.79,437,511.83,0.67,2554.94
Handmade Jewellery,Wood,215,514,54.9,0.69,614.17,706,771.05,0.22,1771.15
Terracotta,Cotton,604,56,56.34,1.62,772.82,884,1019.91,0.65,1802.26
Handmade Jewellery,Wood,550,382,58.69,4.83,3234.87,3919,5020.6,0.99,3935.31
Pottery,Beads,666,365,44.72,0.86,2394.75,2696,3068.54,0.72,3180.17
Handmade Jewellery,Beads,1040,834,35.95,1.08,1554.33,1792,1940.35,0.6,3734.1
Wooden Craft,Cane,1466,477,24.86,3.12,1456.96,1620,1954.49,0.35,3800.58
Jute Bag,Beads,1376,223,12.25,4.7,2005.17,2270,2660.73,0.8,3747.92
Terracotta,Cotton,188,864,28.93,3.11,2627.48,2922,3480.65,0.77,3513.67
Terracotta,Cotton,239,924,38.69,1.97,2017.56,2475,3209.73,0.89,3368.54
Embroidered Cloth,Cane,475,91,35.84,2.03,187.46,245,305.06,0.27,1096.32
Jute Bag,Cotton,1325,793,38.23,4.26,334.51,434,458.67,0.98,3632.61
Cane Furniture,Cane,676,264,38.24,4.93,3163.99,3481,4220.36,0.43,3448.64
Jute Bag,Silk,695,1097,13.25,3.42,1615.96,1924,2246.46,0.46,3820.35
Handmade Jewellery,Wood,1162,141,55.27,3.29,2495.23,2800,3212.7,0.82,3741.55
Cane Furniture,Cotton,1168,968,40.9,0.16,2337.57,2488,2837.47,0.93,4603.32
Handloom Saree,Terracotta,912,391,39.69,4.24,1137.83,1515,1707.63,0.59,3031.51
Metal Craft,Cotton,266,682,33.26,3.48,909.1,1038,1139.98,0.49,2323.32
Wooden Craft,Silk,1260,862,47.17,1.74,2798.95,2991,3884.25,0.2,4771.04
Embroidered Cloth,Bamboo,751,293,30.55,1.46,2339.7,2843,3229.33,0.99,3351.2
Bamboo Basket,Terracotta,1301,968,37.49,4.56,2094.66,2389,2577.06,0.25,4701.8
Embroidered Cloth,Beads,316,211,52.26,1.85,1985.08,2444,2781.93,0.84,2433.72
Bamboo Basket,Cotton,711,1198,18.33,3.4,2319.16,2523,2901.36,0.38,4230.34
Metal Craft,Cotton,1282,134,51.65,3.53,520.79,599,720.94,0.68,2650.77
Metal Craft,Cane,1460,980,24.16,0.74,2083.21,2276,2827.43,0.42,4637.27
Handmade Jewellery,Jute,442,517,34.53,3.43,1114.84,1357,1466.99,0.22,2247.27
Metal Craft,Wood,1308,1133,16.71,3.35,2050.56,2281,2466.31,0.22,4675.56
Terracotta,Brass,266,538,22.57,0.12,727.69,780,833.66,0.8,1850.8
Cane Furniture,Clay,637,613,29.68,1.92,1867.32,2007,2392.87,0.3,3113.98
Wooden Craft,Brass,588,697,9.02,3.44,2422.47,3129,3491.96,0.59,3686.28
Pottery,Beads,306,693,45.33,1.53,1206.84,1447,1875.44,0.82,2563.57
Pottery,Terracotta,124,103,36.44,0.75,2358.34,2827,3540.89,0.49,2212.04
Metal Craft,Cotton,297,910,8.07,0.32,255.7,297,370.99,0.66,1984.97
Wooden Craft,Wood,1259,219,33.24,4.94,387.16,450,500.23,0.37,2493.46
Pottery,Jute,708,534,38.26,2.93,2749.5,3175,3755.83,0.88,3864.25
Bamboo Basket,Brass,444,692,55.5,2.98,2801.3,3111,3415.67,0.49,3668.08
Handmade Jewellery,Cane,1045,345,5.77,4.23,3057.51,3278,4027.17,0.96,3931.96
Handmade Jewellery,Wood,1142,410,48.0,4.44,2322.68,2790,3160.98,0.61,4034.06
Handloom Saree,Silk,1205,1141,9.89,0.27,2975.09,3904,4508.23,0.36,5435.57
Handloom Saree,Clay,468,665,58.01,3.25,3031.47,3433,4033.57,0.42,3953.84
Embroidered Cloth,Wood,792,514,51.18,2.18,237.88,276,314.42,0.39,2218.41
Pottery,Brass,638,845,57.87,2.15,3164.72,3388,4262.14,0.76,4425.66
Handloom Saree,Clay,956,819,18.85,1.01,626.79,807,912.81,0.39,2995.83
Cane Furniture,Clay,71,457,32.99,1.41,2341.48,2519,3177.79,0.67,2467.05
Metal Craft,Beads,927,488,44.85,1.48,1786.19,2202,2647.12,0.54,3685.14
Embroidered Cloth,Cane,843,251,46.08,3.72,1091.14,1417,1806.21,0.95,2762.36
Embroidered Cloth,Wood,1437,1137,51.64,4.65,1821.63,1947,2160.59,0.29,4923.89
Jute Bag,Beads,989,501,21.61,3.45,1516.85,1911,2113.08,0.93,3424.52
Jute Bag,Brass,105,744,11.19,3.3,3312.11,3812,4570.38,0.5,3488.15
Jute Bag,Brass,789,174,31.58,1.02,2861.46,3069,3805.82,0.38,3195.29
Cane Furniture,Bamboo,1325,657,26.38,4.81,2731.28,3547,4203.95,0.31,4860.98
Metal Craft,Cotton,618,571,44.89,2.49,2923.66,3098,3291.53,0.25,3666.55
Metal Craft,Jute,1300,277,5.74,2.6,2725.18,3023,3552.19,0.38,3917.08
Terracotta,Jute,1171,1002,48.22,3.5,2835.14,3493,3710.79,0.24,5227.43
Terracotta,Beads,1040,708,28.14,1.81,2771.7,3268,4207.34,0.46,4454.59
Wooden Craft,Bamboo,587,722,15.31,2.66,1135.23,1214,1517.63,0.41,2682.47
Handmade Jewellery,Clay,992,69,8.81,0.19,2658.19,3437,3921.75,0.67,3515.16
Cane Furniture,Jute,808,927,51.53,1.68,3340.62,3757,4144.17,0.88,5003.73
Handloom Saree,Beads,1304,119,30.94,1.89,2703.08,3277,3830.1,0.54,3978.97
Pottery,Silk,617,624,25.62,3.27,899.78,1063,1334.54,0.43,2632.86
Jute Bag,Silk,430,359,18.75,3.05,1194.58,1356,1472.18,0.51,2042.43
Handloom Saree,Jute,1057,411,52.22,1.02,2587.4,3028,3535.13,0.82,4049.84
Embroidered Cloth,Beads,1195,781,9.75,3.17,397.66,441,527.92,0.77,3076.29
Bamboo Basket,Wood,944,200,18.63,3.88,3278.61,3961,4316.2,0.46,3917.53
Pottery,Cotton,604,580,57.67,4.82,667.48,795,896.43,0.57,2513.34
Terracotta,Terracotta,739,528,26.22,3.93,3073.26,3798,4450.27,0.22,4173.99
Cane Furniture,Silk,812,557,59.52,1.3,3230.79,3843,4672.25,0.39,4160.64
Pottery,Beads,599,777,54.12,2.45,2637.79,3418,4165.52,0.59,4171.76
Bamboo Basket,Brass,414,816,25.92,3.44,2138.59,2517,3124.69,0.65,3391.67
Jute Bag,Bamboo,1225,248,39.96,2.26,764.15,931,1157.86,0.61,2851.11
Cane Furniture,Bamboo,760,748,58.8,4.44,3077.71,3960,4394.76,0.89,4824.72
Handmade Jewellery,Cotton,709,949,25.04,0.31,1351.94,1768,1890.98,0.37,3343.36
Pottery,Cane,1162,226,56.58,3.32,2554.46,3037,3479.42,0.95,4038.98
Handmade Jewellery,Wood,1311,888,46.69,3.37,308.56,405,441.24,0.45,3524.85
Terracotta,Bamboo,450,509,57.5,1.78,1271.31,1364,1638.35,0.49,2490.44
Embroidered Cloth,Beads,423,393,26.2,0.72,1334.74,1669,1940.28,0.48,2364.49
Terracotta,Clay,175,834,56.34,0.51,1894.36,2004,2158.9,0.6,2817.84
Cane Furniture,Wood,1300,915,52.86,3.37,2716.88,3345,3530.27,0.51,5256.81
Jute Bag,Wood,862,743,41.07,3.76,2447.44,3089,3291.73,0.35,4203.91
Pottery,Cotton,364,965,9.81,2.61,464.02,515,665.95,0.62,2207.03
Embroidered Cloth,Silk,1120,138,30.59,4.39,2223.23,2414,3109.97,0.64,3400.64
Metal Craft,Terracotta,731,692,7.19,2.89,2425.88,2833,3174.66,0.71,3849.33
Terracotta,Beads,659,407,54.25,4.76,1815.49,1917,2090.2,0.65,2840.63
Bamboo Basket,Cane,437,784,19.83,2.23,2813.56,3404,3610.2,0.49,3967.66
Cane Furniture,Silk,631,657,19.05,2.33,969.99,1038,1230.33,0.28,2639.72
Embroidered Cloth,Clay,379,248,33.35,1.38,1456.73,1544,1683.6,0.81,2014.34
Handloom Saree,Clay,628,319,37.7,2.93,2822.47,3401,3676.44,0.83,3597.23
Embroidered Cloth,Cotton,1076,570,33.53,3.03,1918.69,2186,2748.04,0.44,3662.44
Cane Furniture,Bamboo,480,588,58.35,0.38,1556.33,1975,2081.64,0.49,3004.09
Cane Furniture,Beads,917,884,46.2,4.07,2941.22,3482,3964.38,0.64,4713.43
Metal Craft,Wood,1495,864,30.49,4.72,2750.98,3145,4053.76,0.76,5255.25
Handloom Saree,Cotton,830,1134,29.19,3.98,1204.03,1420,1638.34,0.78,3779.73
Jute Bag,Wood,996,1192,16.1,1.82,2976.9,3291,3505.34,0.76,5027.32
Wooden Craft,Wood,533,637,45.26,3.31,3338.19,3699,4428.77,0.49,3994.63
Handmade Jewellery,Beads,462,383,25.87,4.44,2170.55,2455,2683.89,0.82,2897.95
Pottery,Cane,698,959,55.67,4.46,669.03,709,916.63,0.38,3070.02
Pottery,Cane,685,1089,58.48,4.48,1907.49,2430,3141.35,0.23,4198.2
Metal Craft,Brass,74,507,53.37,4.09,1124.31,1212,1548.81,0.75,2000.28
Embroidered Cloth,Clay,1460,242,21.1,0.75,216.36,261,294.16,0.61,2659.81
Handloom Saree,Cotton,235,1160,21.28,1.26,1052.25,1319,1403.98,0.26,2829.05
Bamboo Basket,Cotton,1398,1059,12.58,4.7,3255.58,3887,4325.73,0.4,5716.75
Handloom Saree,Silk,52,1082,55.56,3.99,1876.57,2378,2978.45,0.53,3234.78
Embroidered Cloth,Silk,248,697,16.11,4.95,2498.1,3067,3566.71,0.3,3262.07
Wooden Craft,Beads,428,866,8.93,0.83,2620.76,2818,3612.65,0.47,3611.65
Terracotta,Jute,202,578,18.1,2.77,1998.19,2124,2502.27,0.29,2326.75
Handmade Jewellery,Terracotta,1152,120,30.38,0.77,758.73,934,1000.8,0.94,2502.58
Wooden Craft,Cane,1004,310,7.85,1.43,223.25,239,306.44,0.62,2114.25
Metal Craft,Cotton,639,285,30.24,0.65,1068.43,1247,1526.11,0.51,2156.29
Handloom Saree,Silk,351,346,9.82,1.1,2868.32,3465,4126.2,0.69,3155.56
Pottery,Bamboo,969,1024,26.75,4.43,760.5,939,1023.66,0.26,3503.11
Cane Furniture,Beads,322,742,38.77,4.4,295.23,381,440.38,0.29,1982.58
Cane Furniture,Terracotta,356,363,53.79,2.71,1736.37,1966,2081.54,0.2,2388.74
Wooden Craft,Silk,409,457,5.34,2.04,1410.14,1557,1735.01,0.3,2225.98
Bamboo Basket,Jute,278,232,54.55,2.31,731.74,772,974.13,0.99,1583.49
Metal Craft,Wood,677,1065,21.9,1.64,2282.02,2994,3497.2,0.45,4386.21
Embroidered Cloth,Wood,679,122,50.34,3.12,2368.69,2905,3418.57,0.65,3211.72
Handmade Jewellery,Bamboo,580,413,18.38,0.25,1026.65,1221,1433.63,0.55,2238.94
Wooden Craft,Clay,1037,201,56.01,3.65,780.23,907,1158.2,0.64,2434.26
Embroidered Cloth,Beads,1091,920,21.67,1.18,2425.1,3163,3672.99,0.55,4526.7
Handmade Jewellery,Terracotta,392,1130,10.75,1.59,1625.58,1928,2381.62,0.93,3575.58
Jute Bag,Beads,622,977,46.24,0.93,2050.97,2594,2901.27,0.7,4025.93
Embroidered Cloth,Silk,400,428,49.4,2.58,2789.89,3209,3975.17,0.52,3225.79
Cane Furniture,Cane,1104,715,38.71,1.5,1306.9,1536,1856.36,0.42,3674.72
Terracotta,Terracotta,1039,756,53.8,0.3,2416.7,2640,3274.7,0.75,4323.76
Terracotta,Jute,688,523,6.31,2.46,1137.8,1392,1799.18,0.92,2835.6
Jute Bag,Terracotta,1470,1147,18.98,4.56,885.28,1072,1315.61,0.52,4407.26
Metal Craft,Brass,547,472,26.21,4.33,211.48,254,277.25,0.72,1863.5
Cane Furniture,Cane,924,161,11.12,4.41,295.83,351,423.82,0.88,1882.99
Wooden Craft,Clay,95,1108,26.5,3.95,2945.49,3521,4023.5,0.93,4011.84
Metal Craft,Terracotta,1036,160,55.0,1.58,943.38,1186,1381.08,0.86,2811.18
Cane Furniture,Wood,412,522,15.4,2.82,3519.57,3805,4840.51,0.94,3724.51
Jute Bag,Jute,994,1121,24.76,0.93,2772.63,3207,3746.74,0.97,5015.06
Terracotta,Beads,1004,549,43.28,0.25,2433.19,2960,3582.58,0.78,3974.34
Metal Craft,Silk,1396,1186,49.51,1.68,549.12,654,819.78,0.93,4190.83
Jute Bag,Silk,430,418,7.59,3.94,3082.34,3603,4349.0,0.51,3396.85
Bamboo Basket,Cane,639,726,49.48,4.49,2046.44,2468,3203.86,0.71,3687.14
Embroidered Cloth,Clay,666,239,26.01,4.48,2433.06,2957,3553.57,0.32,3040.0
Handloom Saree,Wood,94,178,10.03,1.55,872.69,942,1059.67,0.45,1049.37
Cane Furniture,Cane,277,156,27.56,2.69,1740.09,2227,2395.43,0.89,2232.96
Metal Craft,Cane,1029,436,37.08,2.27,1300.06,1624,1888.83,0.25,3123.13
Handloom Saree,Cane,151,704,47.96,0.29,1384.26,1476,1765.95,0.83,2402.77
Cane Furniture,Terracotta,1318,1163,13.17,0.54,834.63,1099,1250.45,0.66,4038.99
Handmade Jewellery,Cane,645,212,49.54,0.4,1888.15,2288,2507.29,0.64,2601.89
Bamboo Basket,Jute,286,1062,41.78,1.14,1502.18,1996,2171.11,0.23,3189.11
Embroidered Cloth,Terracotta,1002,858,44.81,2.45,869.56,1061,1122.46,0.74,3418.42
Cane Furniture,Clay,1096,811,52.5,0.49,865.31,1118,1397.19,0.28,3472.18
Jute Bag,Beads,531,986,27.1,4.98,3519.5,3958,5062.17,0.63,4689.91
Metal Craft,Cotton,53,275,26.47,4.28,1629.96,1954,2459.34,0.58,1694.5
Cane Furniture,Bamboo,1118,73,24.85,3.09,3010.77,3656,4317.59,0.33,3819.73
Jute Bag,Clay,278,459,45.81,2.87,523.81,607,762.84,0.53,1868.58
Wooden Craft,Bamboo,1352,1039,27.58,0.29,3096.67,3788,4251.35,0.68,5515.13
Cane Furniture,Cane,857,1110,23.79,0.93,403.43,490,634.58,0.92,3314.27
Jute Bag,Clay,1251,725,46.72,0.75,909.9,1143,1483.2,0.42,3484.98
Wooden Craft,Beads,774,842,35.79,1.3,729.75,916,1133.85,0.25,2982.65
Wooden Craft,Bamboo,1175,293,34.48,3.96,876.58,1000,1175.44,0.73,2963.87
Terracotta,Cane,1489,461,7.96,1.46,1714.8,2088,2305.86,0.37,3873.36
Bamboo Basket,Jute,1055,702,19.64,1.6,541.79,640,677.39,0.4,2863.46
Pottery,Bamboo,201,1150,54.14,0.43,824.22,911,1142.36,0.6,2641.47
Pottery,Cotton,1338,244,51.72,4.18,2621.8,3199,3750.56,0.69,4331.51
Bamboo Basket,Bamboo,1127,456,21.02,3.84,244.02,264,304.98,0.84,2705.43
Pottery,Clay,1014,718,28.23,2.77,1103.99,1347,1532.79,0.57,3207.34
Jute Bag,Silk,628,964,55.64,2.0,856.78,924,1167.76,0.51,3234.12
Pottery,Cotton,860,96,22.72,4.67,1442.34,1552,1938.19,0.22,2327.24
Handmade Jewellery,Jute,745,560,16.77,0.31,2050.07,2667,3324.16,0.58,3511.35
Bamboo Basket,Wood,1492,1124,32.11,2.26,3274.61,3911,4453.46,0.78,5968.13
Handloom Saree,Brass,362,314,57.0,3.12,923.02,1062,1271.89,0.23,1953.16
Terracotta,Beads,201,757,14.7,3.53,3268.2,3711,3993.18,0.44,3476.33
Jute Bag,Cotton,1494,345,47.08,3.17,2357.92,2731,2987.69,0.32,4223.03
Handloom Saree,Cotton,698,332,31.75,4.25,3048.48,3884,4941.21,0.6,3872.96
Embroidered Cloth,Cane,597,55,21.53,3.91,1633.45,2006,2182.17,0.51,2327.84
Cane Furniture,Cane,1284,649,28.98,0.68,2812.93,3341,4046.06,0.61,4733.49
Bamboo Basket,Silk,1301,457,37.15,0.18,2855.69,3532,4495.36,0.21,4447.16
Bamboo Basket,Jute,143,980,30.98,2.15,2056.56,2451,2740.36,0.3,3239.78
Terracotta,Brass,456,865,12.92,3.25,2938.96,3533,4316.7,0.89,4160.2
Handmade Jewellery,Silk,285,693,24.51,4.48,2759.39,3450,3983.43,0.33,3619.09
Handmade Jewellery,Cane,463,165,10.88,4.72,2936.97,3710,4547.97,0.9,3227.26
Wooden Craft,Clay,473,572,5.1,4.2,3018.26,3184,3391.49,0.26,3186.99
Metal Craft,Brass,1069,936,41.79,4.76,1904.1,2353,2863.2,0.64,4487.42
Pottery,Wood,1312,1114,15.6,2.73,2770.55,3482,4394.54,0.24,5165.68
Handloom Saree,Terracotta,902,1026,35.19,1.36,694.67,761,876.21,0.59,3132.84
Jute Bag,Wood,595,109,58.38,2.19,2521.75,3219,3772.7,0.35,2928.83
Cane Furniture,Beads,1288,830,51.42,4.54,2021.96,2400,3092.43,0.37,4609.84
Jute Bag,Silk,91,321,59.79,1.75,2052.1,2244,2512.61,0.35,2260.42
Cane Furniture,Beads,1349,114,33.08,0.16,2779.08,3319,3898.26,0.99,4095.83
Embroidered Cloth,Silk,333,151,50.57,1.94,789.85,910,1126.93,0.39,1548.84
Handmade Jewellery,Silk,1078,939,34.91,3.73,2768.82,3136,3907.64,0.22,4727.22
Cane Furniture,Silk,1385,131,31.42,1.38,1014.9,1164,1287.07,0.74,2865.35
Embroidered Cloth,Wood,59,1014,54.7,2.63,2801.22,3444,4054.28,0.65,3749.96
Handmade Jewellery,Cane,312,719,20.36,0.96,2116.23,2765,3334.26,0.26,3115.56
Cane Furniture,Bamboo,52,1053,28.97,2.78,1040.55,1182,1495.85,0.51,2475.6
Pottery,Wood,283,1165,22.5,0.32,2912.93,3586,3911.29,0.5,4215.16
Embroidered Cloth,Cane,349,1025,10.39,4.01,238.95,293,344.0,0.36,2277.61
Handloom Saree,Beads,498,200,27.87,2.27,1868.25,2124,2285.93,0.5,2406.92
Bamboo Basket,Terracotta,114,345,32.8,2.27,2643.68,3499,4522.06,0.54,2800.72
Bamboo Basket,Terracotta,759,116,18.18,4.02,548.18,659,840.96,0.67,1813.43
Bamboo Basket,Cotton,848,783,45.37,0.59,1647.03,1969,2523.26,0.6,3741.95
Handloom Saree,Bamboo,983,933,54.78,2.32,308.08,372,445.41,0.49,3149.27
Wooden Craft,Silk,815,397,29.88,4.4,2609.4,3375,3722.0,0.28,3770.07
Pottery,Jute,1023,141,27.12,4.33,1857.75,2409,2789.27,0.42,3147.95
Cane Furniture,Cane,471,812,19.47,3.69,2137.69,2378,2579.26,0.33,3201.81
Jute Bag,Brass,368,1013,24.58,2.19,1042.06,1286,1636.53,0.54,3058.45
Handmade Jewellery,Cotton,593,202,53.95,1.29,358.38,394,466.89,0.47,1698.27
Bamboo Basket,Cane,276,163,13.59,2.01,651.81,742,817.24,0.99,1350.75
Handloom Saree,Bamboo,808,55,50.75,2.57,796.62,946,1001.85,0.94,2228.71
Embroidered Cloth,Cane,554,226,54.02,1.79,2195.0,2774,3215.63,0.34,2983.62
Handmade Jewellery,Silk,1416,630,47.46,1.51,952.64,1027,1228.74,0.51,3623.89
Cane Furniture,Bamboo,1195,215,33.83,3.09,1102.65,1248,1436.4,0.73,2878.07
Terracotta,Cane,648,204,54.46,3.65,2786.75,3583,3881.14,0.36,3563.67
Bamboo Basket,Brass,1089,225,14.7,2.39,1544.35,1967,2524.01,0.26,2978.63
Jute Bag,Brass,1491,446,33.2,4.17,1730.62,1945,2365.83,0.81,4043.33
Handmade Jewellery,Cotton,1291,704,58.36,3.1,1734.41,2273,2409.1,0.3,4337.4
Metal Craft,Brass,1214,574,48.69,3.22,946.32,1124,1363.82,0.65,3601.94
Handloom Saree,Cotton,272,946,51.11,2.52,1707.31,1948,2517.27,0.89,3271.9
Cane Furniture,Beads,651,1043,50.84,3.12,3417.25,3622,4329.78,0.28,4275.04
Wooden Craft,Cotton,115,250,40.15,0.67,1161.62,1225,1344.86,0.9,1628.39
Jute Bag,Cotton,1002,862,45.55,0.78,1068.04,1340,1635.07,0.92,3657.94
Jute Bag,Terracotta,1126,58,58.85,3.81,1965.45,2546,3007.0,0.91,3467.91
Bamboo Basket,Cotton,509,72,51.1,0.34,2511.48,3308,3676.86,0.54,2886.86
Pottery,Jute,609,557,7.24,1.57,581.89,743,891.26,0.61,2253.19
Terracotta,Brass,799,1091,48.53,2.81,968.92,1233,1432.46,0.23,3578.76
Metal Craft,Cotton,625,594,38.69,1.78,1777.52,2322,2804.27,0.21,3287.34
Wooden Craft,Beads,241,801,15.12,1.14,221.52,248,304.33,1.0,1961.33
Metal Craft,Wood,536,379,59.64,2.56,2122.02,2703,3412.51,0.86,3311.58
Metal Craft,Beads,167,838,6.44,0.37,3130.66,3424,3789.76,0.64,3361.11
Jute Bag,Silk,257,928,54.18,0.9,1350.71,1762,2190.26,0.59,3017.39
Jute Bag,Brass,121,672,46.85,4.48,3123.22,3722,4656.43,0.28,3440.53
Jute Bag,Clay,260,376,10.71,3.84,2596.24,3300,3835.09,1.0,3124.74
Handmade Jewellery,Brass,1450,534,58.25,4.54,3328.32,3517,4505.46,0.84,5054.44
Handloom Saree,Cane,116,675,52.6,2.03,3486.17,3874,5028.47,0.72,3732.36
Handloom Saree,Jute,617,673,53.62,2.08,318.3,420,495.51,0.48,2206.3
Terracotta,Beads,269,948,54.57,2.63,680.35,900,1042.66,0.52,2471.77
Cane Furniture,Terracotta,556,619,17.83,1.73,286.01,371,441.99,0.77,2144.55
Wooden Craft,Bamboo,1028,1095,52.0,0.3,3188.84,3615,4007.76,0.42,5181.29
Pottery,Beads,587,93,57.73,1.24,552.08,698,830.51,0.68,1867.55
Jute Bag,Clay,588,421,11.5,4.28,1130.43,1242,1574.82,0.61,2357.05
Wooden Craft,Silk,89,1112,25.46,4.06,3090.65,3393,3985.62,0.44,3913.38
Embroidered Cloth,Bamboo,1334,930,48.14,1.34,2275.49,2462,2612.34,0.41,4652.44
Embroidered Cloth,Terracotta,1100,644,41.37,1.83,2829.76,3607,4583.21,0.26,4622.75
Bamboo Basket,Brass,909,344,7.99,4.48,2131.33,2831,3611.53,0.75,3585.72
Cane Furniture,Jute,1464,359,32.8,3.31,181.47,215,241.93,0.55,2802.61
Embroidered Cloth,Terracotta,1090,175,5.96,2.04,2811.81,3168,3984.97,0.36,3660.14
Embroidered Cloth,Silk,783,606,51.16,3.91,1958.04,2438,2838.55,0.83,3756.73
Metal Craft,Beads,366,51,59.63,3.61,1772.76,2017,2506.67,0.72,2183.17
Pottery,Terracotta,802,977,29.39,2.22,1868.51,2414,2743.56,0.35,3928.49
Terracotta,Cotton,562,199,36.05,4.41,1419.02,1750,1959.42,0.48,2282.56
Cane Furniture,Jute,544,773,49.33,4.24,2035.94,2588,3241.5,0.58,3592.53
Handmade Jewellery,Wood,1393,1179,59.23,4.8,468.21,556,672.27,0.9,4188.76
Bamboo Basket,Silk,965,192,31.48,3.52,1047.08,1107,1251.28,0.93,2612.65
Handmade Jewellery,Cotton,1455,390,24.83,4.04,997.46,1257,1365.27,0.83,3484.28
Pottery,Clay,1249,1073,39.67,2.55,1238.26,1346,1478.31,0.85,4202.39
Jute Bag,Beads,790,1176,33.05,1.25,951.59,1048,1105.9,0.95,3647.15
Terracotta,Brass,1247,585,11.84,2.99,2402.1,3033,3233.29,0.91,4477.84
Cane Furniture,Brass,1133,665,43.49,3.97,3712.4,3948,4865.74,0.31,4931.61
Handmade Jewellery,Cotton,642,221,6.98,2.44,678.39,868,1007.72,0.36,1870.46
Terracotta,Beads,1085,467,22.16,0.1,2349.8,3078,3656.05,0.54,4026.85
Jute Bag,Clay,1329,473,22.12,2.59,732.5,944,1132.42,0.95,3228.52
Handloom Saree,Terracotta,525,150,49.36,0.69,1827.05,2169,2382.52,0.39,2360.56
Wooden Craft,Clay,864,289,11.4,2.8,2406.92,2615,2933.08,0.26,3108.35
Metal Craft,Clay,145,474,23.66,2.22,1334.26,1480,1580.83,0.26,1942.57
Handloom Saree,Wood,776,164,18.73,3.73,963.74,1059,1146.02,0.26,2050.13
Bamboo Basket,Silk,1259,283,30.52,2.3,3063.49,3864,4150.2,0.28,4417.39
Wooden Craft,Bamboo,692,58,9.63,4.05,2464.52,2897,3207.9,0.72,2998.32
Pottery,Terracotta,867,308,39.06,1.73,870.47,1121,1398.61,0.91,2634.89
Metal Craft,Beads,734,208,56.86,1.93,1374.44,1814,2308.18,0.84,2805.86
Wooden Craft,Terracotta,241,406,51.35,4.99,2790.6,3612,4633.81,0.75,3408.16
Wooden Craft,Silk,279,752,56.84,3.45,627.93,721,888.42,0.24,2208.06
Jute Bag,Brass,1417,148,50.43,4.74,1198.99,1436,1696.89,0.43,3124.51
Wooden Craft,Jute,69,591,13.52,3.82,1467.56,1915,2241.86,0.92,2381.37
Handmade Jewellery,Wood,428,989,46.29,0.52,1506.59,1980,2541.51,0.37,3254.36
Bamboo Basket,Beads,379,318,27.56,0.27,2342.81,2575,3155.86,0.27,2530.77
Jute Bag,Jute,1109,393,27.44,4.12,3494.38,3983,5057.37,0.44,4517.49
Handmade Jewellery,Cotton,694,336,51.09,1.65,1342.99,1504,1741.16,0.36,2637.22
Metal Craft,Silk,478,1031,21.28,4.61,175.06,208,262.33,0.93,2526.0
Handloom Saree,Silk,783,447,12.99,1.08,843.97,911,1087.84,0.92,2569.3
Cane Furniture,Wood,808,934,41.04,0.84,3551.44,3906,4904.24,0.57,4940.51
Embroidered Cloth,Bamboo,76,430,15.22,2.79,1477.28,1696,2025.94,0.75,1972.58
Bamboo Basket,Terracotta,660,271,35.61,3.53,1487.63,1787,2121.84,0.3,2646.14
Bamboo Basket,Terracotta,1378,554,52.77,3.78,1975.22,2115,2548.58,0.49,4156.12
Metal Craft,Wood,615,869,54.09,3.79,1053.3,1274,1394.55,0.87,3336.31
Metal Craft,Beads,1475,1137,48.26,2.68,1063.19,1125,1284.35,0.53,4602.83
Bamboo Basket,Wood,64,944,17.01,4.17,642.87,738,893.93,0.36,2093.01
Embroidered Cloth,Jute,708,743,15.93,3.93,469.95,508,631.17,0.61,2462.25
Embroidered Cloth,Jute,1451,501,17.95,1.39,1460.45,1842,2371.67,0.7,3856.4
Handloom Saree,Brass,1221,136,20.05,1.98,1789.45,2350,2519.06,0.51,3313.8
Cane Furniture,Cotton,964,458,38.49,3.49,1562.17,1768,2185.97,0.24,3142.43
Metal Craft,Beads,461,84,43.79,4.83,1846.05,2272,2803.87,0.82,2416.77
Wooden Craft,Bamboo,635,616,52.86,4.83,2681.27,2876,3370.39,0.94,3832.93
Bamboo Basket,Wood,239,112,40.17,2.51,1509.06,1954,2138.54,0.6,2015.1
Bamboo Basket,Jute,1120,333,44.01,1.31,3468.22,3891,4142.26,0.48,4431.99
Handloom Saree,Silk,795,581,19.93,4.09,411.25,525,656.69,0.23,2437.98
Handmade Jewellery,Cane,89,400,27.0,4.97,1612.23,1772,2302.1,0.39,1986.0
Jute Bag,Cotton,495,1132,44.41,4.26,2356.17,2722,3520.89,0.7,4175.17
Wooden Craft,Silk,1337,804,15.85,1.29,1271.84,1537,1643.46,0.31,3880.39
Bamboo Basket,Beads,188,68,8.97,4.59,2373.35,3142,3583.97,0.84,2510.05
Jute Bag,Wood,203,602,41.05,1.4,1244.42,1317,1690.39,0.3,2177.23
Metal Craft,Silk,212,813,59.61,2.29,2861.1,3205,3949.18,0.79,3662.43
Pottery,Wood,1134,981,24.19,4.57,2301.28,2545,3014.94,0.25,4544.78
Metal Craft,Cane,846,497,18.28,1.91,578.68,703,911.6,0.25,2425.89
Handmade Jewellery,Silk,1280,338,16.02,4.91,1997.94,2649,3212.64,0.39,3813.33
Embroidered Cloth,Wood,1093,1057,53.57,2.84,2852.6,3273,4120.26,0.52,5056.57
Pottery,Beads,722,655,52.29,1.25,227.55,259,281.85,0.99,2523.2
Terracotta,Cane,1234,313,31.32,2.89,1331.63,1444,1860.38,0.79,3286.38
Bamboo Basket,Bamboo,871,757,35.28,3.45,660.06,861,1010.43,0.7,3103.91
Handloom Saree,Cane,192,542,46.95,4.71,3604.78,3834,4078.2,0.43,3453.71
Cane Furniture,Jute,862,1020,57.46,4.27,812.16,987,1075.05,0.6,3614.35
Embroidered Cloth,Wood,728,183,37.54,1.69,440.4,534,575.87,0.86,1765.17
Wooden Craft,Brass,92,1178,12.09,3.81,2664.66,2984,3647.85,0.91,3972.26
Metal Craft,Silk,1323,558,41.44,4.21,2944.42,3582,4604.79,0.96,5099.77
Terracotta,Silk,1399,357,59.67,0.45,3511.51,3863,4815.52,0.27,4724.2
Jute Bag,Jute,410,917,26.0,0.89,2538.03,3149,3931.71,0.84,3983.35
Jute Bag,Wood,1093,507,28.21,2.91,2890.97,3306,4011.25,0.22,4166.25
Metal Craft,Bamboo,661,1195,15.16,1.45,2432.22,2876,3453.01,0.65,4337.65
Bamboo Basket,Cotton,190,688,57.87,3.69,1482.62,1773,1940.14,0.99,2716.06
Handloom Saree,Silk,1166,690,56.26,0.52,296.49,360,392.56,0.51,3011.23
Metal Craft,Bamboo,1243,283,32.6,1.66,2092.5,2505,2872.75,0.72,3741.14
Pottery,Silk,1486,762,54.36,3.74,1550.41,1690,2160.27,0.95,4518.05
Bamboo Basket,Wood,62,117,28.67,4.57,966.36,1265,1391.7,0.54,1283.41
Metal Craft,Cotton,137,679,53.55,3.49,1189.08,1422,1513.03,0.8,2333.63
Cane Furniture,Brass,464,504,26.88,3.15,285.4,358,457.5,0.73,1795.66
Handmade Jewellery,Cane,555,876,14.22,3.74,426.26,505,608.92,0.49,2351.41
Embroidered Cloth,Brass,1485,991,48.19,0.71,3144.24,3371,3548.57,0.31,5440.99
Embroidered Cloth,Wood,803,781,6.42,4.79,2728.75,3004,3479.85,0.58,4086.41
Handmade Jewellery,Terracotta,682,806,42.21,4.41,2021.14,2286,2465.78,0.89,3728.03
Handmade Jewellery,Cotton,434,58,42.14,1.49,227.62,296,335.2,0.7,1240.51
Pottery,Clay,856,806,59.28,4.58,1934.98,2066,2674.07,0.51,3799.41
Embroidered Cloth,Terracotta,779,950,10.7,2.21,370.64,481,616.41,0.27,2686.31
Handmade Jewellery,Wood,274,663,8.38,4.77,2523.96,3312,3528.99,0.44,3283.82
Pottery,Wood,1393,702,53.47,3.29,3085.71,3366,4260.89,0.3,4997.37
Handloom Saree,Wood,708,1094,40.0,2.88,457.23,568,602.05,0.41,3066.09
Handmade Jewellery,Bamboo,1158,861,56.12,0.84,364.28,391,504.54,0.28,3130.55
Metal Craft,Jute,194,966,24.0,3.41,1197.22,1476,1699.28,0.81,2787.54
Embroidered Cloth,Cotton,1219,104,14.04,3.59,953.0,1129,1199.04,0.45,2603.39
Handloom Saree,Silk,297,181,45.26,4.43,2323.33,2453,2585.0,0.78,2553.32
Embroidered Cloth,Beads,1205,1136,33.81,2.94,3455.02,3724,4088.83,0.42,5446.94
Handmade Jewellery,Silk,735,877,29.58,0.88,2276.68,2453,2719.56,0.42,3723.13
Metal Craft,Silk,1291,555,53.51,3.88,2727.81,3336,3947.55,0.94,4666.55
Handloom Saree,Cane,909,482,29.89,0.12,369.6,433,462.16,0.24,2213.47
Metal Craft,Bamboo,210,223,32.44,1.98,1939.72,2223,2609.42,0.73,2141.83
Handmade Jewellery,Terracotta,1074,572,59.86,4.57,1174.14,1305,1396.83,0.6,3454.56
Terracotta,Bamboo,850,786,21.16,4.88,285.84,352,444.88,0.82,2788.25
Embroidered Cloth,Terracotta,1285,102,35.31,2.71,741.49,840,1079.8,0.84,2764.83
Metal Craft,Cotton,1044,127,49.26,4.78,1314.23,1432,1803.94,0.78,2800.2
Embroidered Cloth,Wood,523,803,21.0,1.71,446.87,480,604.57,0.39,2453.77
Handloom Saree,Bamboo,555,695,59.35,4.89,3427.48,3782,4257.13,0.95,4410.6
Jute Bag,Wood,605,955,44.71,1.79,788.41,948,1045.62,0.91,3092.1
Handloom Saree,Cane,1340,779,12.08,1.59,1740.77,2001,2462.24,0.31,4117.13
Terracotta,Clay,1019,400,38.85,1.12,1988.43,2400,2854.67,0.98,3632.14
Jute Bag,Terracotta,1095,1186,19.13,3.72,999.11,1118,1237.57,0.59,4170.28
Terracotta,Cotton,640,563,49.4,1.28,2371.1,2815,3443.38,0.97,3616.4
Terracotta,Jute,1405,93,18.79,1.08,1608.16,2129,2492.38,0.52,3352.3
Metal Craft,Terracotta,538,67,18.0,0.94,302.33,320,411.37,0.8,1274.42
Wooden Craft,Silk,571,577,52.65,0.38,768.99,908,1117.76,0.76,2475.44
Embroidered Cloth,Brass,1277,792,51.2,2.5,984.94,1146,1377.77,0.28,3867.25
Handloom Saree,Jute,1042,458,6.14,4.57,2252.79,2865,3072.21,0.85,3869.27
Wooden Craft,Jute,556,499,50.52,3.56,1695.79,2027,2454.46,0.44,2766.17
Embroidered Cloth,Brass,970,388,54.49,3.21,1598.46,2034,2253.4,0.21,3144.88
Wooden Craft,Cotton,1269,210,39.17,1.99,1741.62,2192,2743.3,0.26,3479.01
Cane Furniture,Cotton,340,479,29.9,3.81,2605.76,2843,3356.98,0.69,3191.0
Terracotta,Clay,90,433,59.89,2.7,2603.02,2961,3234.89,0.21,2677.2
Handloom Saree,Clay,1219,947,13.33,1.47,3452.47,3828,4416.23,0.95,5297.55
Handmade Jewellery,Bamboo,454,92,41.26,1.09,3056.67,3380,3958.14,0.6,2893.58
Wooden Craft,Bamboo,579,118,41.62,2.63,278.2,332,355.53,0.37,1287.31
Jute Bag,Clay,313,670,6.06,0.52,325.96,350,421.34,0.32,1783.26
Jute Bag,Brass,624,131,46.25,0.4,339.47,435,469.8,0.62,1578.52
Metal Craft,Terracotta,200,752,44.78,3.52,208.26,223,280.78,0.5,1898.14
Cane Furniture,Beads,647,1098,30.42,2.94,2056.8,2400,2911.89,0.42,4024.17
Bamboo Basket,Clay,1342,229,45.69,0.79,1100.75,1284,1606.67,0.46,2971.2
Handmade Jewellery,Brass,874,455,46.12,1.12,505.83,533,623.05,0.77,2432.48
Cane Furniture,Bamboo,95,271,16.95,2.17,813.33,967,1237.59,0.81,1318.14
Bamboo Basket,Brass,1281,1031,44.18,1.75,2769.02,3397,3723.65,0.83,5347.19
Embroidered Cloth,Wood,314,960,17.42,2.33,1764.62,1978,2110.43,0.5,2947.77
Jute Bag,Bamboo,1299,277,25.26,0.62,667.03,764,886.34,0.38,2746.61
Jute Bag,Beads,891,207,38.78,3.43,2300.08,3018,3439.78,0.67,3498.67
Metal Craft,Jute,708,811,52.95,4.82,1781.64,2147,2477.15,0.58,3650.51
Handmade Jewellery,Beads,885,949,15.33,2.59,1327.16,1458,1828.93,0.55,3533.2
Wooden Craft,Cane,59,258,23.36,1.16,3091.53,3454,3949.56,0.43,2613.32
Pottery,Jute,1456,628,46.72,3.41,1439.18,1661,1931.94,0.65,4075.87
Handmade Jewellery,Clay,674,883,26.12,1.72,2432.44,2817,3005.7,0.88,4046.84
Jute Bag,Terracotta,784,770,20.1,4.52,138.75,170,188.08,0.82,2573.7
Terracotta,Jute,1388,936,40.8,3.75,262.37,284,323.08,0.53,3530.24
Bamboo Basket,Brass,450,958,33.7,3.69,1493.16,1771,2017.89,0.53,3221.57
Pottery,Wood,847,743,40.92,4.29,616.12,742,912.61,0.66,2958.5
Jute Bag,Cane,1140,676,47.12,3.37,2680.01,3198,3766.89,0.42,4450.54
Embroidered Cloth,Jute,776,191,34.21,0.72,3096.49,3631,3906.12,0.86,3645.22
Embroidered Cloth,Wood,1424,854,15.21,4.09,3068.43,3866,4988.24,0.21,5318.91
Jute Bag,Beads,1408,762,54.93,2.34,2581.23,2762,3094.13,0.64,4715.83
Cane Furniture,Cotton,117,274,10.06,1.74,3536.99,3828,4283.93,0.35,2750.41
Embroidered Cloth,Cotton,1266,1060,23.63,1.46,697.36,774,910.13,0.36,3779.85
Jute Bag,Terracotta,257,462,18.28,0.8,714.21,889,996.78,0.71,1670.14
Pottery,Beads,1117,559,24.36,2.18,1011.11,1270,1602.48,0.56,3244.22
Bamboo Basket,Cotton,609,1105,35.73,0.27,1463.96,1553,1974.71,0.48,3310.84
Embroidered Cloth,Jute,235,211,23.62,3.07,1402.24,1629,1958.35,0.86,1891.72
Handloom Saree,Cotton,684,615,15.6,1.73,550.49,703,800.3,0.41,2496.6
Bamboo Basket,Wood,575,879,9.57,3.47,2527.42,2853,3467.68,0.93,3825.62
Jute Bag,Clay,1028,453,17.79,2.48,1372.23,1697,2014.59,0.48,3020.19
Embroidered Cloth,Jute,103,296,10.55,4.13,3347.76,3926,4580.51,0.26,2949.63
Jute Bag,Cane,669,1176,33.91,4.94,2537.88,2979,3268.69,0.34,4562.32
Terracotta,Silk,305,570,10.04,2.34,769.26,872,1133.02,0.91,2112.86
Cane Furniture,Terracotta,638,1195,47.7,0.86,1677.98,1815,2209.31,0.3,3906.22
Terracotta,Jute,113,261,52.42,2.48,3592.08,3878,4181.68,0.75,3139.83
Handloom Saree,Jute,1099,808,52.38,4.34,828.67,979,1217.73,0.7,3559.48
Jute Bag,Terracotta,311,59,8.86,3.35,1979.03,2321,2948.65,0.7,1934.05
Handmade Jewellery,Silk,1109,319,20.25,1.62,1360.43,1536,1974.99,0.32,2837.7
Metal Craft,Cane,738,177,31.8,3.3,214.9,250,318.96,0.94,2036.53
Handmade Jewellery,Bamboo,463,117,8.97,0.17,774.72,1020,1215.23,0.87,1670.15
Handmade Jewellery,Jute,1411,170,21.49,4.29,1859.87,2308,2614.67,0.43,3531.75
Metal Craft,Jute,253,576,59.55,0.63,2166.87,2392,2697.89,0.93,3040.62
Terracotta,Clay,840,1171,26.29,3.13,1177.03,1336,1516.16,0.46,3714.78
Jute Bag,Silk,1271,752,51.32,4.31,526.94,688,725.81,0.24,3495.02
Pottery,Beads,1430,463,56.03,4.57,498.12,578,725.63,0.35,3276.67
Cane Furniture,Beads,409,816,33.78,4.3,2753.55,2955,3549.16,0.76,3656.18
Handmade Jewellery,Silk,710,147,15.91,4.44,216.14,236,297.22,0.29,1484.43
Handmade Jewellery,Terracotta,546,661,10.21,3.72,2172.47,2395,2758.24,0.82,3319.62
Pottery,Jute,1419,65,48.62,3.49,3322.89,3866,4501.9,0.65,4625.47
Metal Craft,Wood,1487,985,9.57,3.76,467.99,595,762.1,0.91,3800.36
Cane Furniture,Cane,1399,1094,18.55,4.98,2205.03,2715,3175.12,0.91,5395.89
Cane Furniture,Cotton,1215,1072,27.59,4.55,505.94,587,749.17,0.85,3816.76
Terracotta,Jute,368,267,33.91,3.88,2122.23,2456,2873.97,0.39,2599.78
Jute Bag,Cotton,802,294,28.94,4.45,985.73,1312,1594.71,0.42,2452.14
Pottery,Silk,310,439,56.32,2.77,421.05,557,705.72,0.4,1652.13
Jute Bag,Cotton,1046,317,31.4,4.05,3359.67,3594,4534.64,0.52,4049.65
Handloom Saree,Clay,193,690,19.95,4.54,1592.0,1752,1973.15,0.43,2579.79
Embroidered Cloth,Cane,129,1056,38.41,3.65,1360.76,1654,2059.12,0.26,2883.31
Jute Bag,Brass,1098,618,7.88,2.54,2026.9,2316,2670.86,0.94,4074.81
Jute Bag,Terracotta,489,624,15.59,2.49,1024.32,1352,1634.51,0.58,2495.19
Metal Craft,Cotton,349,577,16.86,4.93,2831.21,3655,4154.41,0.25,3435.83
Pottery,Cotton,1316,638,31.7,4.66,992.17,1194,1447.81,0.95,3641.37
Bamboo Basket,Bamboo,960,909,51.33,2.66,1157.25,1444,1714.45,0.79,3715.53
Pottery,Wood,1116,120,34.93,4.88,2532.95,3036,3312.18,0.68,3661.4
Wooden Craft,Clay,378,1075,27.51,3.1,2366.31,2685,2914.86,0.81,3935.66
Cane Furniture,Jute,857,597,12.24,3.48,1005.92,1318,1447.36,0.91,2986.09
Jute Bag,Clay,632,597,5.11,2.8,2323.91,2776,3231.52,0.48,3182.0
Metal Craft,Cane,624,1151,30.12,2.7,1084.81,1288,1509.53,0.63,3495.71
Bamboo Basket,Silk,351,966,12.28,1.57,1370.12,1449,1754.15,0.56,2859.06
Terracotta,Wood,844,908,38.38,4.04,1561.01,1950,2512.86,0.44,3810.6
Cane Furniture,Cotton,664,152,9.25,3.8,2354.19,2944,3160.37,0.44,2853.84
Cane Furniture,Wood,485,851,33.25,1.68,247.26,261,284.56,0.86,2375.97
Wooden Craft,Cotton,243,103,55.42,1.72,1600.95,1761,1941.24,0.52,1902.91
Pottery,Brass,140,395,6.96,1.73,2771.0,3262,4229.77,0.61,2731.48
Terracotta,Wood,353,160,10.97,4.46,2170.09,2728,3474.54,0.34,2520.14
Jute Bag,Brass,1253,852,9.54,0.64,1155.54,1281,1345.83,0.29,3581.81
Embroidered Cloth,Bamboo,729,538,29.14,0.53,3000.65,3191,3834.92,0.81,3738.96
Bamboo Basket,Brass,761,340,30.29,2.95,3008.26,3343,3994.06,0.9,3622.95
Bamboo Basket,Terracotta,1076,1103,36.05,1.7,3044.21,3443,4458.84,0.63,5173.3
Metal Craft,Clay,810,1176,37.69,1.34,1053.87,1306,1427.77,0.57,3856.1
Jute Bag,Beads,1240,394,11.99,4.05,2820.17,3481,4110.43,0.69,4353.85
Pottery,Brass,945,295,9.54,3.96,1505.08,1638,1954.27,0.44,2825.37
Bamboo Basket,Bamboo,406,595,30.74,2.69,3249.97,3448,4482.38,0.84,3790.88
Bamboo Basket,Brass,1169,659,21.67,0.46,3264.29,3466,4349.48,0.68,4560.99
Terracotta,Terracotta,521,677,57.15,0.5,3728.02,3962,5102.5,0.65,4182.34
Jute Bag,Clay,840,1018,58.12,4.54,1820.54,2201,2778.91,0.99,4422.79
Wooden Craft,Brass,179,1074,32.35,0.53,1665.32,1845,2318.76,0.54,3111.94
Terracotta,Terracotta,501,651,42.0,4.11,2833.16,3149,3584.41,0.8,3745.75
Wooden Craft,Silk,701,956,6.5,0.64,867.94,1099,1309.67,0.2,2951.5
Terracotta,Silk,1334,767,18.91,3.87,1334.26,1518,1835.53,0.24,3816.41
Handmade Jewellery,Clay,1154,738,36.23,2.09,3609.41,3833,4765.49,0.53,4948.51
Handmade Jewellery,Beads,1056,917,50.65,4.9,407.53,534,612.12,0.31,3257.34
Metal Craft,Brass,381,1131,40.38,4.79,2040.11,2419,2715.68,0.71,3923.97
Metal Craft,Cane,150,574,56.58,2.92,1301.44,1694,2149.25,0.74,2526.19
Wooden Craft,Clay,1283,243,50.63,4.55,680.48,879,1037.32,0.28,2799.33
Handloom Saree,Brass,103,1166,29.54,1.78,2192.54,2373,2597.76,0.54,3409.4
Pottery,Terracotta,153,515,25.85,2.77,2437.91,3190,3691.16,0.99,3063.31
Pottery,Cotton,941,445,41.52,2.64,1409.75,1673,1757.25,0.64,3212.36
Handmade Jewellery,Terracotta,266,430,53.57,0.77,2429.31,2705,3316.85,0.74,2873.08
Terracotta,Terracotta,568,1078,18.17,2.29,334.72,391,449.02,0.71,2706.19
Terracotta,Beads,1144,313,22.87,3.75,2515.59,2984,3772.24,0.35,3862.19
Embroidered Cloth,Cotton,110,1131,34.92,1.62,2673.97,3253,3432.45,0.23,3686.5
Wooden Craft,Wood,1357,378,35.74,3.56,1638.28,1864,2042.33,0.96,3846.27
Embroidered Cloth,Jute,997,240,37.32,3.69,2546.35,2722,3516.1,0.53,3606.16
Embroidered Cloth,Terracotta,841,716,21.05,0.29,200.15,218,263.77,0.21,2308.81
Embroidered Cloth,Cane,1344,132,44.21,1.89,421.28,450,583.92,0.54,2403.39
Cane Furniture,Clay,1251,54,19.66,4.47,520.56,580,691.13,0.73,2348.93
Bamboo Basket,Terracotta,1300,502,44.0,2.51,1680.83,2103,2545.08,0.32,3842.7
Cane Furniture,Clay,435,725,33.77,1.61,3257.05,3667,4209.62,0.5,3779.65
Jute Bag,Wood,1338,947,41.86,2.53,1078.48,1283,1517.39,0.25,4031.78
Handloom Saree,Wood,444,1112,37.6,3.45,1801.22,1905,2405.19,0.76,3675.7
Wooden Craft,Bamboo,1142,1182,29.77,1.14,2774.04,3049,3332.9,0.92,5095.44
Terracotta,Clay,294,833,27.96,0.43,2455.86,2656,3420.93,0.48,3298.65
Handloom Saree,Brass,1435,131,30.22,2.44,320.56,387,488.6,0.2,2407.82
Metal Craft,Cotton,412,57,54.98,3.34,1037.07,1123,1195.83,0.45,1679.13
Cane Furniture,Bamboo,765,526,26.49,1.23,2066.54,2557,2801.49,0.36,3285.12
Embroidered Cloth,Bamboo,1259,140,42.2,0.41,1921.88,2039,2243.82,0.43,3324.63
Wooden Craft,Beads,343,295,28.72,1.16,2097.51,2549,2731.52,0.45,2469.02
Handloom Saree,Beads,548,1182,20.1,0.32,341.11,427,548.97,0.54,2708.37
Pottery,Wood,392,430,30.42,2.16,1313.53,1446,1660.83,0.75,2199.12
Terracotta,Jute,529,897,7.25,3.31,3149.83,3800,4120.36,0.28,4173.68
Terracotta,Cotton,1010,873,49.59,2.72,2436.46,2855,3373.7,0.44,4477.87
Metal Craft,Cotton,206,361,52.3,2.29,3394.74,3841,4653.13,0.41,3291.41
Bamboo Basket,Beads,235,92,40.22,1.16,2588.6,3240,3489.45,0.94,2732.5
Pottery,Clay,1283,365,55.53,4.76,1310.58,1727,2059.16,0.8,3582.91
Metal Craft,Clay,904,489,35.78,4.36,204.24,265,301.24,0.54,2511.39
Cane Furniture,Silk,108,765,54.84,3.79,168.18,200,259.8,0.5,1767.74
Bamboo Basket,Clay,955,377,37.15,3.99,2799.51,3472,3867.23,0.52,3924.77
Handmade Jewellery,Jute,1406,1064,10.55,0.37,866.69,1081,1363.06,0.79,4205.08
Terracotta,Jute,123,1189,19.88,2.96,2744.29,3312,4253.1,0.71,4038.03
Bamboo Basket,Clay,1309,1115,31.05,1.98,3253.99,3908,4406.54,0.29,5694.28
Pottery,Jute,1201,1058,39.05,0.64,400.08,473,602.26,0.64,3583.64
Handloom Saree,Brass,1310,117,8.73,0.25,1910.12,2110,2320.72,0.41,3044.17
Metal Craft,Silk,457,518,38.45,1.12,2535.74,2711,3360.33,0.78,3205.51
Embroidered Cloth,Jute,1369,741,51.86,0.21,452.98,484,515.75,0.51,3331.37
Bamboo Basket,Wood,281,845,58.9,4.88,2010.26,2133,2638.93,0.31,3100.19
Cane Furniture,Beads,718,382,42.24,2.49,2093.41,2313,2473.72,0.71,3142.34
Cane Furniture,Cane,529,975,49.83,0.35,3129.79,3847,4126.42,0.84,4640.75
Jute Bag,Cane,1070,285,18.15,3.74,1514.32,1946,2256.03,0.86,3327.21
Handmade Jewellery,Bamboo,1303,931,43.58,1.96,1420.87,1876,2093.8,0.4,4219.63
Embroidered Cloth,Clay,167,688,51.32,4.04,3094.8,3520,4164.53,0.83,3643.6
Wooden Craft,Bamboo,1092,1093,5.9,3.25,2041.37,2351,2971.68,0.26,4348.23
Bamboo Basket,Cane,403,536,5.84,4.34,2305.18,3049,3653.47,0.49,3167.51
Jute Bag,Beads,364,161,47.28,2.56,1323.57,1436,1811.4,0.37,1953.08
Terracotta,Clay,735,296,30.11,0.74,2757.44,3379,3795.84,0.76,3577.94
Metal Craft,Silk,775,742,24.08,2.82,381.72,468,564.22,0.25,2562.3
Jute Bag,Silk,434,797,12.44,2.03,3193.78,3399,4257.39,0.75,3820.86
Wooden Craft,Silk,55,740,56.76,0.29,3720.65,3979,4615.75,0.3,3664.13
Metal Craft,Terracotta,704,604,48.63,2.72,551.1,599,661.95,0.28,2551.86
Terracotta,Silk,514,959,13.68,2.83,2847.72,3204,3832.18,0.81,4046.28
Terracotta,Cotton,1328,458,11.63,2.08,2999.2,3160,4000.46,0.57,4425.0
Handmade Jewellery,Cotton,895,287,5.24,1.42,1978.38,2192,2426.5,0.69,3053.98
Cane Furniture,Brass,1196,1021,22.93,0.28,2513.9,3112,3575.81,0.75,4906.79
Jute Bag,Terracotta,456,381,24.91,0.19,2513.42,2866,3539.85,0.33,2801.18
Cane Furniture,Beads,75,572,20.91,3.34,1798.81,1901,2462.0,0.77,2379.89
Metal Craft,Cane,259,234,11.8,3.25,876.19,1040,1324.03,0.77,1546.29
Pottery,Silk,741,349,50.67,3.85,2748.45,3596,4093.36,0.65,3842.7
Handloom Saree,Clay,1401,1148,40.1,0.75,585.39,758,910.0,0.43,4051.73
Metal Craft,Cane,418,78,39.33,2.85,3095.22,3421,4236.45,0.65,2866.54
Bamboo Basket,Terracotta,1404,828,31.13,0.95,2978.21,3404,3962.16,0.32,5067.06
Jute Bag,Cotton,1113,271,29.52,1.6,921.18,1076,1245.16,0.85,2717.05
Pottery,Jute,876,649,30.65,2.57,1037.8,1222,1446.87,0.93,3203.04
Handmade Jewellery,Jute,606,1067,38.45,3.04,1325.14,1661,1848.07,0.46,3540.3
Cane Furniture,Cane,736,420,48.05,3.01,2867.17,3782,4782.05,0.22,3953.1
Handloom Saree,Brass,1241,1187,33.95,0.48,1050.37,1330,1449.08,0.27,4139.0
Bamboo Basket,Brass,973,451,12.83,0.55,1160.05,1246,1603.69,0.96,2819.99
Handloom Saree,Bamboo,724,315,7.52,1.3,2883.27,3827,4245.4,0.65,3777.18
Terracotta,Bamboo,371,470,18.65,2.04,431.34,495,578.9,0.96,1791.16
Handloom Saree,Terracotta,467,1102,28.36,3.37,690.44,915,1064.99,0.47,2895.27
Bamboo Basket,Silk,1265,137,13.57,3.69,3264.22,3553,4498.87,0.59,4166.35
Handmade Jewellery,Brass,537,1093,23.61,4.27,2394.21,2925,3484.05,0.94,4246.26
Jute Bag,Bamboo,1098,929,17.9,3.56,955.25,1087,1323.83,0.23,3437.58
Pottery,Brass,131,652,41.09,4.98,2888.84,3483,4362.14,0.37,3384.63
Jute Bag,Bamboo,1134,1168,30.09,4.32,1301.45,1519,1891.62,0.4,4173.05
Wooden Craft,Wood,1429,679,37.02,1.95,1514.79,1810,2094.3,0.53,4087.64
Metal Craft,Cane,445,1135,36.28,1.94,3404.06,3620,4429.46,0.36,4441.18
Pottery,Jute,1467,315,52.58,3.67,3246.26,3541,4405.15,0.79,4676.5
Handmade Jewellery,Wood,430,612,17.22,3.34,3265.77,3483,4513.84,0.72,3613.09
Bamboo Basket,Clay,1104,570,27.45,4.99,2218.48,2794,3200.43,0.69,4248.16
Handloom Saree,Beads,720,745,35.24,4.49,291.81,369,415.13,0.4,2477.83
Bamboo Basket,Silk,515,273,16.77,2.98,1990.13,2196,2836.9,0.47,2502.53
Bamboo Basket,Wood,1433,898,29.39,0.2,1744.01,2219,2380.93,0.61,4592.9
Wooden Craft,Beads,705,594,54.7,0.86,3023.54,3239,3959.8,0.61,3827.57
Handmade Jewellery,Bamboo,1228,801,20.36,4.31,924.58,1059,1135.31,0.88,3708.55
Pottery,Silk,729,238,30.22,0.82,866.61,997,1135.08,0.28,2026.28
Handmade Jewellery,Jute,1212,1103,10.87,4.71,3234.82,3449,4312.78,0.98,5476.08
Embroidered Cloth,Cotton,767,908,16.88,4.57,371.5,459,506.06,0.77,2993.47
Pottery,Cotton,654,702,45.92,4.36,616.73,668,776.3,0.7,2629.01
Cane Furniture,Terracotta,191,1059,40.35,1.17,826.09,919,969.49,0.34,2608.84
Wooden Craft,Wood,300,774,28.36,3.65,1352.61,1492,1649.48,0.82,2666.55
Jute Bag,Clay,973,890,6.76,2.27,710.68,777,880.08,0.65,3164.79
Embroidered Cloth,Bamboo,568,973,25.13,2.35,1051.29,1121,1389.64,0.48,2927.85
Embroidered Cloth,Bamboo,331,511,5.63,3.13,1055.28,1362,1746.87,0.33,2023.8
Handloom Saree,Clay,566,737,31.48,1.65,2972.11,3571,4049.52,0.66,3906.86
Bamboo Basket,Wood,1491,268,49.22,3.05,2075.57,2466,2626.28,0.87,4196.04
Jute Bag,Cane,1075,378,13.34,2.44,211.93,227,285.58,0.73,2213.71
Terracotta,Brass,411,423,50.5,2.78,1605.49,1768,2224.3,0.99,2453.74
Wooden Craft,Bamboo,666,215,33.39,4.0,2560.04,3294,3757.54,0.41,3180.21
Jute Bag,Silk,620,854,24.23,1.75,1948.36,2091,2334.53,0.54,3531.21
Handmade Jewellery,Cane,1213,673,26.13,3.97,1756.58,2322,2681.85,0.35,4105.32
Embroidered Cloth,Clay,978,76,42.42,4.36,1333.0,1635,2044.57,0.89,2868.01
Terracotta,Beads,939,1141,18.38,4.42,1366.51,1724,2044.44,0.43,4091.8
Jute Bag,Terracotta,384,454,21.71,2.04,1307.28,1633,2048.34,0.27,2298.86
Embroidered Cloth,Cane,467,705,32.11,4.17,1280.88,1692,1799.94,0.72,2882.46
Handloom Saree,Clay,1340,168,36.05,2.34,2771.41,3280,4002.25,0.93,4185.26
Pottery,Beads,1048,285,56.33,2.27,397.08,500,612.74,0.49,2408.72
Metal Craft,Cane,823,230,26.78,2.46,2441.47,3030,3355.96,0.8,3516.83
Metal Craft,Cotton,86,759,49.11,0.92,2513.03,2794,3259.8,0.25,2901.58
Pottery,Silk,1054,554,56.12,4.03,2017.79,2688,3390.46,0.87,4263.02
Handloom Saree,Bamboo,634,406,17.13,0.44,1674.58,1900,2212.9,0.42,2696.35
Metal Craft,Bamboo,792,564,35.9,1.7,1458.52,1585,2012.32,0.56,3102.92
Jute Bag,Brass,1358,757,57.49,1.56,1825.51,2429,3065.74,0.97,4607.89
Handloom Saree,Cotton,593,180,26.12,1.74,1232.16,1569,1740.58,0.39,2103.55
Handloom Saree,Clay,1198,673,31.66,2.09,2584.5,2749,3164.04,0.24,4172.45
Handloom Saree,Beads,1274,798,18.36,3.86,2131.3,2356,2662.27,0.66,4353.51
Handloom Saree,Clay,1159,1086,28.43,1.93,2746.78,3216,3716.35,0.99,5109.6
Handloom Saree,Clay,539,859,55.07,4.9,2216.42,2414,2743.6,0.77,3668.88
Terracotta,Cotton,729,453,13.42,3.23,1573.57,1831,2069.34,0.94,2924.81
Bamboo Basket,Silk,1008,712,49.71,4.55,1714.62,2196,2309.02,0.68,4055.46
Embroidered Cloth,Cotton,201,270,15.28,0.57,3234.2,3425,4365.82,0.96,2873.93
Handmade Jewellery,Bamboo,629,662,44.28,4.44,1898.72,2075,2438.27,0.42,3189.08
Wooden Craft,Jute,1284,1182,55.27,4.78,3297.06,3865,5020.98,0.33,5707.08
Terracotta,Silk,1080,786,16.69,4.56,704.4,887,1023.72,0.21,3198.04
Jute Bag,Cotton,445,941,51.25,2.12,2754.34,3431,4064.55,0.83,4285.21
Embroidered Cloth,Cane,853,71,31.45,4.65,1325.14,1640,1975.96,0.31,2385.96
Pottery,Clay,862,192,52.96,3.89,1073.21,1409,1565.39,0.93,2682.53
Wooden Craft,Terracotta,1042,1034,47.43,4.46,1550.22,1728,2198.19,0.23,3993.51
Metal Craft,Jute,529,93,52.19,2.77,2160.7,2552,2773.6,0.31,2569.85
Jute Bag,Wood,369,683,39.02,1.09,3329.59,3667,4595.21,0.72,3843.05
Metal Craft,Beads,70,1147,22.25,3.07,2076.16,2283,2425.96,0.97,3499.71
Terracotta,Terracotta,582,73,47.99,2.43,2914.07,3167,3820.26,0.83,2955.68
Metal Craft,Terracotta,927,434,46.23,3.81,2141.86,2570,3283.48,0.63,3755.84
Wooden Craft,Bamboo,976,674,21.39,2.04,411.49,485,512.44,0.98,2789.36
Cane Furniture,Jute,345,750,31.64,4.3,2704.99,3229,4044.63,0.39,3619.32
Handmade Jewellery,Silk,286,513,56.48,3.47,1537.18,2036,2406.35,0.64,2789.95
Pottery,Bamboo,998,272,13.59,0.94,1866.45,2133,2527.12,0.38,3043.6
Embroidered Cloth,Cotton,1047,562,46.48,3.23,1254.24,1550,1869.23,0.83,3510.31
Handmade Jewellery,Cotton,203,609,56.63,2.85,694.8,843,1088.77,0.28,2026.31
Wooden Craft,Terracotta,1099,1092,52.67,1.38,1154.39,1437,1576.7,0.97,4494.74
Embroidered Cloth,Wood,403,469,9.47,3.6,2757.16,3070,3331.97,0.87,3157.85
Wooden Craft,Cane,197,670,27.09,3.55,1675.93,2102,2730.67,0.67,2862.67
Wooden Craft,Wood,405,328,38.28,2.34,172.39,207,239.81,0.74,1542.28
Embroidered Cloth,Cotton,1295,141,47.54,2.95,3403.4,3952,4802.91,0.42,4357.85
Cane Furniture,Cane,1375,65,35.0,1.84,1854.29,2049,2628.9,0.67,3251.33
Metal Craft,Beads,778,439,22.24,2.67,2847.05,3041,3603.62,0.35,3505.67
Terracotta,Cane,1041,1066,26.42,4.62,3702.07,3958,4921.39,0.42,5274.22
Bamboo Basket,Silk,293,205,34.51,3.16,3567.16,3828,4879.5,0.56,3231.55
Embroidered Cloth,Terracotta,202,821,22.86,2.61,2297.94,2800,3264.72,0.85,3337.21
Embroidered Cloth,Jute,1260,1098,57.59,4.2,1167.62,1304,1661.66,0.8,4494.69
Bamboo Basket,Clay,286,198,37.07,1.0,1119.42,1208,1427.88,0.52,1751.45
Terracotta,Clay,1368,110,16.15,2.99,233.32,295,311.4,0.7,2396.64
Bamboo Basket,Terracotta,701,979,42.81,1.66,1876.01,2152,2399.56,0.99,3993.12
Pottery,Brass,296,197,14.57,4.08,656.54,807,913.58,0.63,1559.58
Wooden Craft,Cotton,1435,273,5.11,3.83,2326.43,3089,3775.72,0.86,4240.7
Jute Bag,Clay,866,64,26.3,0.24,635.29,699,790.55,0.22,1666.33
Handloom Saree,Terracotta,1412,1028,10.13,4.1,1065.18,1239,1545.96,0.57,4261.77
Metal Craft,Jute,656,770,19.02,1.97,2980.5,3259,3725.81,0.25,3910.56
Cane Furniture,Brass,1295,847,28.51,4.59,1384.58,1621,2008.38,0.21,3983.15
Handloom Saree,Cotton,682,890,30.71,2.9,3016.07,3910,4255.66,0.25,4469.52
Bamboo Basket,Jute,661,1192,29.13,2.42,975.6,1118,1329.84,0.54,3381.65
Bamboo Basket,Wood,1346,85,58.3,1.89,2146.8,2779,3150.65,0.89,3954.39
Pottery,Bamboo,84,944,48.56,0.92,574.68,707,786.64,0.24,2120.69
Handmade Jewellery,Jute,366,965,9.46,0.38,1409.37,1653,1790.16,0.31,2788.59
Metal Craft,Clay,1472,1049,58.81,3.7,1357.78,1786,2288.59,0.64,4954.71
Metal Craft,Jute,1310,1080,34.04,1.99,2672.35,3509,3754.54,0.46,5424.52
Handloom Saree,Terracotta,126,314,43.08,0.29,2169.43,2442,3047.51,0.35,2254.45
Handmade Jewellery,Silk,664,1137,17.86,1.3,1943.63,2516,2942.77,0.56,4164.18
Bamboo Basket,Brass,1204,944,18.61,3.07,467.54,545,573.66,0.74,3452.41
Wooden Craft,Clay,87,815,7.32,2.14,1429.41,1642,1898.28,0.27,2383.22
Jute Bag,Jute,419,350,20.46,2.87,266.99,344,378.0,0.71,1550.36
Embroidered Cloth,Terracotta,1435,991,39.08,4.72,572.56,678,823.92,0.9,3941.17
Handmade Jewellery,Beads,369,1105,18.39,3.75,3044.84,3536,4574.7,0.85,4334.13
Embroidered Cloth,Bamboo,690,63,33.29,4.11,708.73,835,908.14,0.54,1857.6
Bamboo Basket,Terracotta,92,960,5.72,4.7,2652.56,2818,3363.78,0.84,3451.47
Wooden Craft,Clay,98,369,26.67,2.24,3103.06,3663,4615.18,0.81,3092.93
Bamboo Basket,Cotton,236,749,58.4,4.4,875.07,1105,1410.79,0.49,2379.93
Metal Craft,Beads,1393,654,11.87,2.82,2006.04,2339,2491.86,0.81,4350.58
Terracotta,Beads,474,278,46.97,2.28,897.11,1027,1261.32,0.83,2074.67
Terracotta,Cotton,249,770,47.45,0.53,1944.72,2102,2432.32,0.5,2784.25
Pottery,Clay,351,433,6.87,2.19,2001.54,2246,2641.57,0.29,2521.45
Handloom Saree,Cane,1072,331,58.33,0.69,1716.9,1979,2474.96,0.52,3389.39
Embroidered Cloth,Bamboo,1469,951,53.14,3.26,2376.11,3154,4073.9,0.67,5463.64
Metal Craft,Cane,249,864,9.32,0.93,2625.73,2953,3820.57,0.84,3473.3
Jute Bag,Beads,1004,920,16.27,1.81,361.16,445,485.52,0.8,3071.12
Handmade Jewellery,Clay,995,788,43.28,3.31,2210.14,2382,2701.23,0.31,4020.99
Wooden Craft,Clay,956,395,12.57,1.48,2809.49,3005,3455.46,0.45,3584.5
Pottery,Beads,763,191,40.22,1.49,1598.82,1937,2277.24,0.64,2645.04
Wooden Craft,Cotton,1325,965,35.35,2.82,2750.95,2946,3607.99,0.47,4782.11
Jute Bag,Cotton,895,354,51.21,1.97,2860.56,3357,4048.09,0.35,3799.55
Handmade Jewellery,Jute,950,641,9.27,1.82,3054.82,3845,4588.61,0.92,4680.62
Cane Furniture,Brass,1264,339,43.11,2.86,344.81,384,470.91,0.54,2662.24
Embroidered Cloth,Clay,403,862,9.51,3.93,489.3,554,629.67,0.84,2334.16
Jute Bag,Silk,1031,1164,48.01,2.88,2195.86,2591,3092.03,0.46,4742.26
Bamboo Basket,Beads,57,119,47.97,0.4,2415.71,3051,3783.15,0.59,2253.14
Bamboo Basket,Silk,1370,1182,36.72,3.6,3339.68,3630,4199.77,0.69,5811.97
Handloom Saree,Beads,784,507,55.95,3.5,2394.67,2730,2936.68,0.27,3659.53
Terracotta,Brass,263,691,38.11,0.29,814.89,1048,1241.67,0.93,2307.21
Handmade Jewellery,Cotton,1038,963,25.62,4.71,2943.9,3361,3592.44,0.97,4878.73
Cane Furniture,Brass,1026,55,59.05,3.13,1589.02,1778,2288.3,0.73,2906.67
Bamboo Basket,Silk,1266,627,40.98,1.22,2588.04,3354,4243.01,0.3,4630.88
Handmade Jewellery,Brass,55,633,5.69,3.78,2747.54,3135,3947.22,0.85,3037.9
Handmade Jewellery,Terracotta,1080,160,32.58,1.81,1394.78,1840,1945.38,0.96,2956.69
Cane Furniture,Bamboo,1061,308,41.54,0.58,876.91,1016,1144.01,0.38,2510.59
Cane Furniture,Wood,1392,697,44.18,3.11,3088.17,3873,4664.02,0.21,5267.5
Handmade Jewellery,Wood,1326,1108,21.61,1.12,2346.39,2842,3626.08,0.56,5074.1
Metal Craft,Bamboo,146,949,16.16,2.67,1953.73,2134,2618.64,0.32,3007.49
Wooden Craft,Cane,283,842,14.1,0.72,1238.88,1631,2113.48,0.4,2651.71
Cane Furniture,Terracotta,673,348,41.92,4.09,1389.49,1794,2016.06,0.48,2633.48
Handloom Saree,Cotton,87,1139,7.81,1.34,1767.28,2261,2846.5,0.91,3337.03
Wooden Craft,Wood,353,1146,49.71,4.73,310.92,363,416.08,0.98,2953.79
Wooden Craft,Terracotta,457,1041,42.32,0.68,1695.68,1819,2287.89,0.79,3386.47
Metal Craft,Silk,143,364,55.3,2.81,314.63,365,408.76,0.33,1215.73
Cane Furniture,Bamboo,721,136,42.14,1.15,2150.93,2496,2804.18,0.33,2860.7
Bamboo Basket,Silk,778,289,41.8,2.63,1118.84,1459,1761.87,0.79,2696.85
Embroidered Cloth,Wood,794,320,10.62,2.52,2821.07,3649,4606.56,0.75,3771.51
Handmade Jewellery,Bamboo,1339,901,24.21,0.83,2144.68,2613,3299.8,0.95,4771.91
Pottery,Bamboo,865,98,42.67,1.91,2649.19,3187,3554.99,0.49,3327.44
Pottery,Bamboo,980,330,36.0,0.8,2928.09,3115,3529.41,0.88,3702.65
Pottery,Jute,1139,1104,15.02,0.63,3305.4,3881,4221.28,0.74,5345.4
Jute Bag,Cotton,571,226,56.58,0.81,2553.16,3263,4184.92,0.47,3248.79
Metal Craft,Terracotta,863,921,37.73,3.04,283.14,371,402.83,0.79,3057.61
Wooden Craft,Terracotta,284,651,44.66,4.49,600.42,798,863.96,0.33,2145.11
Handmade Jewellery,Beads,1103,519,40.44,3.67,2940.13,3299,3539.67,0.58,4294.38
Terracotta,Silk,652,101,20.68,4.25,2870.52,3370,4030.66,0.7,3322.99
Handloom Saree,Terracotta,776,166,51.52,2.63,806.34,867,926.6,0.94,2093.91
Terracotta,Clay,637,679,6.63,2.7,2568.57,3288,3629.42,0.69,3795.89
Pottery,Silk,610,697,47.47,0.14,3000.06,3514,4469.4,0.66,4047.4
Pottery,Silk,800,838,13.35,3.41,1004.13,1332,1611.48,0.99,3302.6
Metal Craft,Beads,702,482,55.17,1.72,214.33,250,289.72,0.77,2203.42
Terracotta,Bamboo,944,918,39.07,4.0,3417.44,3770,4204.45,0.97,5090.52
Pottery,Wood,493,225,48.62,3.9,1296.06,1579,1796.17,0.37,2213.31
Bamboo Basket,Cane,1111,473,15.09,3.72,2904.93,3810,4795.51,0.42,4234.34
Bamboo Basket,Cane,237,1189,13.98,4.92,699.04,736,921.64,0.52,2693.29
Metal Craft,Jute,1349,923,23.41,3.27,2658.55,3080,3750.43,0.56,4886.01
Cane Furniture,Silk,726,765,51.98,1.69,3464.83,3870,4860.66,0.49,4596.89
Handmade Jewellery,Clay,785,333,49.13,2.58,307.32,331,406.17,0.21,1846.72
Embroidered Cloth,Silk,1018,811,19.83,4.04,2733.99,3465,3796.68,0.41,4632.88
Embroidered Cloth,Brass,627,438,6.0,0.53,401.96,488,554.58,0.9,2018.93
Bamboo Basket,Beads,1227,177,11.7,2.8,2701.99,3491,4122.05,0.67,4027.9
Bamboo Basket,Beads,928,1126,9.99,3.29,2453.24,2872,3473.72,0.42,4601.83
Wooden Craft,Beads,295,203,11.22,1.16,273.94,312,339.76,0.21,1053.02
Wooden Craft,Clay,1342,345,38.05,2.96,2331.69,2674,2890.37,0.26,3992.3
Embroidered Cloth,Jute,1352,821,48.58,2.56,2180.82,2802,3134.4,0.65,4828.95
Cane Furniture,Bamboo,879,1022,58.73,1.52,731.52,783,885.62,0.43,3310.64
Handmade Jewellery,Beads,510,502,43.01,0.36,2517.17,3131,3389.46,0.54,3370.91
Terracotta,Brass,1172,1110,40.36,0.34,1581.53,2087,2592.47,0.96,4539.34
Metal Craft,Terracotta,78,825,49.18,1.07,587.34,713,789.92,0.69,2006.05
Terracotta,Terracotta,1021,651,36.15,1.01,2199.29,2593,3085.58,0.51,3977.76
Bamboo Basket,Terracotta,932,120,20.86,3.92,1384.9,1638,1935.24,0.47,2644.12
Cane Furniture,Brass,50,598,42.43,0.44,2104.2,2331,2559.25,0.27,2491.68
Cane Furniture,Wood,845,550,8.18,2.32,2706.26,3102,3656.07,0.7,3830.77
Pottery,Brass,866,572,47.73,3.23,3047.8,3530,4150.13,0.79,4296.05
Pottery,Terracotta,247,86,58.39,2.3,213.4,269,304.86,0.42,1008.34
Pottery,Bamboo,501,706,54.16,2.71,1005.86,1212,1392.28,0.32,2660.75
Wooden Craft,Cotton,653,661,49.21,3.26,1837.6,2222,2843.98,0.54,3514.34
Pottery,Brass,1463,1161,11.64,1.6,2833.65,3391,3651.61,0.52,5497.58
Handloom Saree,Clay,611,774,38.88,2.44,690.1,902,1111.91,0.57,2649.3
Handmade Jewellery,Brass,153,413,35.46,2.98,2280.4,2997,3305.45,0.32,2592.33
Handmade Jewellery,Terracotta,436,150,25.45,2.24,773.15,1019,1272.89,0.65,1631.76
Bamboo Basket,Terracotta,92,230,51.54,3.93,1110.02,1470,1730.94,0.88,1785.72
Handmade Jewellery,Beads,1324,706,12.43,3.86,2863.32,3545,4537.74,0.3,4720.83
Handmade Jewellery,Jute,556,111,46.82,4.77,1538.57,1678,2013.31,0.39,2212.6
Bamboo Basket,Brass,271,1176,57.38,2.86,3518.85,3758,4159.47,0.37,4534.38
Terracotta,Brass,1039,505,7.41,1.4,2221.83,2794,3323.37,0.81,3777.93
Pottery,Silk,368,689,44.78,3.59,1517.97,1832,2263.56,0.34,2865.8
Jute Bag,Cotton,590,925,28.12,0.18,2000.34,2349,2999.43,0.59,3523.86
Wooden Craft,Clay,393,533,29.88,2.95,596.16,694,774.48,0.96,2151.78
Wooden Craft,Cotton,473,211,5.65,4.34,3187.5,3582,4352.02,0.64,3316.34
Embroidered Cloth,Bamboo,505,968,51.33,1.81,2774.0,3257,3766.38,0.46,4078.06
Bamboo Basket,Clay,338,139,39.57,4.3,1695.12,2138,2635.2,0.72,2300.56
Bamboo Basket,Brass,418,459,26.12,4.71,233.02,310,332.81,0.95,1766.0
Cane Furniture,Wood,1428,137,36.5,1.22,3197.9,3477,3896.58,0.81,4321.63
Pottery,Silk,569,479,7.0,0.98,1634.73,1907,2217.31,0.83,2824.39
Metal Craft,Jute,1398,941,58.97,4.6,3176.4,3840,4771.4,0.99,5770.78
Pottery,Cotton,733,209,38.21,3.41,2749.42,3178,3941.68,0.9,3674.1
Jute Bag,Brass,320,1134,36.74,1.21,922.22,1151,1381.48,0.58,3026.55
Wooden Craft,Beads,1080,909,43.74,3.07,658.7,827,976.76,0.79,3644.94
Jute Bag,Cotton,1389,612,40.54,4.53,3279.84,3568,4475.98,0.38,5016.05
Jute Bag,Cotton,1053,799,19.73,4.52,3200.43,3823,4867.54,0.72,4944.99
Embroidered Cloth,Terracotta,359,61,7.78,3.51,855.41,1066,1247.21,0.22,1250.32
Metal Craft,Silk,1306,198,11.09,3.83,3119.95,3496,4397.58,0.74,4104.22
Cane Furniture,Cane,198,84,13.16,1.73,2362.07,2665,2993.37,0.23,1937.56
Handmade Jewellery,Cane,1018,1011,9.46,3.52,322.88,428,504.64,0.41,3078.19
Metal Craft,Brass,1328,314,43.4,2.12,1829.54,2389,2679.44,0.58,3770.19
Jute Bag,Jute,852,980,50.6,1.07,2781.17,3061,3960.66,0.5,4559.53
Bamboo Basket,Brass,732,1060,47.44,4.22,1326.79,1451,1610.04,0.73,3806.71
Wooden Craft,Cane,1450,239,12.07,2.43,1020.49,1191,1535.52,0.59,3116.56
Terracotta,Jute,109,154,11.73,0.31,2795.91,3267,4076.98,0.98,2396.06
Handmade Jewellery,Brass,1355,847,28.66,4.38,3296.71,3857,4171.65,0.79,5459.57
Embroidered Cloth,Cotton,1400,853,32.08,4.56,2180.04,2480,2637.09,0.45,4704.29
Pottery,Jute,688,113,49.54,2.75,2955.7,3661,4378.45,0.87,3634.95
Metal Craft,Cotton,782,347,10.68,4.2,2950.3,3622,3963.35,0.9,3780.62
Jute Bag,Jute,290,633,13.1,3.44,1256.7,1488,1913.17,0.43,2360.68
Pottery,Brass,440,1128,51.46,3.96,321.07,419,477.41,0.81,2930.44
Bamboo Basket,Clay,367,634,41.68,3.98,418.93,460,545.82,0.49,1956.39
Jute Bag,Clay,103,1021,47.79,0.75,450.94,509,536.89,0.22,2331.74
Handloom Saree,Jute,954,1100,40.81,2.22,2045.13,2172,2547.11,0.83,4282.17
Metal Craft,Bamboo,482,896,54.44,3.18,1343.98,1687,1926.74,0.27,3220.94
Bamboo Basket,Jute,986,838,21.16,1.89,1307.58,1474,1868.98,0.38,3500.69
Cane Furniture,Terracotta,226,921,10.06,2.51,1956.72,2093,2535.33,0.7,2975.14
Metal Craft,Beads,87,1058,39.85,0.15,764.89,949,1168.28,0.94,2626.62
Handloom Saree,Brass,1346,825,53.76,0.81,604.32,778,878.16,0.57,3694.44
Wooden Craft,Cotton,1309,564,54.46,3.86,2860.13,3565,4624.79,0.72,4909.79
Metal Craft,Clay,521,1069,41.6,3.19,1159.31,1335,1571.77,0.53,3308.2
Bamboo Basket,Terracotta,253,303,29.42,2.31,2285.95,2448,2950.16,0.89,2595.86
Embroidered Cloth,Cotton,702,490,53.81,1.25,1227.26,1423,1831.43,0.35,2706.97
Embroidered Cloth,Terracotta,833,352,27.79,3.41,3226.96,3791,4221.0,0.49,4039.51
Jute Bag,Silk,127,488,31.24,1.92,3240.61,3919,4215.2,0.59,3330.83
Bamboo Basket,Cane,676,296,48.88,3.13,283.68,316,385.64,0.24,1765.21
Embroidered Cloth,Clay,402,623,42.81,2.62,2896.74,3155,3674.91,0.21,3421.64
Handloom Saree,Beads,248,732,46.86,2.35,2041.19,2328,2717.51,0.47,3059.25
Embroidered Cloth,Jute,607,164,46.87,0.46,854.27,1007,1181.09,0.69,1883.68
Wooden Craft,Bamboo,1236,796,24.16,2.44,1015.59,1074,1378.15,0.75,3684.67
Handmade Jewellery,Cotton,1217,791,19.6,2.44,426.45,484,575.97,0.35,3169.5
Wooden Craft,Cane,980,1081,51.23,3.72,2839.9,3075,3270.05,0.95,4891.4
Terracotta,Beads,1030,448,16.27,2.23,3039.28,3855,4322.4,0.61,4463.96
Handloom Saree,Wood,728,574,23.03,4.89,2922.42,3792,4443.12,0.83,4235.09
Handmade Jewellery,Beads,1109,335,13.21,0.76,309.84,377,441.98,0.57,2361.39
Terracotta,Cotton,1419,527,10.8,3.0,996.26,1272,1503.33,0.74,3440.28
Metal Craft,Jute,979,436,32.69,3.1,291.65,363,458.05,0.31,2231.12
Handmade Jewellery,Silk,1169,651,35.45,2.14,1520.27,1856,2346.2,0.83,3735.08
Handmade Jewellery,Silk,83,454,10.55,4.64,1577.87,2035,2412.59,0.92,2263.65
Cane Furniture,Beads,731,861,25.14,0.57,2322.87,3001,3212.38,0.98,4279.16
Cane Furniture,Wood,1261,452,38.45,4.88,2662.78,3122,3883.5,0.79,4491.2
Pottery,Terracotta,431,766,43.95,0.14,3057.95,3638,3984.3,0.21,3818.72
Pottery,Clay,988,883,50.04,3.11,680.32,771,870.59,0.55,3463.47
Terracotta,Cotton,1256,1115,23.74,4.03,2556.93,3315,4219.08,0.49,5314.37
Metal Craft,Silk,421,414,54.96,2.0,3320.36,3590,3831.9,0.26,3422.39
Pottery,Cotton,1028,391,23.57,1.98,3166.97,3636,4541.0,0.94,4463.64
Bamboo Basket,Terracotta,1168,747,42.79,0.19,616.81,664,802.93,0.21,3195.85
Metal Craft,Terracotta,383,1142,12.71,3.69,1599.55,1837,2385.51,0.26,3382.58
Cane Furniture,Cotton,327,261,52.81,0.75,1101.86,1320,1485.93,0.46,1937.57
Wooden Craft,Brass,1326,465,46.66,2.29,2611.4,2894,3110.05,0.99,4513.74
Embroidered Cloth,Terracotta,921,990,57.08,1.56,2526.25,2803,2994.77,0.84,4569.01
Pottery,Brass,1232,201,15.36,0.86,3182.66,3775,4887.48,0.4,4109.22
Embroidered Cloth,Cane,146,443,43.9,4.05,1555.87,1708,2196.47,0.42,2106.45
Embroidered Cloth,Cotton,172,441,31.32,2.2,2010.84,2380,2944.01,0.52,2541.04
Metal Craft,Bamboo,95,642,46.23,2.69,1122.23,1348,1676.91,0.52,2215.29
Bamboo Basket,Silk,480,554,34.25,1.47,2510.13,3002,3242.05,0.3,3274.55
Handmade Jewellery,Silk,215,1129,41.69,3.67,2640.8,3043,3299.45,0.64,4101.1
Cane Furniture,Silk,357,147,48.09,1.88,804.64,903,1058.21,0.79,1589.54
Terracotta,Silk,728,1103,45.06,4.58,2930.45,3253,3673.29,0.3,4598.88
Cane Furniture,Cotton,323,790,21.66,1.08,614.68,662,726.85,0.43,2068.69
Metal Craft,Cane,448,56,19.79,2.27,1193.59,1308,1380.45,0.89,1768.43
Jute Bag,Cane,461,403,21.46,2.16,258.6,280,327.35,0.99,1639.26
Jute Bag,Bamboo,1105,938,35.88,1.3,2192.58,2807,3398.64,0.97,4822.46
Handloom Saree,Clay,609,626,13.21,4.2,2822.48,3198,4141.26,0.86,3888.8
Jute Bag,Wood,130,919,54.68,4.73,2792.91,3510,3981.32,0.24,3790.72
Handmade Jewellery,Cane,154,837,43.58,3.46,1144.88,1467,1792.04,0.44,2612.2
Jute Bag,Beads,202,86,32.64,4.01,1861.9,2144,2331.87,0.33,1912.94
Jute Bag,Jute,141,624,45.22,0.57,540.93,637,721.36,0.54,1746.29
Pottery,Bamboo,106,250,40.01,2.98,1249.82,1421,1527.6,0.23,1600.49
Wooden Craft,Cotton,836,551,18.16,4.08,260.43,320,407.96,0.73,2430.46
Pottery,Terracotta,1155,156,21.06,3.4,1867.37,2103,2625.12,0.95,3257.61
Pottery,Jute,126,654,41.15,3.51,2716.03,2945,3486.95,0.22,3019.24
Bamboo Basket,Brass,370,1163,33.41,4.13,1182.68,1456,1811.62,0.53,3172.58
Handloom Saree,Cotton,306,1022,34.46,4.94,292.62,352,415.19,0.77,2493.68
Pottery,Clay,1010,936,16.57,4.39,2676.1,3194,4128.88,0.34,4551.95
Bamboo Basket,Terracotta,1398,249,40.25,0.15,2266.35,2564,2721.76,0.36,3661.45
Metal Craft,Jute,659,677,18.89,3.36,1781.42,1925,2055.07,0.3,3065.25
Bamboo Basket,Brass,822,528,31.96,0.9,1979.17,2637,2789.9,0.87,3699.43
Embroidered Cloth,Terracotta,134,342,7.8,3.78,2958.87,3439,4258.35,0.83,2878.29
Handloom Saree,Wood,719,953,18.74,0.85,717.86,890,1053.06,0.3,2853.42
Cane Furniture,Beads,1115,1060,11.15,1.15,1431.11,1516,1672.56,0.85,4027.02
Metal Craft,Beads,896,839,21.06,4.84,2353.35,2711,3300.88,0.7,4192.76
Jute Bag,Wood,347,1136,23.02,4.93,2242.77,2813,3383.5,0.59,3940.86
Wooden Craft,Beads,1485,1017,19.23,3.58,1418.42,1622,2090.04,0.48,4500.84
Jute Bag,Terracotta,311,696,29.09,3.31,1037.73,1283,1643.6,0.92,2525.15
Embroidered Cloth,Terracotta,823,444,6.57,2.82,209.61,245,301.72,0.55,2061.47
Embroidered Cloth,Clay,1380,351,23.12,4.93,224.45,290,322.85,0.87,3013.97
Jute Bag,Brass,1258,1104,51.28,3.97,1568.03,2056,2488.03,0.76,4713.2
Metal Craft,Silk,1127,528,27.75,1.41,2068.71,2434,2652.06,0.96,3960.42
Jute Bag,Cotton,1222,1124,16.28,2.28,1766.8,2031,2191.11,0.85,4545.7
Terracotta,Beads,971,771,15.86,1.88,2273.6,3025,3622.31,0.92,4380.12
Handloom Saree,Brass,552,830,6.89,2.85,1802.74,2198,2422.76,0.93,3388.65
Embroidered Cloth,Brass,1292,637,50.8,0.5,455.48,539,604.71,0.78,3325.21
Pottery,Cotton,562,1059,47.61,0.41,2504.57,2812,3303.8,0.49,4116.91
Handloom Saree,Brass,738,364,35.91,0.92,2101.03,2476,2924.79,0.74,3048.61
Handloom Saree,Cane,457,1168,30.91,4.11,781.83,996,1235.76,0.35,3057.71
Handmade Jewellery,Terracotta,546,207,32.44,0.41,3065.03,3532,3967.67,0.39,3275.09
Handloom Saree,Cane,798,204,46.49,3.69,1890.1,2507,3067.15,0.8,3142.12
Wooden Craft,Bamboo,176,742,46.26,3.92,1182.88,1262,1374.76,0.25,2367.28
Embroidered Cloth,Terracotta,740,611,6.8,4.47,2181.25,2508,2741.24,0.42,3388.72
Embroidered Cloth,Jute,1060,579,7.4,2.55,1198.09,1368,1759.82,0.52,3289.75
Terracotta,Cotton,730,344,42.09,2.73,1546.06,1973,2353.95,0.56,2879.2
Handloom Saree,Silk,1320,1165,12.58,2.41,2013.92,2512,3246.97,0.64,4957.53
Terracotta,Clay,1400,170,40.76,0.55,1038.86,1350,1463.73,0.43,3045.73
Pottery,Terracotta,942,770,8.51,3.66,751.16,803,993.87,0.39,3014.18
Handloom Saree,Terracotta,732,1182,18.44,0.16,392.28,439,520.86,0.38,3039.35
Terracotta,Bamboo,1134,127,59.14,3.81,2446.78,2843,3194.04,0.68,3802.7
Embroidered Cloth,Brass,525,1187,16.02,2.02,560.71,681,783.18,0.95,3069.63
Terracotta,Bamboo,1041,131,57.44,4.66,2068.03,2495,3041.72,0.87,3425.24
Handmade Jewellery,Jute,1088,743,53.31,4.33,284.02,300,347.92,0.87,3202.13
Jute Bag,Beads,816,63,59.32,2.53,2273.42,2404,2908.37,0.33,2874.02
Bamboo Basket,Brass,257,788,48.72,1.49,643.39,729,828.35,0.48,2282.15
Handmade Jewellery,Clay,663,897,48.39,0.85,3173.49,3660,3974.87,0.82,4416.97
Wooden Craft,Wood,147,1109,25.09,2.47,1701.4,1816,2234.29,0.96,3112.55
Handmade Jewellery,Beads,972,158,52.64,3.45,315.77,359,421.07,0.22,1954.94
Terracotta,Terracotta,297,1093,15.94,4.06,2581.86,3421,4002.22,1.0,4268.31
Terracotta,Jute,88,714,11.26,0.56,679.17,899,1150.33,0.37,1845.54
Pottery,Silk,51,1026,7.16,2.09,2657.12,3193,3976.8,0.21,3500.06
Cane Furniture,Brass,833,605,21.96,0.65,1942.83,2088,2418.54,0.73,3378.97
Handmade Jewellery,Clay,978,790,48.41,1.22,865.34,914,1139.3,0.52,3302.85
Metal Craft,Terracotta,1101,315,16.53,4.44,3100.19,3284,3460.87,1.0,4171.48
Pottery,Wood,414,962,46.84,1.74,2998.84,3381,4182.14,0.25,4070.89
Handmade Jewellery,Silk,1282,315,42.57,2.0,1821.63,2107,2670.95,0.22,3429.45
Wooden Craft,Brass,244,452,20.2,0.5,2074.17,2739,3218.41,0.36,2688.64
Cane Furniture,Bamboo,1340,1126,39.51,0.37,2478.12,3049,3275.65,0.92,5392.1
Pottery,Terracotta,673,169,22.91,4.34,721.72,863,982.5,0.33,1923.8
Pottery,Cotton,809,503,59.97,4.37,2249.37,2970,3564.21,0.4,3950.72
Pottery,Wood,478,1083,57.9,3.66,537.38,574,607.62,0.23,2937.13
Jute Bag,Clay,1420,417,7.53,4.98,144.87,166,195.85,0.53,2785.7
Embroidered Cloth,Brass,895,433,9.01,1.86,1872.98,2042,2165.69,0.37,3124.08
Terracotta,Clay,266,53,39.54,4.84,2281.47,2803,3112.85,0.32,2160.84
Terracotta,Wood,149,1077,20.85,3.0,1593.02,2110,2554.82,0.47,3112.42
Bamboo Basket,Beads,424,695,9.17,2.64,3092.82,3653,3997.86,0.68,3845.63
Cane Furniture,Silk,1416,305,45.46,1.15,1060.88,1215,1339.57,0.39,3151.8
Cane Furniture,Silk,466,1071,56.56,3.68,354.76,429,455.72,0.78,3008.9
Embroidered Cloth,Jute,805,809,32.03,4.64,3143.01,3938,5074.98,0.59,4750.96
Cane Furniture,Beads,311,233,16.8,0.79,2991.85,3749,4501.44,0.5,2907.35
Metal Craft,Bamboo,476,58,47.07,2.14,778.05,844,922.3,0.27,1542.0
Handmade Jewellery,Brass,327,768,53.92,0.89,353.5,423,494.5,0.49,2121.36
Terracotta,Silk,1333,223,6.85,4.64,2979.31,3662,4061.57,0.29,4276.5
Handloom Saree,Silk,54,548,31.75,0.88,1744.05,2185,2666.57,0.36,2319.66
Pottery,Wood,419,1055,23.37,0.43,693.53,762,842.2,0.47,2716.88
Jute Bag,Cotton,534,1180,57.62,3.94,405.15,432,540.24,0.95,3148.78
Handmade Jewellery,Silk,678,450,46.0,0.46,3017.39,3837,4386.19,0.83,4120.8
Handloom Saree,Terracotta,227,76,41.07,4.72,498.93,527,658.65,0.35,973.52
Jute Bag,Terracotta,1051,207,8.92,1.86,1268.07,1475,1857.99,0.72,2663.2
Pottery,Bamboo,892,1148,58.61,3.18,1522.8,1927,2387.02,0.58,4445.24
Jute Bag,Cotton,1019,322,59.81,4.87,2230.92,2974,3835.79,0.34,3798.71
Handmade Jewellery,Jute,678,299,59.52,0.28,625.98,696,806.64,0.81,2124.22
Metal Craft,Silk,1498,970,26.44,3.84,2743.66,3335,4106.91,0.91,5563.34
Bamboo Basket,Cotton,187,867,11.67,3.21,364.35,452,569.97,0.68,2044.75
Terracotta,Cane,1345,294,20.39,3.02,2541.88,2821,3476.15,0.7,4100.22
Pottery,Wood,1315,61,5.99,4.04,391.07,496,586.48,0.85,2460.07
Handloom Saree,Cane,1478,561,15.64,3.64,2424.09,2943,3379.3,0.66,4569.77
Pottery,Terracotta,387,505,43.84,3.02,1362.56,1532,1712.3,0.43,2306.62
Jute Bag,Brass,206,943,32.34,4.38,2662.22,3346,3675.1,0.76,3908.03
Terracotta,Cotton,84,477,11.35,2.0,1226.13,1326,1499.1,0.83,1891.7
Cane Furniture,Jute,705,791,20.11,3.91,350.8,457,589.13,0.84,2708.71
Jute Bag,Cotton,1218,949,38.66,0.1,1756.72,2178,2564.76,0.64,4415.54
Handloom Saree,Terracotta,547,247,53.84,1.74,3522.14,3769,4501.44,0.98,3610.24
Handmade Jewellery,Cane,619,200,45.54,1.44,3108.17,3532,4109.48,0.32,3308.72
Wooden Craft,Wood,652,952,53.44,4.07,1125.19,1392,1542.65,0.69,3351.27
Bamboo Basket,Cane,1237,310,26.31,2.71,1313.65,1584,1757.21,0.31,3296.7
Bamboo Basket,Brass,521,211,6.45,3.71,691.97,880,1052.02,0.97,1763.1
Bamboo Basket,Cane,1290,248,19.55,2.12,2888.1,3551,4391.08,0.23,4123.39
Wooden Craft,Jute,1042,995,9.22,3.78,3334.45,3963,4242.14,0.98,5239.63
Cane Furniture,Jute,1313,138,22.42,4.42,736.35,859,951.86,0.47,2650.52
Bamboo Basket,Terracotta,1293,768,45.69,1.25,335.57,387,435.38,0.7,3327.59
Embroidered Cloth,Cane,136,1148,23.75,4.03,2908.09,3554,4207.21,0.72,4127.21
Pottery,Beads,1495,962,56.74,0.25,319.4,385,480.18,0.37,3623.96
Jute Bag,Beads,239,406,5.96,0.8,1306.18,1655,2042.5,0.27,1966.21
Terracotta,Jute,733,1025,17.77,0.53,2561.69,2851,3504.83,0.69,4244.35
Metal Craft,Cotton,531,164,7.36,2.31,993.51,1060,1176.95,0.83,1834.88
Jute Bag,Cane,910,631,20.55,3.99,2928.73,3604,4618.37,0.56,4440.44
Embroidered Cloth,Clay,140,1075,12.4,2.94,1846.61,2170,2435.89,0.22,2982.77
Handmade Jewellery,Jute,858,945,17.3,4.36,1639.76,1911,2015.93,0.95,3972.82
Handloom Saree,Cane,1387,1153,24.24,3.52,1718.97,1850,2363.74,0.86,4843.76
Handloom Saree,Wood,1274,117,32.61,0.67,1221.1,1376,1569.02,0.86,2943.74
Cane Furniture,Brass,182,478,52.19,1.27,2080.93,2304,2487.26,0.96,2700.22
Embroidered Cloth,Terracotta,736,958,42.45,4.3,2280.48,2718,2903.78,0.46,4112.76
Bamboo Basket,Silk,738,1089,14.34,1.71,2338.29,2527,3116.3,0.31,3998.72
Jute Bag,Clay,949,1034,12.66,1.65,1770.54,2180,2699.25,0.21,3961.8
Handmade Jewellery,Cotton,157,917,6.15,1.46,1396.24,1637,1857.57,0.86,2646.9
Bamboo Basket,Clay,853,488,29.48,0.2,1338.53,1432,1644.26,0.37,2609.79
Embroidered Cloth,Clay,285,1079,37.92,2.22,3098.33,3542,3779.56,0.65,4160.07
Terracotta,Jute,1068,973,46.63,4.27,1702.27,2176,2688.33,0.32,4284.12
Pottery,Silk,296,314,37.93,4.6,1565.17,1657,1818.88,0.88,2182.45
Terracotta,Cotton,1446,564,44.88,1.77,382.79,472,545.34,0.52,3168.48
Pottery,Wood,195,975,12.8,1.46,1441.45,1784,2027.57,0.97,3012.85
Terracotta,Cane,540,654,20.6,1.66,1154.75,1329,1627.82,0.49,2755.17
Cane Furniture,Bamboo,1257,973,15.0,0.38,1731.67,2213,2481.94,0.95,4440.06
Cane Furniture,Brass,555,486,16.02,1.56,1431.08,1834,2036.23,0.76,2691.1
Cane Furniture,Cane,1299,169,13.8,1.33,2143.54,2550,2957.53,0.51,3425.25
Pottery,Brass,180,66,53.52,3.12,2755.75,3119,3586.96,0.93,2565.19
Handloom Saree,Silk,83,108,55.23,1.25,2927.14,3378,4219.99,0.32,2509.38
Terracotta,Bamboo,1323,960,20.5,1.49,2099.27,2491,2683.39,0.48,4687.78
Cane Furniture,Cotton,1180,680,8.07,3.2,1493.92,1671,2119.19,0.22,3619.21
Bamboo Basket,Silk,1054,1065,41.84,0.89,3228.73,3737,4659.64,0.54,5248.39
Bamboo Basket,Clay,897,400,47.8,4.45,313.91,331,420.33,0.45,2304.85
Wooden Craft,Cotton,1276,457,24.4,0.33,2512.99,3187,3652.67,0.36,4408.61
Wooden Craft,Bamboo,1397,444,16.79,1.95,1880.58,2154,2362.02,0.31,3870.43
Wooden Craft,Brass,953,319,25.53,3.73,1193.56,1299,1518.64,0.28,2747.78
Bamboo Basket,Silk,1487,1067,31.74,4.81,1342.93,1639,1741.02,0.59,4573.11
Cane Furniture,Terracotta,885,419,16.07,1.47,228.5,294,328.57,0.96,2149.88
Wooden Craft,Silk,1081,301,55.56,4.68,2370.82,2587,2895.78,0.85,3754.91
Pottery,Wood,478,646,38.15,3.83,1812.11,2403,3014.7,0.88,3257.09
Terracotta,Terracotta,662,571,31.98,4.34,1615.95,1837,2203.9,0.25,2899.88
Bamboo Basket,Silk,1259,183,29.25,3.92,1767.84,2130,2761.43,0.84,3509.09
Bamboo Basket,Cane,940,974,28.97,2.7,2354.52,2528,2781.03,0.58,4319.29
Embroidered Cloth,Wood,779,677,8.81,3.09,1708.3,2177,2473.92,0.33,3265.47
Wooden Craft,Wood,1468,644,51.88,4.93,1985.93,2266,2793.32,0.76,4533.46
Jute Bag,Bamboo,1341,896,26.26,2.75,1589.69,1821,2217.97,0.98,4263.12
Wooden Craft,Silk,1424,1081,25.0,2.97,1778.46,2213,2599.23,0.68,4833.02
Bamboo Basket,Cotton,897,547,5.84,4.74,1393.62,1837,2323.82,0.58,3202.05
Metal Craft,Cotton,634,845,12.38,1.36,865.8,1136,1225.3,0.82,2919.51
Jute Bag,Bamboo,1461,708,18.7,1.64,2860.51,3717,4398.42,0.8,5186.99
Bamboo Basket,Terracotta,1222,275,43.69,1.64,511.04,664,760.61,0.99,2633.64
Cane Furniture,Cotton,862,180,8.83,1.65,3011.21,3535,4233.33,0.58,3578.39
Pottery,Terracotta,1494,793,16.24,2.72,1956.73,2457,2886.92,0.94,4769.66
Bamboo Basket,Wood,761,241,41.82,3.24,1158.03,1509,1936.74,0.39,2469.71
Bamboo Basket,Cane,1433,898,33.67,4.65,2497.95,2879,3224.07,0.47,4860.4
Handmade Jewellery,Jute,335,303,6.9,4.94,1313.79,1451,1547.13,0.21,1886.72
Embroidered Cloth,Cane,869,730,26.33,1.98,572.49,622,743.58,0.69,2868.14
Jute Bag,Jute,776,1013,50.82,0.76,142.42,186,227.02,0.69,2950.34
Handmade Jewellery,Silk,1382,901,45.88,0.93,1379.28,1617,1851.91,0.69,4337.14
Terracotta,Bamboo,998,770,33.53,1.38,1415.86,1813,2251.78,0.28,3536.12
Embroidered Cloth,Brass,1236,755,33.02,0.7,3385.61,3975,4832.77,0.92,5310.18
Pottery,Terracotta,428,181,31.87,0.83,1776.5,2124,2447.33,0.2,2212.12
Cane Furniture,Wood,116,521,46.83,2.89,372.51,405,455.35,0.56,1417.17
Cane Furniture,Bamboo,578,772,19.41,3.86,2540.57,3194,3997.68,0.73,4012.31
Pottery,Beads,719,512,25.21,4.2,799.58,873,1042.52,0.29,2531.26
Metal Craft,Wood,1087,169,52.67,0.35,2295.89,2666,3357.18,0.86,3631.03
Terracotta,Jute,1362,561,55.72,2.02,557.05,715,765.55,0.9,3424.12
Handmade Jewellery,Beads,305,248,52.74,1.68,1602.27,1909,2424.08,0.83,2094.1
Bamboo Basket,Cotton,132,1147,41.34,3.93,299.41,333,363.42,0.97,2502.63
Cane Furniture,Brass,526,493,25.31,3.53,3221.67,3431,3908.06,0.94,3579.8
Terracotta,Wood,569,294,6.67,1.07,326.13,433,456.05,0.7,1637.09
Jute Bag,Silk,246,334,21.75,3.02,227.41,264,332.83,0.21,1125.11
Pottery,Bamboo,1277,716,27.41,2.65,679.31,840,1028.85,0.68,3461.62
Metal Craft,Brass,452,81,55.2,3.63,1480.97,1756,2039.76,0.84,2307.61
Metal Craft,Bamboo,66,903,20.97,2.86,2239.82,2891,3562.12,0.8,3330.54
Jute Bag,Clay,804,1121,53.01,4.18,1269.73,1456,1558.6,0.91,3826.23
Pottery,Jute,1478,607,51.29,2.87,2550.37,3371,3573.98,0.92,5159.3
Handloom Saree,Silk,1285,755,22.38,4.16,3701.56,3974,4686.37,0.53,5244.51
Embroidered Cloth,Clay,1158,585,43.74,0.66,2643.39,3443,4259.77,0.7,4565.89
Handmade Jewellery,Terracotta,872,338,13.28,2.47,2500.56,3304,3524.93,0.27,3558.62
Pottery,Cotton,238,925,31.19,2.07,2552.63,3082,3534.31,0.48,3602.83
Metal Craft,Wood,529,66,39.27,2.54,993.05,1213,1315.37,0.2,1616.08
Handmade Jewellery,Silk,1336,1097,47.61,2.17,3236.67,3905,4965.34,0.21,5683.8
Metal Craft,Brass,1262,504,18.15,1.29,427.32,518,634.53,0.72,2948.34
Wooden Craft,Wood,637,759,5.69,1.36,1000.14,1054,1240.77,0.24,2383.58
Embroidered Cloth,Wood,796,595,21.66,3.26,3613.24,3846,4290.17,0.77,4342.15
Pottery,Beads,582,946,7.28,4.49,3212.98,3840,4767.63,0.81,4493.44
Embroidered Cloth,Brass,769,237,11.97,1.54,1475.55,1893,2200.46,0.43,2448.94
Embroidered Cloth,Silk,54,889,9.19,4.5,1988.07,2152,2298.03,0.72,2863.77
Cane Furniture,Cotton,947,840,29.04,4.47,1505.77,1886,2197.79,0.8,3981.05
Jute Bag,Brass,50,1042,20.75,2.51,820.77,911,997.82,0.76,2401.72
Metal Craft,Clay,1171,606,51.96,2.55,629.77,704,904.1,0.77,3281.22
Jute Bag,Cotton,607,730,19.85,0.68,2629.26,3097,3818.71,0.73,3934.95
Handmade Jewellery,Clay,373,1114,7.55,2.2,2558.87,2832,3263.79,0.38,3753.8
Pottery,Terracotta,604,1107,28.53,1.76,3031.89,3792,4289.07,0.52,4742.09
Handmade Jewellery,Clay,667,839,12.36,1.15,3090.98,3866,4191.47,0.62,4609.6
Cane Furniture,Terracotta,701,707,17.08,4.05,749.57,905,998.61,0.65,2845.98
Wooden Craft,Terracotta,256,838,55.14,0.48,394.59,422,516.42,0.7,2199.89
Terracotta,Cotton,1029,414,12.3,3.72,1514.3,1938,2354.55,0.69,3296.58
Handloom Saree,Jute,313,529,29.25,0.94,2587.4,3003,3853.18,0.59,3052.29
Pottery,Cane,701,332,19.36,3.07,2757.09,2959,3374.94,0.99,3452.15
Bamboo Basket,Bamboo,474,1077,39.86,0.33,1775.19,2177,2761.22,0.64,3577.75
Terracotta,Jute,1001,1014,15.19,1.48,2149.17,2467,2902.45,0.75,4403.21
Metal Craft,Jute,1300,1133,46.37,2.33,2477.61,2624,3373.37,1.0,5113.69
Cane Furniture,Cotton,380,150,34.3,1.61,2839.03,3565,3901.93,0.45,2793.96
Wooden Craft,Brass,343,228,13.84,3.49,1687.67,1800,2141.65,0.52,1931.93
Bamboo Basket,Brass,900,1167,26.02,0.26,1007.11,1213,1324.4,0.42,3785.88
Bamboo Basket,Bamboo,811,192,13.24,3.92,537.32,582,617.07,0.6,1717.78
Embroidered Cloth,Jute,1247,870,12.33,1.54,2391.35,2659,3021.56,0.59,4406.38
Terracotta,Brass,728,176,59.68,1.79,2466.93,2691,3205.77,0.65,3218.18
Wooden Craft,Cotton,494,1194,38.68,4.22,1539.49,1929,2112.03,0.7,3893.83
Jute Bag,Brass,1454,566,29.4,4.99,1332.12,1605,1972.83,0.91,3927.98
Embroidered Cloth,Terracotta,377,97,36.93,1.79,2663.91,3282,3866.5,0.83,2848.29
Metal Craft,Terracotta,1473,449,44.09,2.05,2122.32,2535,3205.7,0.21,4173.39
Handloom Saree,Wood,78,800,35.24,1.57,1128.89,1258,1404.61,0.96,2299.94
Terracotta,Jute,1098,694,55.37,3.59,2794.67,2960,3705.52,0.31,4431.96
Cane Furniture,Wood,815,276,50.86,3.01,300.74,361,449.52,0.47,2007.81
Embroidered Cloth,Bamboo,276,1192,46.52,1.57,1778.1,1910,2272.13,0.65,3633.8
Pottery,Bamboo,416,673,15.51,2.34,1637.45,2077,2349.52,0.48,2774.89
Handmade Jewellery,Jute,1482,513,57.11,1.76,1017.03,1304,1660.85,0.32,3675.13
Wooden Craft,Cane,780,214,56.61,3.4,1707.74,2109,2271.13,0.2,2815.15
Embroidered Cloth,Terracotta,925,509,44.08,2.44,3031.72,3855,4425.75,0.42,4222.5
Jute Bag,Cane,130,156,32.32,0.63,684.87,840,940.78,0.58,1221.96
Handloom Saree,Terracotta,1359,1103,38.6,4.05,795.83,944,1093.42,0.42,4122.31
Cane Furniture,Cane,163,504,9.55,0.21,442.45,497,562.5,0.31,1289.21
Terracotta,Clay,106,134,56.04,0.94,3543.21,3863,4357.36,0.97,3053.06
Cane Furniture,Cane,573,1196,22.0,1.69,1246.96,1419,1725.95,0.3,3321.81
Metal Craft,Wood,1376,810,27.96,4.01,3040.7,3276,3959.35,0.62,5071.81
Handmade Jewellery,Silk,204,849,50.21,3.47,3063.14,3791,4498.42,0.7,4040.72
Handmade Jewellery,Silk,1010,190,33.9,0.69,876.3,1054,1246.51,0.78,2441.0
Pottery,Clay,913,562,25.51,3.85,3242.64,3672,4501.34,0.22,4242.05
Jute Bag,Beads,322,700,17.65,3.78,2684.78,2997,3367.69,0.39,3325.06
Handmade Jewellery,Brass,661,655,14.24,4.55,1746.78,2262,2919.2,0.94,3581.35
Metal Craft,Jute,980,664,30.38,4.4,2555.21,3146,3839.44,0.77,4220.75
Pottery,Cotton,454,1090,21.55,1.95,1266.96,1593,1709.62,0.56,3303.8
Pottery,Bamboo,385,807,30.0,0.26,2242.32,2962,3120.79,0.35,3454.45
Metal Craft,Clay,1012,402,36.52,3.53,2418.33,3065,3278.99,0.47,3982.1
Pottery,Wood,454,771,7.09,1.16,822.36,995,1111.0,0.85,2406.21
Handmade Jewellery,Beads,986,191,47.47,4.31,226.71,257,276.53,0.88,2162.45
Cane Furniture,Terracotta,767,230,29.52,2.07,2537.43,3198,4008.05,0.2,3423.54
Metal Craft,Bamboo,247,253,6.5,4.15,584.55,753,832.74,0.6,1303.48
Cane Furniture,Cane,224,976,49.98,0.72,2957.8,3235,4148.67,0.39,3709.12
Cane Furniture,Silk,977,457,41.04,2.54,141.98,150,193.91,0.61,2512.64
Pottery,Bamboo,1379,652,15.47,2.45,1954.58,2588,3228.05,0.51,4375.85
Terracotta,Silk,524,1148,32.24,4.28,2451.44,3032,3886.66,0.63,4331.31
Pottery,Silk,590,833,41.78,0.31,3228.4,3536,4240.78,0.24,4251.17
Handmade Jewellery,Silk,290,745,33.99,3.73,198.85,243,277.87,0.6,1895.43
Metal Craft,Brass,615,1119,29.76,0.72,1790.86,2351,2735.51,0.34,3874.79
Metal Craft,Beads,906,204,16.31,0.99,2358.87,3079,3944.98,0.63,3451.57
Wooden Craft,Clay,72,697,21.08,4.38,2966.53,3573,4202.56,0.8,3442.24
Jute Bag,Brass,832,1122,32.35,1.05,2871.3,3227,3959.8,0.73,4733.43
Wooden Craft,Cotton,1258,137,14.81,0.57,1149.39,1446,1684.86,0.61,2686.74
Handloom Saree,Wood,1001,60,12.2,4.78,834.74,1030,1211.5,0.58,2113.71
Jute Bag,Bamboo,571,990,18.35,3.06,386.7,447,548.12,0.7,2636.27
Metal Craft,Clay,1009,1179,25.25,0.96,2227.25,2767,3541.89,0.42,4685.38
Wooden Craft,Brass,143,404,52.76,4.05,1427.9,1849,2143.98,0.49,2231.39
Bamboo Basket,Terracotta,1069,745,33.38,3.16,365.89,484,618.61,0.3,3036.34
Handmade Jewellery,Cotton,360,536,22.74,4.87,1389.13,1847,2082.91,0.61,2729.37
Handloom Saree,Cane,1407,785,43.23,2.59,1951.52,2182,2747.05,0.4,4368.6
Terracotta,Bamboo,1028,585,15.24,0.35,1737.57,2274,2677.65,0.27,3619.91
